country,lang,generatedAt,source,currency,divisions,league,club,clubEnglish,clubKey,clubLogo,direction,date,player,roman,playerId,transferId,dqdId,dqdNationality,nameSource,age,pos,position,nationality,nationalityFlag,otherClub,transferType,type,ftype,marketValue,marketValueNum,fee,feeValue,matched,rowMuted
China,zh,2026-08-11 12:16 UTC,Transfermarkt 中国中超/中甲/中乙 2026 夏季转会,€,中超|中甲|中乙,中超,上海海港,Shanghai Port,shanghai-port,https://tmssl.akamaized.net//images/wappen/homepageSmall/27190.png?lm=1702165860,in,2026-06-18,崔峻诚,Juncheng Cui,1436253,6383811,51138251,中国,懂球帝,19,RW,Right Winger,China,https://tmssl.akamaized.net//images/flagge/tiny/34.png?lm=1520611569,上海海港B队,,promotion,,?,,Promotion,,true,
China,zh,2026-08-11 12:16 UTC,Transfermarkt 中国中超/中甲/中乙 2026 夏季转会,€,中超|中甲|中乙,中超,上海海港,Shanghai Port,shanghai-port,https://tmssl.akamaized.net//images/wappen/homepageSmall/27190.png?lm=1702165860,in,2026-06-18,李瑞龙,Ruilong Li,1382898,6383805,51093650,中国,懂球帝,19,DM,Defensive Midfield,China,https://tmssl.akamaized.net//images/flagge/tiny/34.png?lm=1520611569,上海海港B队,,promotion,,?,,Promotion,,true,
China,zh,2026-08-11 12:16 UTC,Transfermarkt 中国中超/中甲/中乙 2026 夏季转会,€,中超|中甲|中乙,中超,上海海港,Shanghai Port,shanghai-port,https://tmssl.akamaized.net//images/wappen/homepageSmall/27190.png?lm=1702165860,in,2026-06-18,温钧翔,Junxiang Wen,1382897,6383807,51093647,中国,懂球帝,18,CF,Centre-Forward,China,https://tmssl.akamaized.net//images/flagge/tiny/34.png?lm=1520611569,上海海港B队,,promotion,,?,,Promotion,,true,
China,zh,2026-08-11 12:16 UTC,Transfermarkt 中国中超/中甲/中乙 2026 夏季转会,€,中超|中甲|中乙,中超,上海海港,Shanghai Port,shanghai-port,https://tmssl.akamaized.net//images/wappen/homepageSmall/27190.png?lm=1702165860,in,2026-06-18,张俊杰,Junjie Zhang,1068100,6383810,50795375,中国,懂球帝,19,LW,Left Winger,China,https://tmssl.akamaized.net//images/flagge/tiny/34.png?lm=1520611569,上海海港B队,,promotion,,?,,Promotion,,true,
China,zh,2026-08-11 12:16 UTC,Transfermarkt 中国中超/中甲/中乙 2026 夏季转会,€,中超|中甲|中乙,中超,上海海港,Shanghai Port,shanghai-port,https://tmssl.akamaized.net//images/wappen/homepageSmall/27190.png?lm=1702165860,out,2026-06-18,王丹,Dan Wang,1423231,6383752,51125767,中国,懂球帝,20,CF,Centre-Forward,China,https://tmssl.akamaized.net//images/flagge/tiny/34.png?lm=1520611569,上海海港B队,,other,,?,,?,,true,
China,zh,2026-08-11 12:16 UTC,Transfermarkt 中国中超/中甲/中乙 2026 夏季转会,€,中超|中甲|中乙,中超,上海海港,Shanghai Port,shanghai-port,https://tmssl.akamaized.net//images/wappen/homepageSmall/27190.png?lm=1702165860,out,2026-06-18,姜宇斐,Yufei Jiang,1520572,6383753,51211543,中国,懂球帝,19,DF,Defender,China,https://tmssl.akamaized.net//images/flagge/tiny/34.png?lm=1520611569,上海海港B队,,other,,?,,?,,true,
China,zh,2026-08-11 12:16 UTC,Transfermarkt 中国中超/中甲/中乙 2026 夏季转会,€,中超|中甲|中乙,中超,上海海港,Shanghai Port,shanghai-port,https://tmssl.akamaized.net//images/wappen/homepageSmall/27190.png?lm=1702165860,out,2026-06-18,王晶磊,Jinglei Wang,1382894,6383754,51093648,中国,懂球帝,19,LB,Left-Back,China,https://tmssl.akamaized.net//images/flagge/tiny/34.png?lm=1520611569,上海海港B队,,other,,?,,?,,true,
China,zh,2026-08-11 12:16 UTC,Transfermarkt 中国中超/中甲/中乙 2026 夏季转会,€,中超|中甲|中乙,中超,上海海港,Shanghai Port,shanghai-port,https://tmssl.akamaized.net//images/wappen/homepageSmall/27190.png?lm=1702165860,out,2026-06-18,梁锦鸿,Jinhong Liang,1430645,6383756,51137790,中国,懂球帝,17,CM,Central Midfield,China,https://tmssl.akamaized.net//images/flagge/tiny/34.png?lm=1520611569,上海海港B队,,other,,?,,?,,true,
China,zh,2026-08-11 12:16 UTC,Transfermarkt 中国中超/中甲/中乙 2026 夏季转会,€,中超|中甲|中乙,中超,上海申花,Shanghai Shenhua,shanghai-shenhua,https://tmssl.akamaized.net//images/wappen/homepageSmall/3183.png?lm=1716027760,in,2026-06-30,孙冬阳,Dongyang Sun,1405580,6451533,50946873,中国,懂球帝,18,GK,Goalkeeper,China,https://tmssl.akamaized.net//images/flagge/tiny/34.png?lm=1520611569,Shanghai Shenhua U19,,promotion,,?,,Promotion,,true,
China,zh,2026-08-11 12:16 UTC,Transfermarkt 中国中超/中甲/中乙 2026 夏季转会,€,中超|中甲|中乙,中超,成都蓉城,Chengdu Rongcheng,chengdu-rongcheng,https://tmssl.akamaized.net//images/wappen/homepageSmall/65791.png?lm=1735794024,in,2026-06-19,帅惟浩,Weihao Shuai,1382253,6368995,51053075,中国,懂球帝,17,CF,Centre-Forward,China,https://tmssl.akamaized.net//images/flagge/tiny/34.png?lm=1520611569,Chengdu Derui Football Training Center,,free,,€225k,0.225,Free,0.0,true,
China,zh,2026-08-11 12:16 UTC,Transfermarkt 中国中超/中甲/中乙 2026 夏季转会,€,中超|中甲|中乙,中超,成都蓉城,Chengdu Rongcheng,chengdu-rongcheng,https://tmssl.akamaized.net//images/wappen/homepageSmall/65791.png?lm=1735794024,out,2026-06-20,唐梓程,Zicheng Tang,1376884,6383840,51087957,中国,懂球帝,18,GK,Goalkeeper,China,https://tmssl.akamaized.net//images/flagge/tiny/34.png?lm=1520611569,成都蓉城B队,,other,,?,,?,,true,
China,zh,2026-08-11 12:16 UTC,Transfermarkt 中国中超/中甲/中乙 2026 夏季转会,€,中超|中甲|中乙,中超,大连英博,Dalian Yingbo,dalian-yingbo,https://tmssl.akamaized.net//images/wappen/homepageSmall/98080.png?lm=1735960419,out,2026-06-25,李昂,Ang Li,277767,6382375,50211957,中国,懂球帝,32,CB,Centre-Back,China,https://tmssl.akamaized.net//images/flagge/tiny/34.png?lm=1520611569,武汉三镇,,loan,,€100k,0.1,Loan,,true,
China,zh,2026-08-11 12:16 UTC,Transfermarkt 中国中超/中甲/中乙 2026 夏季转会,€,中超|中甲|中乙,中超,深圳新鹏城,Shenzhen Peng City,shenzhen-peng-city,https://tmssl.akamaized.net//images/wappen/homepageSmall/51120.png?lm=1773950007,out,2026-06-18,Filip Benkovic,,293168,6451570,,,,28,CB,Centre-Back,Croatia,https://tmssl.akamaized.net//images/flagge/tiny/37.png?lm=1520611569,Shenzhen Peng City Reserves,,other,,€1.00m,1.0,?,,true,
China,zh,2026-08-11 12:16 UTC,Transfermarkt 中国中超/中甲/中乙 2026 夏季转会,€,中超|中甲|中乙,中超,武汉三镇,Wuhan Three Towns,wuhan-three-towns,https://tmssl.akamaized.net//images/wappen/homepageSmall/70657.png?lm=1735794044,in,2026-06-25,李昂,Ang Li,277767,6382375,50211957,中国,懂球帝,32,CB,Centre-Back,China,https://tmssl.akamaized.net//images/flagge/tiny/34.png?lm=1520611569,大连英博,,loan,,€100k,0.1,Loan,,true,
China,zh,2026-08-11 12:16 UTC,Transfermarkt 中国中超/中甲/中乙 2026 夏季转会,€,中超|中甲|中乙,中超,武汉三镇,Wuhan Three Towns,wuhan-three-towns,https://tmssl.akamaized.net//images/wappen/homepageSmall/70657.png?lm=1735794044,in,2026-06-19,徐正鹏,Zhengpeng Xu,1281972,6451577,51003082,中国,懂球帝,17,DM,Defensive Midfield,China,https://tmssl.akamaized.net//images/flagge/tiny/34.png?lm=1520611569,Wuhan Three Towns Youth,,promotion,,?,,Promotion,,true,
China,zh,2026-08-11 12:16 UTC,Transfermarkt 中国中超/中甲/中乙 2026 夏季转会,€,中超|中甲|中乙,中超,武汉三镇,Wuhan Three Towns,wuhan-three-towns,https://tmssl.akamaized.net//images/wappen/homepageSmall/70657.png?lm=1735794044,out,2026-06-19,郑伊然,Yiran Zheng,1520804,6451584,51211550,中国,懂球帝,19,GK,Goalkeeper,China,https://tmssl.akamaized.net//images/flagge/tiny/34.png?lm=1520611569,武汉三镇B队,,other,,?,,?,,true,
China,zh,2026-08-11 12:16 UTC,Transfermarkt 中国中超/中甲/中乙 2026 夏季转会,€,中超|中甲|中乙,中超,武汉三镇,Wuhan Three Towns,wuhan-three-towns,https://tmssl.akamaized.net//images/wappen/homepageSmall/70657.png?lm=1735794044,out,2026-06-30,夏晓曦,Xiaoxi Xia,1014269,6451575,50753390,中国,懂球帝,21,LW,Left Winger,China,https://tmssl.akamaized.net//images/flagge/tiny/34.png?lm=1520611569,武汉三镇B队,,other,,€75k,0.075,?,,true,
China,zh,2026-08-11 12:16 UTC,Transfermarkt 中国中超/中甲/中乙 2026 夏季转会,€,中超|中甲|中乙,中超,武汉三镇,Wuhan Three Towns,wuhan-three-towns,https://tmssl.akamaized.net//images/wappen/homepageSmall/70657.png?lm=1735794044,out,2026-06-30,阮景威,Jingwei Ruan,1266954,6451579,50976493,中国,懂球帝,21,CB,Centre-Back,China,https://tmssl.akamaized.net//images/flagge/tiny/34.png?lm=1520611569,武汉三镇B队,,other,,€50k,0.05,?,,true,
China,zh,2026-08-11 12:16 UTC,Transfermarkt 中国中超/中甲/中乙 2026 夏季转会,€,中超|中甲|中乙,中超,青岛海牛,Qingdao Hainiu,qingdao-hainiu,https://tmssl.akamaized.net//images/wappen/homepageSmall/8536.png?lm=1757274081,in,2026-06-18,伊鑫阳,Xinyang Yi,1396517,6451587,51105080,中国,懂球帝,20,DF,Defender,China,https://tmssl.akamaized.net//images/flagge/tiny/34.png?lm=1520611569,Qingdao Hainiu U20,,promotion,,?,,Promotion,,true,
China,zh,2026-08-11 12:16 UTC,Transfermarkt 中国中超/中甲/中乙 2026 夏季转会,€,中超|中甲|中乙,中超,青岛海牛,Qingdao Hainiu,qingdao-hainiu,https://tmssl.akamaized.net//images/wappen/homepageSmall/8536.png?lm=1757274081,in,2026-06-18,崔靖尧,Jingyao Cui,1396521,6451588,51105083,中国,懂球帝,20,MF,Midfielder,China,https://tmssl.akamaized.net//images/flagge/tiny/34.png?lm=1520611569,Qingdao Hainiu U20,,promotion,,?,,Promotion,,true,
China,zh,2026-08-11 12:16 UTC,Transfermarkt 中国中超/中甲/中乙 2026 夏季转会,€,中超|中甲|中乙,中超,辽宁铁人,Liaoning Tieren,liaoning-tieren,https://tmssl.akamaized.net//images/wappen/homepageSmall/50973.png?lm=1744453839,in,2026-06-25,吴明屿,Mingyu Wu,1478507,6451624,51146221,中国,懂球帝,19,CB,Centre-Back,China,https://tmssl.akamaized.net//images/flagge/tiny/34.png?lm=1520611569,Liaoning Tieren U19,,promotion,,?,,Promotion,,true,
China,zh,2026-08-11 12:16 UTC,Transfermarkt 中国中超/中甲/中乙 2026 夏季转会,€,中超|中甲|中乙,中超,辽宁铁人,Liaoning Tieren,liaoning-tieren,https://tmssl.akamaized.net//images/wappen/homepageSmall/50973.png?lm=1744453839,out,2026-06-25,Hanbo Zhang,,1521968,6451620,,,,20,GK,Goalkeeper,China,https://tmssl.akamaized.net//images/flagge/tiny/34.png?lm=1520611569,Liaoning Tieren U20,,other,,?,,?,,true,
China,zh,2026-08-11 12:16 UTC,Transfermarkt 中国中超/中甲/中乙 2026 夏季转会,€,中超|中甲|中乙,中甲,梅州客家,Meizhou Hakka,meizhou-hakka,https://tmssl.akamaized.net//images/wappen/homepageSmall/38929.png?lm=1763155035,in,2026-06-25,Hamza Sakhi,,263951,6382523,,,,30,AM,Attacking Midfield,Morocco,https://tmssl.akamaized.net//images/flagge/tiny/107.png?lm=1520611569,Wydad Casablanca,,free,,€450k,0.45,Free,0.0,true,
China,zh,2026-08-11 12:16 UTC,Transfermarkt 中国中超/中甲/中乙 2026 夏季转会,€,中超|中甲|中乙,中甲,梅州客家,Meizhou Hakka,meizhou-hakka,https://tmssl.akamaized.net//images/wappen/homepageSmall/38929.png?lm=1763155035,in,2026-06-23,余炜廉,Wai-Lim Yu,429088,6377165,50255324,中国香港,懂球帝,27,CB,Centre-Back,Hongkong,https://tmssl.akamaized.net//images/flagge/tiny/218.png?lm=1520611569,Lee Man,,free,,€100k,0.1,Free,0.0,true,
China,zh,2026-08-11 12:16 UTC,Transfermarkt 中国中超/中甲/中乙 2026 夏季转会,€,中超|中甲|中乙,中甲,梅州客家,Meizhou Hakka,meizhou-hakka,https://tmssl.akamaized.net//images/wappen/homepageSmall/38929.png?lm=1763155035,in,2026-06-22,朱宝杰,Baojie Zhu,211068,6374348,50021066,中国,懂球帝,36,DM,Defensive Midfield,China,https://tmssl.akamaized.net//images/flagge/tiny/34.png?lm=1520611569,宁波队,,free,,€10k,0.01,Free,0.0,true,
China,zh,2026-08-11 12:16 UTC,Transfermarkt 中国中超/中甲/中乙 2026 夏季转会,€,中超|中甲|中乙,中甲,梅州客家,Meizhou Hakka,meizhou-hakka,https://tmssl.akamaized.net//images/wappen/homepageSmall/38929.png?lm=1763155035,out,2026-06-22,胡皓然,Haoran Hu,662501,6374351,50562781,中国,懂球帝,26,GK,Goalkeeper,China,https://tmssl.akamaized.net//images/flagge/tiny/34.png?lm=1520611569,长春喜都,,free,,€50k,0.05,Free,0.0,true,
China,zh,2026-08-11 12:16 UTC,Transfermarkt 中国中超/中甲/中乙 2026 夏季转会,€,中超|中甲|中乙,中甲,梅州客家,Meizhou Hakka,meizhou-hakka,https://tmssl.akamaized.net//images/wappen/homepageSmall/38929.png?lm=1763155035,out,2026-06-21,么旭辰,Xuchen Yao,577830,6373245,50491543,中国,懂球帝,26,RW,Right Winger,China,https://tmssl.akamaized.net//images/flagge/tiny/34.png?lm=1520611569,大连可为,,free,,€25k,0.025,Free,0.0,true,
China,zh,2026-08-11 12:16 UTC,Transfermarkt 中国中超/中甲/中乙 2026 夏季转会,€,中超|中甲|中乙,中甲,梅州客家,Meizhou Hakka,meizhou-hakka,https://tmssl.akamaized.net//images/wappen/homepageSmall/38929.png?lm=1763155035,out,2026-06-21,希尔扎提-努尔,Sherzat Nur,789649,6374340,50652585,中国,懂球帝,22,CM,Central Midfield,China,https://tmssl.akamaized.net//images/flagge/tiny/34.png?lm=1520611569,湖北青年星,,other,,€75k,0.075,?,,true,
China,zh,2026-08-11 12:16 UTC,Transfermarkt 中国中超/中甲/中乙 2026 夏季转会,€,中超|中甲|中乙,中甲,长春亚泰,Changchun Yatai,changchun-yatai,https://tmssl.akamaized.net//images/wappen/homepageSmall/4768.png?lm=1406123036,in,2026-07-03,周大地,Dadi Zhou,316345,6399459,50229727,中国,懂球帝,30,LM,Left Midfield,China,https://tmssl.akamaized.net//images/flagge/tiny/34.png?lm=1520611569,佛山南狮,,free,,€75k,0.075,Free,0.0,true,
China,zh,2026-08-11 12:16 UTC,Transfermarkt 中国中超/中甲/中乙 2026 夏季转会,€,中超|中甲|中乙,中甲,广东广州豹,Guangdong GZ-Power,guangdong-gz-power,https://tmssl.akamaized.net//images/wappen/homepageSmall/107713.png?lm=1777215383,in,2026-06-26,王贺毅,Heyi Wang,1484214,6451631,51183686,中国,懂球帝,17,MF,Midfielder,China,https://tmssl.akamaized.net//images/flagge/tiny/34.png?lm=1520611569,Guangdong GZ-Power Youth,,promotion,,?,,Promotion,,true,
China,zh,2026-08-11 12:16 UTC,Transfermarkt 中国中超/中甲/中乙 2026 夏季转会,€,中超|中甲|中乙,中甲,广东广州豹,Guangdong GZ-Power,guangdong-gz-power,https://tmssl.akamaized.net//images/wappen/homepageSmall/107713.png?lm=1777215383,in,2026-06-26,韦文宁,Wenning Wei,1379278,6451632,51089880,中国,懂球帝,18,FW,Striker,China,https://tmssl.akamaized.net//images/flagge/tiny/34.png?lm=1520611569,Guangdong GZ-Power Youth,,promotion,,?,,Promotion,,true,
China,zh,2026-08-11 12:16 UTC,Transfermarkt 中国中超/中甲/中乙 2026 夏季转会,€,中超|中甲|中乙,中甲,定南赣联,Dingnan United,dingnan-united,https://tmssl.akamaized.net//images/wappen/homepageSmall/45500.png?lm=1775167660,in,2026-06-26,杜君鹏,Junpeng Du,231434,6382722,50118659,中国,懂球帝,35,CB,Centre-Back,China,https://tmssl.akamaized.net//images/flagge/tiny/34.png?lm=1520611569,南京城市,,free,,€25k,0.025,Free,0.0,true,
China,zh,2026-08-11 12:16 UTC,Transfermarkt 中国中超/中甲/中乙 2026 夏季转会,€,中超|中甲|中乙,中甲,苏州东吴,Suzhou Dongwu,suzhou-dongwu,https://tmssl.akamaized.net//images/wappen/homepageSmall/39268.png?lm=1522271755,out,2026-07-01,张凌峰,Lingfeng Zhang,439780,6392658,50268922,中国,懂球帝,29,AM,Attacking Midfield,China,https://tmssl.akamaized.net//images/flagge/tiny/34.png?lm=1520611569,宁波队,,free,,€50k,0.05,Free,0.0,true,
China,zh,2026-08-11 12:16 UTC,Transfermarkt 中国中超/中甲/中乙 2026 夏季转会,€,中超|中甲|中乙,中甲,苏州东吴,Suzhou Dongwu,suzhou-dongwu,https://tmssl.akamaized.net//images/wappen/homepageSmall/39268.png?lm=1522271755,out,2026-06-22,陈骜,Ao Chen,468289,6374336,50474027,中国,懂球帝,25,CM,Central Midfield,China,https://tmssl.akamaized.net//images/flagge/tiny/34.png?lm=1520611569,宁波队,,free,,€25k,0.025,Free,0.0,true,
China,zh,2026-08-11 12:16 UTC,Transfermarkt 中国中超/中甲/中乙 2026 夏季转会,€,中超|中甲|中乙,中甲,南京城市,Nanjing City,nanjing-city,https://tmssl.akamaized.net//images/wappen/homepageSmall/72879.png?lm=1680038357,out,2026-06-26,杜君鹏,Junpeng Du,231434,6382722,50118659,中国,懂球帝,35,CB,Centre-Back,China,https://tmssl.akamaized.net//images/flagge/tiny/34.png?lm=1520611569,定南赣联,,free,,€25k,0.025,Free,0.0,true,
China,zh,2026-08-11 12:16 UTC,Transfermarkt 中国中超/中甲/中乙 2026 夏季转会,€,中超|中甲|中乙,中甲,宁波队,Ningbo FC,ningbo-fc,https://tmssl.akamaized.net//images/wappen/homepageSmall/41626.png?lm=1777215434,in,2026-06-22,陈骜,Ao Chen,468289,6374336,50474027,中国,懂球帝,25,CM,Central Midfield,China,https://tmssl.akamaized.net//images/flagge/tiny/34.png?lm=1520611569,苏州东吴,,free,,€25k,0.025,Free,0.0,true,
China,zh,2026-08-11 12:16 UTC,Transfermarkt 中国中超/中甲/中乙 2026 夏季转会,€,中超|中甲|中乙,中甲,宁波队,Ningbo FC,ningbo-fc,https://tmssl.akamaized.net//images/wappen/homepageSmall/41626.png?lm=1777215434,in,2026-07-01,张凌峰,Lingfeng Zhang,439780,6392658,50268922,中国,懂球帝,29,AM,Attacking Midfield,China,https://tmssl.akamaized.net//images/flagge/tiny/34.png?lm=1520611569,苏州东吴,,free,,€50k,0.05,Free,0.0,true,
China,zh,2026-08-11 12:16 UTC,Transfermarkt 中国中超/中甲/中乙 2026 夏季转会,€,中超|中甲|中乙,中甲,宁波队,Ningbo FC,ningbo-fc,https://tmssl.akamaized.net//images/wappen/homepageSmall/41626.png?lm=1777215434,in,2026-06-26,姚俊宇,Junyu Yao,1273328,6414340,51003180,中国,懂球帝,18,MF,Midfielder,China,https://tmssl.akamaized.net//images/flagge/tiny/34.png?lm=1520611569,Shandong Luneng Taishan Football School,,free,,?,,Free,0.0,true,
China,zh,2026-08-11 12:16 UTC,Transfermarkt 中国中超/中甲/中乙 2026 夏季转会,€,中超|中甲|中乙,中甲,宁波队,Ningbo FC,ningbo-fc,https://tmssl.akamaized.net//images/wappen/homepageSmall/41626.png?lm=1777215434,out,2026-06-22,朱宝杰,Baojie Zhu,211068,6374348,50021066,中国,懂球帝,36,DM,Defensive Midfield,China,https://tmssl.akamaized.net//images/flagge/tiny/34.png?lm=1520611569,梅州客家,,free,,€10k,0.01,Free,0.0,true,
China,zh,2026-08-11 12:16 UTC,Transfermarkt 中国中超/中甲/中乙 2026 夏季转会,€,中超|中甲|中乙,中甲,佛山南狮,Foshan Nanshi,foshan-nanshi,https://tmssl.akamaized.net//images/wappen/homepageSmall/54134.png?lm=1705703207,out,2026-06-18,李博文,Bowen Li,316037,6366441,50501869,中国,懂球帝,31,CB,Centre-Back,China,https://tmssl.akamaized.net//images/flagge/tiny/34.png?lm=1520611569,厦门飞鹭,,free,,€50k,0.05,Free,0.0,true,
China,zh,2026-08-11 12:16 UTC,Transfermarkt 中国中超/中甲/中乙 2026 夏季转会,€,中超|中甲|中乙,中甲,佛山南狮,Foshan Nanshi,foshan-nanshi,https://tmssl.akamaized.net//images/wappen/homepageSmall/54134.png?lm=1705703207,out,2026-07-03,周大地,Dadi Zhou,316345,6399459,50229727,中国,懂球帝,30,LM,Left Midfield,China,https://tmssl.akamaized.net//images/flagge/tiny/34.png?lm=1520611569,长春亚泰,,free,,€75k,0.075,Free,0.0,true,
China,zh,2026-08-11 12:16 UTC,Transfermarkt 中国中超/中甲/中乙 2026 夏季转会,€,中超|中甲|中乙,中甲,无锡吴钩,Wuxi Wugo,wuxi-wugo,https://tmssl.akamaized.net//images/wappen/homepageSmall/85923.png?lm=1708369663,out,2026-06-25,凯赛尔-吐尔逊,Qeyser Tursun,890057,6382377,50632560,中国,懂球帝,24,AM,Attacking Midfield,China,https://tmssl.akamaized.net//images/flagge/tiny/34.png?lm=1520611569,厦门飞鹭,,free,,€100k,0.1,Free,0.0,true,
China,zh,2026-08-11 12:16 UTC,Transfermarkt 中国中超/中甲/中乙 2026 夏季转会,€,中超|中甲|中乙,中乙,长春喜都,Changchun Xidu,changchun-xidu,https://tmssl.akamaized.net//images/wappen/homepageSmall/99384.png?lm=1705704074,in,2026-06-22,胡皓然,Haoran Hu,662501,6374351,50562781,中国,懂球帝,26,GK,Goalkeeper,China,https://tmssl.akamaized.net//images/flagge/tiny/34.png?lm=1520611569,梅州客家,,free,,€50k,0.05,Free,0.0,true,
China,zh,2026-08-11 12:16 UTC,Transfermarkt 中国中超/中甲/中乙 2026 夏季转会,€,中超|中甲|中乙,中乙,长春喜都,Changchun Xidu,changchun-xidu,https://tmssl.akamaized.net//images/wappen/homepageSmall/99384.png?lm=1705704074,out,2026-06-29,陈子桐,Zitong Chen,492151,6389865,50438484,中国,懂球帝,29,MF,Midfielder,China,https://tmssl.akamaized.net//images/flagge/tiny/34.png?lm=1520611569,青岛红狮,,free,,?,,Free,0.0,true,
China,zh,2026-08-11 12:16 UTC,Transfermarkt 中国中超/中甲/中乙 2026 夏季转会,€,中超|中甲|中乙,中乙,大连可为,Dalian Kewei,dalian-kewei,https://tmssl.akamaized.net//images/wappen/homepageSmall/125947.png?lm=1773951761,in,2026-06-21,么旭辰,Xuchen Yao,577830,6373245,50491543,中国,懂球帝,26,RW,Right Winger,China,https://tmssl.akamaized.net//images/flagge/tiny/34.png?lm=1520611569,梅州客家,,free,,€25k,0.025,Free,0.0,true,
China,zh,2026-08-11 12:16 UTC,Transfermarkt 中国中超/中甲/中乙 2026 夏季转会,€,中超|中甲|中乙,中乙,大连英博B队,Dalian Yingbo B,dalian-yingbo-b,https://tmssl.akamaized.net//images/wappen/homepageSmall/137958.png?lm=1770830386,in,2026-06-18,胡明宇,Mingyu Hu,1376883,6368271,51060558,中国,懂球帝,19,CF,Centre-Forward,China,https://tmssl.akamaized.net//images/flagge/tiny/34.png?lm=1520611569,Shanghai Shenhua U20,,transfer,,?,,€18k,0.018,true,
China,zh,2026-08-11 12:16 UTC,Transfermarkt 中国中超/中甲/中乙 2026 夏季转会,€,中超|中甲|中乙,中乙,山西崇德荣海,Shanxi Chongde Ronghai,shanxi-chongde-ronghai,https://tmssl.akamaized.net//images/wappen/homepageSmall/94351.png?lm=1773952095,in,2026-06-19,何麟立,Linli He,603979,6370706,50490827,中国,懂球帝,26,CM,Central Midfield,China,https://tmssl.akamaized.net//images/flagge/tiny/34.png?lm=1520611569,Anhui Wanmei,,free,,?,,Free,0.0,true,
China,zh,2026-08-11 12:16 UTC,Transfermarkt 中国中超/中甲/中乙 2026 夏季转会,€,中超|中甲|中乙,中乙,山西崇德荣海,Shanxi Chongde Ronghai,shanxi-chongde-ronghai,https://tmssl.akamaized.net//images/wappen/homepageSmall/94351.png?lm=1773952095,in,2026-06-19,朱云天,Yuntian Zhu,1559911,6373244,51243600,中国,懂球帝,22,RM,Right Midfield,China,https://tmssl.akamaized.net//images/flagge/tiny/34.png?lm=1520611569,Unknown,,free,,?,,Free,0.0,true,
China,zh,2026-08-11 12:16 UTC,Transfermarkt 中国中超/中甲/中乙 2026 夏季转会,€,中超|中甲|中乙,中乙,山西崇德荣海,Shanxi Chongde Ronghai,shanxi-chongde-ronghai,https://tmssl.akamaized.net//images/wappen/homepageSmall/94351.png?lm=1773952095,out,2026-06-18,Shang Ma,,1514078,6370709,,,,22,DF,Defender,China,https://tmssl.akamaized.net//images/flagge/tiny/34.png?lm=1520611569,Without Club,,other,,?,,?,,true,
China,zh,2026-08-11 12:16 UTC,Transfermarkt 中国中超/中甲/中乙 2026 夏季转会,€,中超|中甲|中乙,中乙,山西崇德荣海,Shanxi Chongde Ronghai,shanxi-chongde-ronghai,https://tmssl.akamaized.net//images/wappen/homepageSmall/94351.png?lm=1773952095,out,2026-06-18,Zeyu Song,,1251769,6370707,,,,21,DF,Defender,China,https://tmssl.akamaized.net//images/flagge/tiny/34.png?lm=1520611569,Without Club,,other,,?,,?,,true,
China,zh,2026-08-11 12:16 UTC,Transfermarkt 中国中超/中甲/中乙 2026 夏季转会,€,中超|中甲|中乙,中乙,兰州陇原竞技,Lanzhou Longyuan Athletic,lanzhou-longyuan-athletic,https://tmssl.akamaized.net//images/wappen/homepageSmall/50971.png?lm=1773952071,in,2026-06-26,卢致远,Zhiyuan Lu,944636,6382729,50742771,中国,懂球帝,22,FW,Striker,China,https://tmssl.akamaized.net//images/flagge/tiny/34.png?lm=1520611569,厦门飞鹭,,free,,?,,Free,0.0,true,
China,zh,2026-08-11 12:16 UTC,Transfermarkt 中国中超/中甲/中乙 2026 夏季转会,€,中超|中甲|中乙,中乙,青岛红狮,Qingdao Red Lions,qingdao-red-lions,https://tmssl.akamaized.net//images/wappen/homepageSmall/53326.png?lm=1745609081,in,2026-06-29,陈子桐,Zitong Chen,492151,6389865,50438484,中国,懂球帝,29,MF,Midfielder,China,https://tmssl.akamaized.net//images/flagge/tiny/34.png?lm=1520611569,长春喜都,,free,,?,,Free,0.0,true,
China,zh,2026-08-11 12:16 UTC,Transfermarkt 中国中超/中甲/中乙 2026 夏季转会,€,中超|中甲|中乙,中乙,上海海港富盛经开,Shanghai Second,shanghai-second,https://tmssl.akamaized.net//images/wappen/homepageSmall/107467.png?lm=1742323503,out,2026-06-22,Qiushi Wang,,1406253,6374363,,,,20,FW,Striker,China,https://tmssl.akamaized.net//images/flagge/tiny/34.png?lm=1520611569,Qingdao West Coast U20,,free,,?,,Free,0.0,true,
China,zh,2026-08-11 12:16 UTC,Transfermarkt 中国中超/中甲/中乙 2026 夏季转会,€,中超|中甲|中乙,中乙,上海海港B队,Shanghai Port B,shanghai-port-b,https://tmssl.akamaized.net//images/wappen/homepageSmall/115122.png?lm=1702165860,in,2026-06-18,姜宇斐,Yufei Jiang,1520572,6383753,51211543,中国,懂球帝,19,DF,Defender,China,https://tmssl.akamaized.net//images/flagge/tiny/34.png?lm=1520611569,上海海港,,other,,?,,?,,true,
China,zh,2026-08-11 12:16 UTC,Transfermarkt 中国中超/中甲/中乙 2026 夏季转会,€,中超|中甲|中乙,中乙,上海海港B队,Shanghai Port B,shanghai-port-b,https://tmssl.akamaized.net//images/wappen/homepageSmall/115122.png?lm=1702165860,in,2026-06-18,梁锦鸿,Jinhong Liang,1430645,6383756,51137790,中国,懂球帝,17,CM,Central Midfield,China,https://tmssl.akamaized.net//images/flagge/tiny/34.png?lm=1520611569,上海海港,,other,,?,,?,,true,
China,zh,2026-08-11 12:16 UTC,Transfermarkt 中国中超/中甲/中乙 2026 夏季转会,€,中超|中甲|中乙,中乙,上海海港B队,Shanghai Port B,shanghai-port-b,https://tmssl.akamaized.net//images/wappen/homepageSmall/115122.png?lm=1702165860,in,2026-06-18,王晶磊,Jinglei Wang,1382894,6383754,51093648,中国,懂球帝,19,LB,Left-Back,China,https://tmssl.akamaized.net//images/flagge/tiny/34.png?lm=1520611569,上海海港,,other,,?,,?,,true,
China,zh,2026-08-11 12:16 UTC,Transfermarkt 中国中超/中甲/中乙 2026 夏季转会,€,中超|中甲|中乙,中乙,上海海港B队,Shanghai Port B,shanghai-port-b,https://tmssl.akamaized.net//images/wappen/homepageSmall/115122.png?lm=1702165860,in,2026-06-18,王丹,Dan Wang,1423231,6383752,51125767,中国,懂球帝,20,CF,Centre-Forward,China,https://tmssl.akamaized.net//images/flagge/tiny/34.png?lm=1520611569,上海海港,,other,,?,,?,,true,
China,zh,2026-08-11 12:16 UTC,Transfermarkt 中国中超/中甲/中乙 2026 夏季转会,€,中超|中甲|中乙,中乙,上海海港B队,Shanghai Port B,shanghai-port-b,https://tmssl.akamaized.net//images/wappen/homepageSmall/115122.png?lm=1702165860,out,2026-06-18,张俊杰,Junjie Zhang,1068100,6383810,50795375,中国,懂球帝,19,LW,Left Winger,China,https://tmssl.akamaized.net//images/flagge/tiny/34.png?lm=1520611569,上海海港,,other,,?,,?,,true,
China,zh,2026-08-11 12:16 UTC,Transfermarkt 中国中超/中甲/中乙 2026 夏季转会,€,中超|中甲|中乙,中乙,上海海港B队,Shanghai Port B,shanghai-port-b,https://tmssl.akamaized.net//images/wappen/homepageSmall/115122.png?lm=1702165860,out,2026-06-18,温钧翔,Junxiang Wen,1382897,6383807,51093647,中国,懂球帝,18,CF,Centre-Forward,China,https://tmssl.akamaized.net//images/flagge/tiny/34.png?lm=1520611569,上海海港,,other,,?,,?,,true,
China,zh,2026-08-11 12:16 UTC,Transfermarkt 中国中超/中甲/中乙 2026 夏季转会,€,中超|中甲|中乙,中乙,上海海港B队,Shanghai Port B,shanghai-port-b,https://tmssl.akamaized.net//images/wappen/homepageSmall/115122.png?lm=1702165860,out,2026-06-18,李瑞龙,Ruilong Li,1382898,6383805,51093650,中国,懂球帝,19,DM,Defensive Midfield,China,https://tmssl.akamaized.net//images/flagge/tiny/34.png?lm=1520611569,上海海港,,other,,?,,?,,true,
China,zh,2026-08-11 12:16 UTC,Transfermarkt 中国中超/中甲/中乙 2026 夏季转会,€,中超|中甲|中乙,中乙,上海海港B队,Shanghai Port B,shanghai-port-b,https://tmssl.akamaized.net//images/wappen/homepageSmall/115122.png?lm=1702165860,out,2026-06-18,崔峻诚,Juncheng Cui,1436253,6383811,51138251,中国,懂球帝,19,RW,Right Winger,China,https://tmssl.akamaized.net//images/flagge/tiny/34.png?lm=1520611569,上海海港,,other,,?,,?,,true,
China,zh,2026-08-11 12:16 UTC,Transfermarkt 中国中超/中甲/中乙 2026 夏季转会,€,中超|中甲|中乙,中乙,湖北青年星,Hubei Istar,hubei-istar,https://tmssl.akamaized.net//images/wappen/homepageSmall/56198.png?lm=1777215398,in,2026-06-21,希尔扎提-努尔,Sherzat Nur,789649,6374340,50652585,中国,懂球帝,22,CM,Central Midfield,China,https://tmssl.akamaized.net//images/flagge/tiny/34.png?lm=1520611569,梅州客家,,other,,€75k,0.075,?,,true,
China,zh,2026-08-11 12:16 UTC,Transfermarkt 中国中超/中甲/中乙 2026 夏季转会,€,中超|中甲|中乙,中乙,湖北青年星,Hubei Istar,hubei-istar,https://tmssl.akamaized.net//images/wappen/homepageSmall/56198.png?lm=1777215398,in,2026-06-18,边威豪,Weihao Bian,1397376,6382522,51053117,中国,懂球帝,17,DF,Defender,China,https://tmssl.akamaized.net//images/flagge/tiny/34.png?lm=1520611569,Hubei Istar Youth,,promotion,,?,,Promotion,,true,
China,zh,2026-08-11 12:16 UTC,Transfermarkt 中国中超/中甲/中乙 2026 夏季转会,€,中超|中甲|中乙,中乙,武汉三镇B队,Wuhan Three Towns B,wuhan-three-towns-b,https://tmssl.akamaized.net//images/wappen/homepageSmall/125741.png?lm=1735794044,in,2026-06-30,夏晓曦,Xiaoxi Xia,1014269,6451575,50753390,中国,懂球帝,21,LW,Left Winger,China,https://tmssl.akamaized.net//images/flagge/tiny/34.png?lm=1520611569,武汉三镇,,other,,€75k,0.075,?,,true,
China,zh,2026-08-11 12:16 UTC,Transfermarkt 中国中超/中甲/中乙 2026 夏季转会,€,中超|中甲|中乙,中乙,武汉三镇B队,Wuhan Three Towns B,wuhan-three-towns-b,https://tmssl.akamaized.net//images/wappen/homepageSmall/125741.png?lm=1735794044,in,2026-06-30,阮景威,Jingwei Ruan,1266954,6451579,50976493,中国,懂球帝,21,CB,Centre-Back,China,https://tmssl.akamaized.net//images/flagge/tiny/34.png?lm=1520611569,武汉三镇,,other,,€50k,0.05,?,,true,
China,zh,2026-08-11 12:16 UTC,Transfermarkt 中国中超/中甲/中乙 2026 夏季转会,€,中超|中甲|中乙,中乙,武汉三镇B队,Wuhan Three Towns B,wuhan-three-towns-b,https://tmssl.akamaized.net//images/wappen/homepageSmall/125741.png?lm=1735794044,in,2026-06-19,郑伊然,Yiran Zheng,1520804,6451584,51211550,中国,懂球帝,19,GK,Goalkeeper,China,https://tmssl.akamaized.net//images/flagge/tiny/34.png?lm=1520611569,武汉三镇,,other,,?,,?,,true,
China,zh,2026-08-11 12:16 UTC,Transfermarkt 中国中超/中甲/中乙 2026 夏季转会,€,中超|中甲|中乙,中乙,成都蓉城B队,Chengdu Rongcheng B,chengdu-rongcheng-b,https://tmssl.akamaized.net//images/wappen/homepageSmall/125740.png?lm=1735794025,in,2026-06-20,唐梓程,Zicheng Tang,1376884,6383840,51087957,中国,懂球帝,18,GK,Goalkeeper,China,https://tmssl.akamaized.net//images/flagge/tiny/34.png?lm=1520611569,成都蓉城,,other,,?,,?,,true,
China,zh,2026-08-11 12:16 UTC,Transfermarkt 中国中超/中甲/中乙 2026 夏季转会,€,中超|中甲|中乙,中乙,温州队,Wenzhou FC,wenzhou-fc,https://tmssl.akamaized.net//images/wappen/homepageSmall/78681.png?lm=1777215408,in,2026-06-22,张飞扬,Feiyang Zhang,1267187,6374347,50976505,中国,懂球帝,21,MF,Midfielder,China,https://tmssl.akamaized.net//images/flagge/tiny/34.png?lm=1520611569,Kunming City,,free,,?,,Free,0.0,true,
China,zh,2026-08-11 12:16 UTC,Transfermarkt 中国中超/中甲/中乙 2026 夏季转会,€,中超|中甲|中乙,中乙,温州队,Wenzhou FC,wenzhou-fc,https://tmssl.akamaized.net//images/wappen/homepageSmall/78681.png?lm=1777215408,in,2026-06-26,吴昱辰,Yuchen Wu,946745,6383592,50788102,中国,懂球帝,23,MF,Midfielder,China,https://tmssl.akamaized.net//images/flagge/tiny/34.png?lm=1520611569,厦门飞鹭,,free,,?,,Free,0.0,true,
China,zh,2026-08-11 12:16 UTC,Transfermarkt 中国中超/中甲/中乙 2026 夏季转会,€,中超|中甲|中乙,中乙,温州队,Wenzhou FC,wenzhou-fc,https://tmssl.akamaized.net//images/wappen/homepageSmall/78681.png?lm=1777215408,out,2026-06-26,刘相臣,Xiangchen Liu,1238434,6382721,50663862,中国,懂球帝,24,RW,Right Winger,China,https://tmssl.akamaized.net//images/flagge/tiny/34.png?lm=1520611569,广州蒲公英,,free,,?,,Free,0.0,true,
China,zh,2026-08-11 12:16 UTC,Transfermarkt 中国中超/中甲/中乙 2026 夏季转会,€,中超|中甲|中乙,中乙,赣州瑞狮,Ganzhou Ruishi,ganzhou-ruishi,https://tmssl.akamaized.net//images/wappen/homepageSmall/94364.png?lm=1745609058,in,2026-06-26,李东楠,Dongnan Li,1136867,6382846,50875869,中国,懂球帝,19,MF,Midfielder,China,https://tmssl.akamaized.net//images/flagge/tiny/34.png?lm=1520611569,FK Lokomotiva Belgrad U19,,free,,?,,Free,0.0,true,
China,zh,2026-08-11 12:16 UTC,Transfermarkt 中国中超/中甲/中乙 2026 夏季转会,€,中超|中甲|中乙,中乙,厦门飞鹭,Xiamen Feilu,xiamen-feilu,https://tmssl.akamaized.net//images/wappen/homepageSmall/108134.png?lm=1685031086,in,2026-06-18,李博文,Bowen Li,316037,6366441,50501869,中国,懂球帝,31,CB,Centre-Back,China,https://tmssl.akamaized.net//images/flagge/tiny/34.png?lm=1520611569,佛山南狮,,free,,€50k,0.05,Free,0.0,true,
China,zh,2026-08-11 12:16 UTC,Transfermarkt 中国中超/中甲/中乙 2026 夏季转会,€,中超|中甲|中乙,中乙,厦门飞鹭,Xiamen Feilu,xiamen-feilu,https://tmssl.akamaized.net//images/wappen/homepageSmall/108134.png?lm=1685031086,in,2026-06-25,凯赛尔-吐尔逊,Qeyser Tursun,890057,6382377,50632560,中国,懂球帝,24,AM,Attacking Midfield,China,https://tmssl.akamaized.net//images/flagge/tiny/34.png?lm=1520611569,无锡吴钩,,free,,€100k,0.1,Free,0.0,true,
China,zh,2026-08-11 12:16 UTC,Transfermarkt 中国中超/中甲/中乙 2026 夏季转会,€,中超|中甲|中乙,中乙,厦门飞鹭,Xiamen Feilu,xiamen-feilu,https://tmssl.akamaized.net//images/wappen/homepageSmall/108134.png?lm=1685031086,out,2026-06-26,卢致远,Zhiyuan Lu,944636,6382729,50742771,中国,懂球帝,22,FW,Striker,China,https://tmssl.akamaized.net//images/flagge/tiny/34.png?lm=1520611569,兰州陇原竞技,,free,,?,,Free,0.0,true,
China,zh,2026-08-11 12:16 UTC,Transfermarkt 中国中超/中甲/中乙 2026 夏季转会,€,中超|中甲|中乙,中乙,厦门飞鹭,Xiamen Feilu,xiamen-feilu,https://tmssl.akamaized.net//images/wappen/homepageSmall/108134.png?lm=1685031086,out,2026-06-26,吴昱辰,Yuchen Wu,946745,6383592,50788102,中国,懂球帝,23,MF,Midfielder,China,https://tmssl.akamaized.net//images/flagge/tiny/34.png?lm=1520611569,温州队,,free,,?,,Free,0.0,true,
China,zh,2026-08-11 12:16 UTC,Transfermarkt 中国中超/中甲/中乙 2026 夏季转会,€,中超|中甲|中乙,中乙,广州蒲公英,Guangzhou Dandelion,guangzhou-dandelion,https://tmssl.akamaized.net//images/wappen/homepageSmall/115892.png?lm=1774689142,in,2026-06-26,刘相臣,Xiangchen Liu,1238434,6382721,50663862,中国,懂球帝,24,RW,Right Winger,China,https://tmssl.akamaized.net//images/flagge/tiny/34.png?lm=1520611569,温州队,,free,,?,,Free,0.0,true,
China,zh,2026-08-11 12:16 UTC,Transfermarkt 中国中超/中甲/中乙 2026 夏季转会,€,中超|中甲|中乙,中乙,广东铭途,Guangdong Mingtu,guangdong-mingtu,https://tmssl.akamaized.net//images/wappen/homepageSmall/99488.png?lm=1783944491,in,2026-06-18,曲佳乐,Jiale Qu,1558900,6366438,51044016,中国,懂球帝,18,RW,Right Winger,China,https://tmssl.akamaized.net//images/flagge/tiny/34.png?lm=1520611569,Evergrande Football School,,free,,?,,Free,0.0,true,
China,zh,2026-08-11 12:16 UTC,Transfermarkt 中国中超/中甲/中乙 2026 夏季转会,€,中超|中甲|中乙,中超,上海海港,Shanghai Port,shanghai-port,https://tmssl.akamaized.net//images/wappen/homepageSmall/27190.png?lm=1702165860,in,2026-07-22,Jaume Grau,,340864,6447671,,,,29,CM,Central Midfield,Spain,https://tmssl.akamaized.net//images/flagge/tiny/157.png?lm=1520611569,天津津门虎,,loan,,€700k,0.7,Loan,,true,
China,zh,2026-08-11 12:16 UTC,Transfermarkt 中国中超/中甲/中乙 2026 夏季转会,€,中超|中甲|中乙,中超,上海海港,Shanghai Port,shanghai-port,https://tmssl.akamaized.net//images/wappen/homepageSmall/27190.png?lm=1702165860,in,2026-07-22,Miguel Campos,,335744,6447676,,,,29,CB,Centre-Back,Portugal,https://tmssl.akamaized.net//images/flagge/tiny/136.png?lm=1520611569,FC Oleksandriya,,free,,€800k,0.8,Free,0.0,true,
China,zh,2026-08-11 12:16 UTC,Transfermarkt 中国中超/中甲/中乙 2026 夏季转会,€,中超|中甲|中乙,中超,上海申花,Shanghai Shenhua,shanghai-shenhua,https://tmssl.akamaized.net//images/wappen/homepageSmall/3183.png?lm=1716027760,in,2026-07-04,李松益,Songyi Li,229719,6402196,50159248,中国,懂球帝,33,CB,Centre-Back,China,https://tmssl.akamaized.net//images/flagge/tiny/34.png?lm=1520611569,云南玉昆,,free,,€50k,0.05,Free,0.0,true,
China,zh,2026-08-11 12:16 UTC,Transfermarkt 中国中超/中甲/中乙 2026 夏季转会,€,中超|中甲|中乙,中超,上海申花,Shanghai Shenhua,shanghai-shenhua,https://tmssl.akamaized.net//images/wappen/homepageSmall/3183.png?lm=1716027760,in,2026-06-21,姜轶祥,Yixiang Jiang,1259552,6374362,51090340,中国,懂球帝,18,DM,Defensive Midfield,China,https://tmssl.akamaized.net//images/flagge/tiny/34.png?lm=1520611569,定南赣联,,loan-return,,?,,End of loan,,true,
China,zh,2026-08-11 12:16 UTC,Transfermarkt 中国中超/中甲/中乙 2026 夏季转会,€,中超|中甲|中乙,中超,上海申花,Shanghai Shenhua,shanghai-shenhua,https://tmssl.akamaized.net//images/wappen/homepageSmall/3183.png?lm=1716027760,in,2026-06-19,Luis Asué,,702911,6383827,,,,24,CF,Centre-Forward,Equatorial Guinea,https://tmssl.akamaized.net//images/flagge/tiny/8.png?lm=1520611569,CD Leganés,,loan-return,,€1.50m,1.5,End of loan,,true,
China,zh,2026-08-11 12:16 UTC,Transfermarkt 中国中超/中甲/中乙 2026 夏季转会,€,中超|中甲|中乙,中超,上海申花,Shanghai Shenhua,shanghai-shenhua,https://tmssl.akamaized.net//images/wappen/homepageSmall/3183.png?lm=1716027760,out,2026-07-04,杨杨,Yang Yang,1485063,6451531,51003498,中国,懂球帝,19,MF,Midfielder,China,https://tmssl.akamaized.net//images/flagge/tiny/34.png?lm=1520611569,Shanghai Shenhua U20,,other,,?,,?,,true,
China,zh,2026-08-11 12:16 UTC,Transfermarkt 中国中超/中甲/中乙 2026 夏季转会,€,中超|中甲|中乙,中超,上海申花,Shanghai Shenhua,shanghai-shenhua,https://tmssl.akamaized.net//images/wappen/homepageSmall/3183.png?lm=1716027760,out,2026-07-04,Li'ao Zhang,,1526624,6451788,,,,19,MF,Midfielder,China,https://tmssl.akamaized.net//images/flagge/tiny/34.png?lm=1520611569,Shanghai Shenhua U20,,other,,?,,?,,true,
China,zh,2026-08-11 12:16 UTC,Transfermarkt 中国中超/中甲/中乙 2026 夏季转会,€,中超|中甲|中乙,中超,成都蓉城,Chengdu Rongcheng,chengdu-rongcheng,https://tmssl.akamaized.net//images/wappen/homepageSmall/65791.png?lm=1735794024,in,2026-07-22,陈仕晗,Shihan Chen,1178348,6446473,51051789,中国,懂球帝,21,RW,Right Winger,China,https://tmssl.akamaized.net//images/flagge/tiny/34.png?lm=1520611569,Union Rochefortoise,,free,,?,,Free,0.0,true,
China,zh,2026-08-11 12:16 UTC,Transfermarkt 中国中超/中甲/中乙 2026 夏季转会,€,中超|中甲|中乙,中超,北京国安,Beijing Guoan,beijing-guoan,https://tmssl.akamaized.net//images/wappen/homepageSmall/3176.png?lm=1645957360,in,2026-07-22,Jeremy Dudziak,,147359,6447675,,,,30,CM,Central Midfield,Germany,https://tmssl.akamaized.net//images/flagge/tiny/40.png?lm=1520612525,Hertha BSC,,free,,€400k,0.4,Free,0.0,true,
China,zh,2026-08-11 12:16 UTC,Transfermarkt 中国中超/中甲/中乙 2026 夏季转会,€,中超|中甲|中乙,中超,北京国安,Beijing Guoan,beijing-guoan,https://tmssl.akamaized.net//images/wappen/homepageSmall/3176.png?lm=1645957360,in,2026-07-22,Chadrac Akolo,,247459,6447674,,,,31,CF,Centre-Forward,DR Congo,https://tmssl.akamaized.net//images/flagge/tiny/193.png?lm=1520611569,Thep Xanh Nam Dinh FC,,free,,€700k,0.7,Free,0.0,true,
China,zh,2026-08-11 12:16 UTC,Transfermarkt 中国中超/中甲/中乙 2026 夏季转会,€,中超|中甲|中乙,中超,北京国安,Beijing Guoan,beijing-guoan,https://tmssl.akamaized.net//images/wappen/homepageSmall/3176.png?lm=1645957360,in,2026-07-01,刘邵子洋,Shaoziyang Liu,966946,6392644,50699535,中国,懂球帝,22,GK,Goalkeeper,China,https://tmssl.akamaized.net//images/flagge/tiny/34.png?lm=1520611569,Los Angeles FC 2,,free,,?,,Free,0.0,true,
China,zh,2026-08-11 12:16 UTC,Transfermarkt 中国中超/中甲/中乙 2026 夏季转会,€,中超|中甲|中乙,中超,北京国安,Beijing Guoan,beijing-guoan,https://tmssl.akamaized.net//images/wappen/homepageSmall/3176.png?lm=1645957360,in,2026-07-20,张昊冉,Haoran Zhang,1484728,6441742,51185716,中国,懂球帝,18,MF,Midfielder,China,https://tmssl.akamaized.net//images/flagge/tiny/34.png?lm=1520611569,Beijing Guoan U20,,promotion,,?,,Promotion,,true,
China,zh,2026-08-11 12:16 UTC,Transfermarkt 中国中超/中甲/中乙 2026 夏季转会,€,中超|中甲|中乙,中超,北京国安,Beijing Guoan,beijing-guoan,https://tmssl.akamaized.net//images/wappen/homepageSmall/3176.png?lm=1645957360,in,2026-07-20,刘俊泽,Junze Liu,1569204,6441741,51252797,中国,懂球帝,18,MF,Midfielder,China,https://tmssl.akamaized.net//images/flagge/tiny/34.png?lm=1520611569,Beijing Guoan U20,,promotion,,?,,Promotion,,true,
China,zh,2026-08-11 12:16 UTC,Transfermarkt 中国中超/中甲/中乙 2026 夏季转会,€,中超|中甲|中乙,中超,北京国安,Beijing Guoan,beijing-guoan,https://tmssl.akamaized.net//images/wappen/homepageSmall/3176.png?lm=1645957360,in,2026-07-20,夏晓雨,Xiaoyu Xia,1569202,6441696,51252794,中国,懂球帝,18,MF,Midfielder,China,https://tmssl.akamaized.net//images/flagge/tiny/34.png?lm=1520611569,Beijing Guoan U20,,promotion,,?,,Promotion,,true,
China,zh,2026-08-11 12:16 UTC,Transfermarkt 中国中超/中甲/中乙 2026 夏季转会,€,中超|中甲|中乙,中超,北京国安,Beijing Guoan,beijing-guoan,https://tmssl.akamaized.net//images/wappen/homepageSmall/3176.png?lm=1645957360,in,2026-07-20,罗子祥,Zixiang Luo,1569203,6441737,51044019,中国,懂球帝,18,DF,Defender,China,https://tmssl.akamaized.net//images/flagge/tiny/34.png?lm=1520611569,Beijing Guoan U20,,promotion,,?,,Promotion,,true,
China,zh,2026-08-11 12:16 UTC,Transfermarkt 中国中超/中甲/中乙 2026 夏季转会,€,中超|中甲|中乙,中超,北京国安,Beijing Guoan,beijing-guoan,https://tmssl.akamaized.net//images/wappen/homepageSmall/3176.png?lm=1645957360,in,2026-07-20,蒋子承,Zicheng Jiang,1484730,6441738,51184122,中国,懂球帝,18,CF,Centre-Forward,China,https://tmssl.akamaized.net//images/flagge/tiny/34.png?lm=1520611569,Beijing Guoan U20,,promotion,,?,,Promotion,,true,
China,zh,2026-08-11 12:16 UTC,Transfermarkt 中国中超/中甲/中乙 2026 夏季转会,€,中超|中甲|中乙,中超,北京国安,Beijing Guoan,beijing-guoan,https://tmssl.akamaized.net//images/wappen/homepageSmall/3176.png?lm=1645957360,in,2026-07-20,陈康悦,Kangyue Chen,1569205,6441739,51220459,中国,懂球帝,18,MF,Midfielder,China,https://tmssl.akamaized.net//images/flagge/tiny/34.png?lm=1520611569,Beijing Guoan U20,,promotion,,?,,Promotion,,true,
China,zh,2026-08-11 12:16 UTC,Transfermarkt 中国中超/中甲/中乙 2026 夏季转会,€,中超|中甲|中乙,中超,北京国安,Beijing Guoan,beijing-guoan,https://tmssl.akamaized.net//images/wappen/homepageSmall/3176.png?lm=1645957360,out,2026-07-03,冯博轩,Boxuan Feng,412962,6399472,50254045,中国,懂球帝,29,RB,Right-Back,China,https://tmssl.akamaized.net//images/flagge/tiny/34.png?lm=1520611569,大连英博,,free,,€100k,0.1,Free,0.0,true,
China,zh,2026-08-11 12:16 UTC,Transfermarkt 中国中超/中甲/中乙 2026 夏季转会,€,中超|中甲|中乙,中超,北京国安,Beijing Guoan,beijing-guoan,https://tmssl.akamaized.net//images/wappen/homepageSmall/3176.png?lm=1645957360,out,2026-07-03,江文豪,Wenhao Jiang,839306,6398868,50584715,中国,懂球帝,26,LB,Left-Back,China,https://tmssl.akamaized.net//images/flagge/tiny/34.png?lm=1520611569,陕西联合,,loan,,€50k,0.05,Loan,,true,
China,zh,2026-08-11 12:16 UTC,Transfermarkt 中国中超/中甲/中乙 2026 夏季转会,€,中超|中甲|中乙,中超,北京国安,Beijing Guoan,beijing-guoan,https://tmssl.akamaized.net//images/wappen/homepageSmall/3176.png?lm=1645957360,out,2026-07-16,张健智,Jianzhi Zhang,690671,6432126,50517486,中国,懂球帝,26,GK,Goalkeeper,China,https://tmssl.akamaized.net//images/flagge/tiny/34.png?lm=1520611569,广西恒宸,,loan,,€100k,0.1,Loan,,true,
China,zh,2026-08-11 12:16 UTC,Transfermarkt 中国中超/中甲/中乙 2026 夏季转会,€,中超|中甲|中乙,中超,山东泰山,Shandong Taishan,shandong-taishan,https://tmssl.akamaized.net//images/wappen/homepageSmall/3182.png?lm=1702165872,out,2026-07-20,段刘愚,Liuyu Duan,571342,6441196,50452505,中国,懂球帝,27,AM,Attacking Midfield,China,https://tmssl.akamaized.net//images/flagge/tiny/34.png?lm=1520611569,云南玉昆,,transfer,,€200k,0.2,€90k,0.09,true,
China,zh,2026-08-11 12:16 UTC,Transfermarkt 中国中超/中甲/中乙 2026 夏季转会,€,中超|中甲|中乙,中超,山东泰山,Shandong Taishan,shandong-taishan,https://tmssl.akamaized.net//images/wappen/homepageSmall/3182.png?lm=1702165872,out,2026-07-09,赵剑非,Jianfei Zhao,437943,6414338,50452504,中国,懂球帝,27,CB,Centre-Back,China,https://tmssl.akamaized.net//images/flagge/tiny/34.png?lm=1520611569,深圳新鹏城,,loan,,€75k,0.075,Loan,,true,
China,zh,2026-08-11 12:16 UTC,Transfermarkt 中国中超/中甲/中乙 2026 夏季转会,€,中超|中甲|中乙,中超,山东泰山,Shandong Taishan,shandong-taishan,https://tmssl.akamaized.net//images/wappen/homepageSmall/3182.png?lm=1702165872,out,2026-07-13,Pedro Delgado,,258021,6425028,,,,29,AM,Attacking Midfield,Portugal,https://tmssl.akamaized.net//images/flagge/tiny/136.png?lm=1520611569,大连英博,,loan,,€150k,0.15,Loan,,true,
China,zh,2026-08-11 12:16 UTC,Transfermarkt 中国中超/中甲/中乙 2026 夏季转会,€,中超|中甲|中乙,中超,天津津门虎,Tianjin Jinmen Tiger,tianjin-jinmen-tiger,https://tmssl.akamaized.net//images/wappen/homepageSmall/3187.png?lm=1716027722,out,2026-07-22,Jaume Grau,,340864,6447671,,,,29,CM,Central Midfield,Spain,https://tmssl.akamaized.net//images/flagge/tiny/157.png?lm=1520611569,上海海港,,loan,,€700k,0.7,Loan,,true,
China,zh,2026-08-11 12:16 UTC,Transfermarkt 中国中超/中甲/中乙 2026 夏季转会,€,中超|中甲|中乙,中超,天津津门虎,Tianjin Jinmen Tiger,tianjin-jinmen-tiger,https://tmssl.akamaized.net//images/wappen/homepageSmall/3187.png?lm=1716027722,out,2026-07-20,李嗣镕,Sirong Li,503316,6441165,50599941,中国,懂球帝,23,RB,Right-Back,China,https://tmssl.akamaized.net//images/flagge/tiny/34.png?lm=1520611569,青岛海牛,,loan,,€50k,0.05,Loan,,true,
China,zh,2026-08-11 12:16 UTC,Transfermarkt 中国中超/中甲/中乙 2026 夏季转会,€,中超|中甲|中乙,中超,浙江队,Zhejiang FC,zhejiang-fc,https://tmssl.akamaized.net//images/wappen/homepageSmall/17276.png?lm=1709477554,in,2026-07-13,Felippe Cardoso,,596067,6423949,,,,27,CF,Centre-Forward,Brazil,https://tmssl.akamaized.net//images/flagge/tiny/26.png?lm=1520611569,Al-Najma SC,,transfer,,€1.20m,1.2,€1.32m,1.32,true,
China,zh,2026-08-11 12:16 UTC,Transfermarkt 中国中超/中甲/中乙 2026 夏季转会,€,中超|中甲|中乙,中超,浙江队,Zhejiang FC,zhejiang-fc,https://tmssl.akamaized.net//images/wappen/homepageSmall/17276.png?lm=1709477554,in,2026-07-04,钱远帆,Yuanfan Qian,1125721,6402207,50795389,中国,懂球帝,20,DM,Defensive Midfield,China,https://tmssl.akamaized.net//images/flagge/tiny/34.png?lm=1520611569,杭州临平吴越,,transfer,,?,,€26k,0.026,true,
China,zh,2026-08-11 12:16 UTC,Transfermarkt 中国中超/中甲/中乙 2026 夏季转会,€,中超|中甲|中乙,中超,浙江队,Zhejiang FC,zhejiang-fc,https://tmssl.akamaized.net//images/wappen/homepageSmall/17276.png?lm=1709477554,in,2026-07-22,赵培成,Peicheng Zhao,1484701,6448015,51119367,中国,懂球帝,20,GK,Goalkeeper,China,https://tmssl.akamaized.net//images/flagge/tiny/34.png?lm=1520611569,Zhejiang FC U20,,promotion,,?,,Promotion,,true,
China,zh,2026-08-11 12:16 UTC,Transfermarkt 中国中超/中甲/中乙 2026 夏季转会,€,中超|中甲|中乙,中超,浙江队,Zhejiang FC,zhejiang-fc,https://tmssl.akamaized.net//images/wappen/homepageSmall/17276.png?lm=1709477554,out,2026-07-03,叶道鑫,Daoxin Ye,1089665,6399983,50838684,中国,懂球帝,20,DF,Defender,China,https://tmssl.akamaized.net//images/flagge/tiny/34.png?lm=1520611569,杭州临平吴越,,transfer,,€25k,0.025,€10k,0.01,true,
China,zh,2026-08-11 12:16 UTC,Transfermarkt 中国中超/中甲/中乙 2026 夏季转会,€,中超|中甲|中乙,中超,浙江队,Zhejiang FC,zhejiang-fc,https://tmssl.akamaized.net//images/wappen/homepageSmall/17276.png?lm=1709477554,out,2026-07-03,阿布力克木-阿布都沙拉木,Ablikim Abdusalam,1015923,6399992,50755212,中国,懂球帝,23,MF,Midfielder,China,https://tmssl.akamaized.net//images/flagge/tiny/34.png?lm=1520611569,杭州临平吴越,,loan,,€50k,0.05,Loan,,true,
China,zh,2026-08-11 12:16 UTC,Transfermarkt 中国中超/中甲/中乙 2026 夏季转会,€,中超|中甲|中乙,中超,云南玉昆,Yunnan Yukun,yunnan-yukun,https://tmssl.akamaized.net//images/wappen/homepageSmall/93753.png?lm=1736675823,in,2026-07-20,段刘愚,Liuyu Duan,571342,6441196,50452505,中国,懂球帝,27,AM,Attacking Midfield,China,https://tmssl.akamaized.net//images/flagge/tiny/34.png?lm=1520611569,山东泰山,,transfer,,€200k,0.2,€90k,0.09,true,
China,zh,2026-08-11 12:16 UTC,Transfermarkt 中国中超/中甲/中乙 2026 夏季转会,€,中超|中甲|中乙,中超,云南玉昆,Yunnan Yukun,yunnan-yukun,https://tmssl.akamaized.net//images/wappen/homepageSmall/93753.png?lm=1736675823,in,2026-07-16,胡睿宝,Ruibao Hu,316027,6432152,50242677,中国,懂球帝,29,CB,Centre-Back,China,https://tmssl.akamaized.net//images/flagge/tiny/34.png?lm=1520611569,深圳新鹏城,,loan,,€125k,0.125,Loan,,true,
China,zh,2026-08-11 12:16 UTC,Transfermarkt 中国中超/中甲/中乙 2026 夏季转会,€,中超|中甲|中乙,中超,云南玉昆,Yunnan Yukun,yunnan-yukun,https://tmssl.akamaized.net//images/wappen/homepageSmall/93753.png?lm=1736675823,in,2026-07-01,崔麒,Qi Cui,450985,6392654,50268950,中国,懂球帝,28,RB,Right-Back,China,https://tmssl.akamaized.net//images/flagge/tiny/34.png?lm=1520611569,Palamós CF,,free,,€25k,0.025,Free,0.0,true,
China,zh,2026-08-11 12:16 UTC,Transfermarkt 中国中超/中甲/中乙 2026 夏季转会,€,中超|中甲|中乙,中超,云南玉昆,Yunnan Yukun,yunnan-yukun,https://tmssl.akamaized.net//images/wappen/homepageSmall/93753.png?lm=1736675823,in,2026-07-01,邱圣钧,Shengjun Qiu,955987,6444103,50697237,中国,懂球帝,23,GK,Goalkeeper,China,https://tmssl.akamaized.net//images/flagge/tiny/34.png?lm=1520611569,Without Club,,other,,?,,?,,true,
China,zh,2026-08-11 12:16 UTC,Transfermarkt 中国中超/中甲/中乙 2026 夏季转会,€,中超|中甲|中乙,中超,云南玉昆,Yunnan Yukun,yunnan-yukun,https://tmssl.akamaized.net//images/wappen/homepageSmall/93753.png?lm=1736675823,out,2026-07-10,张宇峰,Yufeng Zhang,316215,6416413,50385223,中国,懂球帝,28,DM,Defensive Midfield,China,https://tmssl.akamaized.net//images/flagge/tiny/34.png?lm=1520611569,深圳新鹏城,,loan,,€100k,0.1,Loan,,true,
China,zh,2026-08-11 12:16 UTC,Transfermarkt 中国中超/中甲/中乙 2026 夏季转会,€,中超|中甲|中乙,中超,云南玉昆,Yunnan Yukun,yunnan-yukun,https://tmssl.akamaized.net//images/wappen/homepageSmall/93753.png?lm=1736675823,out,2026-07-04,李松益,Songyi Li,229719,6402196,50159248,中国,懂球帝,33,CB,Centre-Back,China,https://tmssl.akamaized.net//images/flagge/tiny/34.png?lm=1520611569,上海申花,,free,,€50k,0.05,Free,0.0,true,
China,zh,2026-08-11 12:16 UTC,Transfermarkt 中国中超/中甲/中乙 2026 夏季转会,€,中超|中甲|中乙,中超,云南玉昆,Yunnan Yukun,yunnan-yukun,https://tmssl.akamaized.net//images/wappen/homepageSmall/93753.png?lm=1736675823,out,2026-07-16,唐淼,Miao Tang,150081,6432132,50079046,中国,懂球帝,35,RB,Right-Back,China,https://tmssl.akamaized.net//images/flagge/tiny/34.png?lm=1520611569,深圳新鹏城,,free,,€25k,0.025,Free,0.0,true,
China,zh,2026-08-11 12:16 UTC,Transfermarkt 中国中超/中甲/中乙 2026 夏季转会,€,中超|中甲|中乙,中超,青岛西海岸,Qingdao West Coast,qingdao-west-coast,https://tmssl.akamaized.net//images/wappen/homepageSmall/70662.png?lm=1716027782,in,2026-07-03,金世明,Shiming Jin,1372279,6399515,51083688,中国,懂球帝,20,MF,Midfielder,China,https://tmssl.akamaized.net//images/flagge/tiny/34.png?lm=1520611569,Gainare Tottori,,transfer,,?,,€22k,0.022,true,
China,zh,2026-08-11 12:16 UTC,Transfermarkt 中国中超/中甲/中乙 2026 夏季转会,€,中超|中甲|中乙,中超,青岛西海岸,Qingdao West Coast,qingdao-west-coast,https://tmssl.akamaized.net//images/wappen/homepageSmall/70662.png?lm=1716027782,in,2026-07-15,艾力尼扎尔-罗合曼,Elnizar Lohman,1299723,6429244,50981354,中国,懂球帝,18,CB,Centre-Back,China,https://tmssl.akamaized.net//images/flagge/tiny/34.png?lm=1520611569,Guangdong Chenxing Juli,,free,,?,,Free,0.0,true,
China,zh,2026-08-11 12:16 UTC,Transfermarkt 中国中超/中甲/中乙 2026 夏季转会,€,中超|中甲|中乙,中超,青岛西海岸,Qingdao West Coast,qingdao-west-coast,https://tmssl.akamaized.net//images/wappen/homepageSmall/70662.png?lm=1716027782,in,2026-07-01,南松,Song Nan,456030,6392660,50385647,中国,懂球帝,29,AM,Attacking Midfield,China,https://tmssl.akamaized.net//images/flagge/tiny/34.png?lm=1520611569,深圳新鹏城,,free,,€100k,0.1,Free,0.0,true,
China,zh,2026-08-11 12:16 UTC,Transfermarkt 中国中超/中甲/中乙 2026 夏季转会,€,中超|中甲|中乙,中超,青岛西海岸,Qingdao West Coast,qingdao-west-coast,https://tmssl.akamaized.net//images/wappen/homepageSmall/70662.png?lm=1716027782,in,2026-07-08,谢初筠,Alexander Xie,1302329,6410923,51031416,中国,懂球帝,19,DM,Defensive Midfield,China,https://tmssl.akamaized.net//images/flagge/tiny/34.png?lm=1520611569,VfB Stuttgart U19,,free,,?,,Free,0.0,true,
China,zh,2026-08-11 12:16 UTC,Transfermarkt 中国中超/中甲/中乙 2026 夏季转会,€,中超|中甲|中乙,中超,青岛西海岸,Qingdao West Coast,qingdao-west-coast,https://tmssl.akamaized.net//images/wappen/homepageSmall/70662.png?lm=1716027782,in,2026-07-21,Bruno Viana,,411838,6446475,,,,31,CB,Centre-Back,Brazil,https://tmssl.akamaized.net//images/flagge/tiny/26.png?lm=1520611569,Alanyaspor,,loan,,€400k,0.4,Loan,,true,
China,zh,2026-08-11 12:16 UTC,Transfermarkt 中国中超/中甲/中乙 2026 夏季转会,€,中超|中甲|中乙,中超,青岛西海岸,Qingdao West Coast,qingdao-west-coast,https://tmssl.akamaized.net//images/wappen/homepageSmall/70662.png?lm=1716027782,out,2026-07-09,刘小龙,Xiaolong Liu,996883,6414336,50751875,中国,懂球帝,22,LW,Left Winger,China,https://tmssl.akamaized.net//images/flagge/tiny/34.png?lm=1520611569,深圳青年人,,transfer,,€75k,0.075,€32k,0.032,true,
China,zh,2026-08-11 12:16 UTC,Transfermarkt 中国中超/中甲/中乙 2026 夏季转会,€,中超|中甲|中乙,中超,青岛西海岸,Qingdao West Coast,qingdao-west-coast,https://tmssl.akamaized.net//images/wappen/homepageSmall/70662.png?lm=1716027782,out,2026-07-02,宋浩宇,Haoyu Song,812537,6395713,50571689,中国,懂球帝,24,RB,Right-Back,China,https://tmssl.akamaized.net//images/flagge/tiny/34.png?lm=1520611569,石家庄功夫,,loan,,€75k,0.075,Loan,,true,
China,zh,2026-08-11 12:16 UTC,Transfermarkt 中国中超/中甲/中乙 2026 夏季转会,€,中超|中甲|中乙,中超,青岛西海岸,Qingdao West Coast,qingdao-west-coast,https://tmssl.akamaized.net//images/wappen/homepageSmall/70662.png?lm=1716027782,out,2026-07-16,Junzhen Xue,,1396624,6451544,,,,20,DF,Defender,China,https://tmssl.akamaized.net//images/flagge/tiny/34.png?lm=1520611569,Qingdao West Coast U20,,other,,?,,?,,true,
China,zh,2026-08-11 12:16 UTC,Transfermarkt 中国中超/中甲/中乙 2026 夏季转会,€,中超|中甲|中乙,中超,青岛西海岸,Qingdao West Coast,qingdao-west-coast,https://tmssl.akamaized.net//images/wappen/homepageSmall/70662.png?lm=1716027782,out,2026-07-22,Rezende,,793815,6449202,,,,31,DM,Defensive Midfield,Brazil,https://tmssl.akamaized.net//images/flagge/tiny/26.png?lm=1520611569,Qingdao West Coast Reserves,,other,,€600k,0.6,?,,true,
China,zh,2026-08-11 12:16 UTC,Transfermarkt 中国中超/中甲/中乙 2026 夏季转会,€,中超|中甲|中乙,中超,河南队,Henan FC,henan-fc,https://tmssl.akamaized.net//images/wappen/homepageSmall/9982.png?lm=1680942904,in,2026-07-01,Maranhão,,642591,6392659,,,,27,RW,Right Winger,Brazil,https://tmssl.akamaized.net//images/flagge/tiny/26.png?lm=1520611569,CD Tondela,,free,,€1.50m,1.5,Free,0.0,true,
China,zh,2026-08-11 12:16 UTC,Transfermarkt 中国中超/中甲/中乙 2026 夏季转会,€,中超|中甲|中乙,中超,河南队,Henan FC,henan-fc,https://tmssl.akamaized.net//images/wappen/homepageSmall/9982.png?lm=1680942904,out,2026-07-20,陈克强,Keqiang Chen,662481,6441167,50562769,中国,懂球帝,26,AM,Attacking Midfield,China,https://tmssl.akamaized.net//images/flagge/tiny/34.png?lm=1520611569,延边龙鼎,,loan,,€25k,0.025,Loan,,true,
China,zh,2026-08-11 12:16 UTC,Transfermarkt 中国中超/中甲/中乙 2026 夏季转会,€,中超|中甲|中乙,中超,河南队,Henan FC,henan-fc,https://tmssl.akamaized.net//images/wappen/homepageSmall/9982.png?lm=1680942904,out,2026-07-17,Jordi Mboula,,331498,6434998,,,,27,RW,Right Winger,Spain,https://tmssl.akamaized.net//images/flagge/tiny/157.png?lm=1520611569,AE Kifisia,,free,,€500k,0.5,Free,0.0,true,
China,zh,2026-08-11 12:16 UTC,Transfermarkt 中国中超/中甲/中乙 2026 夏季转会,€,中超|中甲|中乙,中超,大连英博,Dalian Yingbo,dalian-yingbo,https://tmssl.akamaized.net//images/wappen/homepageSmall/98080.png?lm=1735960419,in,2026-07-03,冯博轩,Boxuan Feng,412962,6399472,50254045,中国,懂球帝,29,RB,Right-Back,China,https://tmssl.akamaized.net//images/flagge/tiny/34.png?lm=1520611569,北京国安,,free,,€100k,0.1,Free,0.0,true,
China,zh,2026-08-11 12:16 UTC,Transfermarkt 中国中超/中甲/中乙 2026 夏季转会,€,中超|中甲|中乙,中超,大连英博,Dalian Yingbo,dalian-yingbo,https://tmssl.akamaized.net//images/wappen/homepageSmall/98080.png?lm=1735960419,in,2026-07-13,Pedro Delgado,,258021,6425028,,,,29,AM,Attacking Midfield,Portugal,https://tmssl.akamaized.net//images/flagge/tiny/136.png?lm=1520611569,山东泰山,,loan,,€150k,0.15,Loan,,true,
China,zh,2026-08-11 12:16 UTC,Transfermarkt 中国中超/中甲/中乙 2026 夏季转会,€,中超|中甲|中乙,中超,大连英博,Dalian Yingbo,dalian-yingbo,https://tmssl.akamaized.net//images/wappen/homepageSmall/98080.png?lm=1735960419,in,2026-07-01,王晓峰,Xiaofeng Wang,738564,6451550,50560280,中国,懂球帝,25,GK,Goalkeeper,China,https://tmssl.akamaized.net//images/flagge/tiny/34.png?lm=1520611569,大连英博B队,,promotion,,?,,Promotion,,true,
China,zh,2026-08-11 12:16 UTC,Transfermarkt 中国中超/中甲/中乙 2026 夏季转会,€,中超|中甲|中乙,中超,大连英博,Dalian Yingbo,dalian-yingbo,https://tmssl.akamaized.net//images/wappen/homepageSmall/98080.png?lm=1735960419,out,2026-07-09,闫奕涵,Yihan Yan,1267468,6414332,50990695,中国,懂球帝,20,AM,Attacking Midfield,China,https://tmssl.akamaized.net//images/flagge/tiny/34.png?lm=1520611569,大连鲧城,,loan,,?,,Loan,,true,
China,zh,2026-08-11 12:16 UTC,Transfermarkt 中国中超/中甲/中乙 2026 夏季转会,€,中超|中甲|中乙,中超,大连英博,Dalian Yingbo,dalian-yingbo,https://tmssl.akamaized.net//images/wappen/homepageSmall/98080.png?lm=1735960419,out,2026-07-17,靖宽杰,Kuanjie Jing,1246319,6451547,50967396,中国,懂球帝,20,MF,Midfielder,China,https://tmssl.akamaized.net//images/flagge/tiny/34.png?lm=1520611569,大连英博B队,,other,,?,,?,,true,
China,zh,2026-08-11 12:16 UTC,Transfermarkt 中国中超/中甲/中乙 2026 夏季转会,€,中超|中甲|中乙,中超,深圳新鹏城,Shenzhen Peng City,shenzhen-peng-city,https://tmssl.akamaized.net//images/wappen/homepageSmall/51120.png?lm=1773950007,in,2026-07-20,余梦辉,Menghui Yu,1252393,6441160,50974989,中国,懂球帝,20,MF,Midfielder,China,https://tmssl.akamaized.net//images/flagge/tiny/34.png?lm=1520611569,南京城市,,transfer,,€125k,0.125,€65k,0.065,true,
China,zh,2026-08-11 12:16 UTC,Transfermarkt 中国中超/中甲/中乙 2026 夏季转会,€,中超|中甲|中乙,中超,深圳新鹏城,Shenzhen Peng City,shenzhen-peng-city,https://tmssl.akamaized.net//images/wappen/homepageSmall/51120.png?lm=1773950007,in,2026-07-10,张宇峰,Yufeng Zhang,316215,6416413,50385223,中国,懂球帝,28,DM,Defensive Midfield,China,https://tmssl.akamaized.net//images/flagge/tiny/34.png?lm=1520611569,云南玉昆,,loan,,€100k,0.1,Loan,,true,
China,zh,2026-08-11 12:16 UTC,Transfermarkt 中国中超/中甲/中乙 2026 夏季转会,€,中超|中甲|中乙,中超,深圳新鹏城,Shenzhen Peng City,shenzhen-peng-city,https://tmssl.akamaized.net//images/wappen/homepageSmall/51120.png?lm=1773950007,in,2026-07-09,赵剑非,Jianfei Zhao,437943,6414338,50452504,中国,懂球帝,27,CB,Centre-Back,China,https://tmssl.akamaized.net//images/flagge/tiny/34.png?lm=1520611569,山东泰山,,loan,,€75k,0.075,Loan,,true,
China,zh,2026-08-11 12:16 UTC,Transfermarkt 中国中超/中甲/中乙 2026 夏季转会,€,中超|中甲|中乙,中超,深圳新鹏城,Shenzhen Peng City,shenzhen-peng-city,https://tmssl.akamaized.net//images/wappen/homepageSmall/51120.png?lm=1773950007,in,2026-07-16,唐淼,Miao Tang,150081,6432132,50079046,中国,懂球帝,35,RB,Right-Back,China,https://tmssl.akamaized.net//images/flagge/tiny/34.png?lm=1520611569,云南玉昆,,free,,€25k,0.025,Free,0.0,true,
China,zh,2026-08-11 12:16 UTC,Transfermarkt 中国中超/中甲/中乙 2026 夏季转会,€,中超|中甲|中乙,中超,深圳新鹏城,Shenzhen Peng City,shenzhen-peng-city,https://tmssl.akamaized.net//images/wappen/homepageSmall/51120.png?lm=1773950007,out,2026-07-09,张晓彬,Xiaobin Zhang,302080,6414334,50211960,中国,懂球帝,32,DM,Defensive Midfield,China,https://tmssl.akamaized.net//images/flagge/tiny/34.png?lm=1520611569,武汉三镇,,transfer,,€75k,0.075,€77k,0.077,true,
China,zh,2026-08-11 12:16 UTC,Transfermarkt 中国中超/中甲/中乙 2026 夏季转会,€,中超|中甲|中乙,中超,深圳新鹏城,Shenzhen Peng City,shenzhen-peng-city,https://tmssl.akamaized.net//images/wappen/homepageSmall/51120.png?lm=1773950007,out,2026-07-16,胡睿宝,Ruibao Hu,316027,6432152,50242677,中国,懂球帝,29,CB,Centre-Back,China,https://tmssl.akamaized.net//images/flagge/tiny/34.png?lm=1520611569,云南玉昆,,loan,,€125k,0.125,Loan,,true,
China,zh,2026-08-11 12:16 UTC,Transfermarkt 中国中超/中甲/中乙 2026 夏季转会,€,中超|中甲|中乙,中超,深圳新鹏城,Shenzhen Peng City,shenzhen-peng-city,https://tmssl.akamaized.net//images/wappen/homepageSmall/51120.png?lm=1773950007,out,2026-07-17,张昱杰,Yujie Zhang,839279,6433752,50584740,中国,懂球帝,24,LB,Left-Back,China,https://tmssl.akamaized.net//images/flagge/tiny/34.png?lm=1520611569,定南赣联,,loan,,€25k,0.025,Loan,,true,
China,zh,2026-08-11 12:16 UTC,Transfermarkt 中国中超/中甲/中乙 2026 夏季转会,€,中超|中甲|中乙,中超,深圳新鹏城,Shenzhen Peng City,shenzhen-peng-city,https://tmssl.akamaized.net//images/wappen/homepageSmall/51120.png?lm=1773950007,out,2026-07-01,南松,Song Nan,456030,6392660,50385647,中国,懂球帝,29,AM,Attacking Midfield,China,https://tmssl.akamaized.net//images/flagge/tiny/34.png?lm=1520611569,青岛西海岸,,free,,€100k,0.1,Free,0.0,true,
China,zh,2026-08-11 12:16 UTC,Transfermarkt 中国中超/中甲/中乙 2026 夏季转会,€,中超|中甲|中乙,中超,深圳新鹏城,Shenzhen Peng City,shenzhen-peng-city,https://tmssl.akamaized.net//images/wappen/homepageSmall/51120.png?lm=1773950007,out,2026-07-04,赵博阳,Boyang Zhao,1509924,6403104,51203966,中国,懂球帝,19,FW,Striker,China,https://tmssl.akamaized.net//images/flagge/tiny/34.png?lm=1520611569,厦门飞鹭,,loan,,?,,Loan,,true,
China,zh,2026-08-11 12:16 UTC,Transfermarkt 中国中超/中甲/中乙 2026 夏季转会,€,中超|中甲|中乙,中超,武汉三镇,Wuhan Three Towns,wuhan-three-towns,https://tmssl.akamaized.net//images/wappen/homepageSmall/70657.png?lm=1735794044,in,2026-07-09,张晓彬,Xiaobin Zhang,302080,6414334,50211960,中国,懂球帝,32,DM,Defensive Midfield,China,https://tmssl.akamaized.net//images/flagge/tiny/34.png?lm=1520611569,深圳新鹏城,,transfer,,€75k,0.075,€77k,0.077,true,
China,zh,2026-08-11 12:16 UTC,Transfermarkt 中国中超/中甲/中乙 2026 夏季转会,€,中超|中甲|中乙,中超,武汉三镇,Wuhan Three Towns,wuhan-three-towns,https://tmssl.akamaized.net//images/wappen/homepageSmall/70657.png?lm=1735794044,in,2026-07-22,Antoine Leautey,,467486,6447067,,,,30,RW,Right Winger,France,https://tmssl.akamaized.net//images/flagge/tiny/50.png?lm=1520611569,Stade Reims,,other,,€800k,0.8,?,,true,
China,zh,2026-08-11 12:16 UTC,Transfermarkt 中国中超/中甲/中乙 2026 夏季转会,€,中超|中甲|中乙,中超,武汉三镇,Wuhan Three Towns,wuhan-three-towns,https://tmssl.akamaized.net//images/wappen/homepageSmall/70657.png?lm=1735794044,out,2026-07-22,Mbouri Yamkam,,846123,6451571,,,,28,CB,Centre-Back,Cameroon,https://tmssl.akamaized.net//images/flagge/tiny/31.png?lm=1520611569,Wuhan Three Towns Reserves,,other,,€650k,0.65,?,,true,
China,zh,2026-08-11 12:16 UTC,Transfermarkt 中国中超/中甲/中乙 2026 夏季转会,€,中超|中甲|中乙,中超,青岛海牛,Qingdao Hainiu,qingdao-hainiu,https://tmssl.akamaized.net//images/wappen/homepageSmall/8536.png?lm=1757274081,in,2026-07-13,Lazar Tufegdzic,,257466,6425109,,,,29,AM,Attacking Midfield,Serbia,https://tmssl.akamaized.net//images/flagge/tiny/215.png?lm=1520611569,FK Cukaricki,,free,,€350k,0.35,Free,0.0,true,
China,zh,2026-08-11 12:16 UTC,Transfermarkt 中国中超/中甲/中乙 2026 夏季转会,€,中超|中甲|中乙,中超,青岛海牛,Qingdao Hainiu,qingdao-hainiu,https://tmssl.akamaized.net//images/wappen/homepageSmall/8536.png?lm=1757274081,in,2026-07-20,李嗣镕,Sirong Li,503316,6441165,50599941,中国,懂球帝,23,RB,Right-Back,China,https://tmssl.akamaized.net//images/flagge/tiny/34.png?lm=1520611569,天津津门虎,,loan,,€50k,0.05,Loan,,true,
China,zh,2026-08-11 12:16 UTC,Transfermarkt 中国中超/中甲/中乙 2026 夏季转会,€,中超|中甲|中乙,中超,青岛海牛,Qingdao Hainiu,qingdao-hainiu,https://tmssl.akamaized.net//images/wappen/homepageSmall/8536.png?lm=1757274081,in,2026-07-22,宫睿聪,Ruicong Gong,1254615,6451583,50874106,中国,懂球帝,20,MF,Midfielder,China,https://tmssl.akamaized.net//images/flagge/tiny/34.png?lm=1520611569,Qingdao Hainiu U20,,promotion,,?,,Promotion,,true,
China,zh,2026-08-11 12:16 UTC,Transfermarkt 中国中超/中甲/中乙 2026 夏季转会,€,中超|中甲|中乙,中超,青岛海牛,Qingdao Hainiu,qingdao-hainiu,https://tmssl.akamaized.net//images/wappen/homepageSmall/8536.png?lm=1757274081,out,2026-07-03,张卫,Wei Zhang,254642,6399465,50211936,中国,懂球帝,33,LB,Left-Back,China,https://tmssl.akamaized.net//images/flagge/tiny/34.png?lm=1520611569,上海海港B队,,loan,,€50k,0.05,Loan,,true,
China,zh,2026-08-11 12:16 UTC,Transfermarkt 中国中超/中甲/中乙 2026 夏季转会,€,中超|中甲|中乙,中超,青岛海牛,Qingdao Hainiu,qingdao-hainiu,https://tmssl.akamaized.net//images/wappen/homepageSmall/8536.png?lm=1757274081,out,2026-07-13,Ahmed El Messaoudi,,303939,6448628,,,,30,CM,Central Midfield,Morocco,https://tmssl.akamaized.net//images/flagge/tiny/107.png?lm=1520611569,Qingdao Hainiu Reserves,,other,,€700k,0.7,?,,true,
China,zh,2026-08-11 12:16 UTC,Transfermarkt 中国中超/中甲/中乙 2026 夏季转会,€,中超|中甲|中乙,中超,辽宁铁人,Liaoning Tieren,liaoning-tieren,https://tmssl.akamaized.net//images/wappen/homepageSmall/50973.png?lm=1744453839,in,2026-07-21,解锦添,Jintian Xie,1125742,6444112,50795395,中国,懂球帝,20,GK,Goalkeeper,China,https://tmssl.akamaized.net//images/flagge/tiny/34.png?lm=1520611569,Liaoning Shengjing Xinrui,,free,,?,,Free,0.0,true,
China,zh,2026-08-11 12:16 UTC,Transfermarkt 中国中超/中甲/中乙 2026 夏季转会,€,中超|中甲|中乙,中超,辽宁铁人,Liaoning Tieren,liaoning-tieren,https://tmssl.akamaized.net//images/wappen/homepageSmall/50973.png?lm=1744453839,in,2026-07-03,刘国博,Guobo Liu,527714,6399463,50440311,中国,懂球帝,26,CF,Centre-Forward,China,https://tmssl.akamaized.net//images/flagge/tiny/34.png?lm=1520611569,Shandong Taishan Reserves,,loan,,?,,Loan,,true,
China,zh,2026-08-11 12:16 UTC,Transfermarkt 中国中超/中甲/中乙 2026 夏季转会,€,中超|中甲|中乙,中超,辽宁铁人,Liaoning Tieren,liaoning-tieren,https://tmssl.akamaized.net//images/wappen/homepageSmall/50973.png?lm=1744453839,out,2026-07-22,田子羿,Ziyi Tian,493532,6446544,50440598,中国,懂球帝,25,CB,Centre-Back,China,https://tmssl.akamaized.net//images/flagge/tiny/34.png?lm=1520611569,长春亚泰,,loan,,€75k,0.075,Loan,,true,
China,zh,2026-08-11 12:16 UTC,Transfermarkt 中国中超/中甲/中乙 2026 夏季转会,€,中超|中甲|中乙,中超,辽宁铁人,Liaoning Tieren,liaoning-tieren,https://tmssl.akamaized.net//images/wappen/homepageSmall/50973.png?lm=1744453839,out,2026-07-20,桂子涵,Zihan Gui,810621,6441697,50570844,中国,懂球帝,23,LW,Left Winger,China,https://tmssl.akamaized.net//images/flagge/tiny/34.png?lm=1520611569,无锡吴钩,,loan,,€75k,0.075,Loan,,true,
China,zh,2026-08-11 12:16 UTC,Transfermarkt 中国中超/中甲/中乙 2026 夏季转会,€,中超|中甲|中乙,中超,辽宁铁人,Liaoning Tieren,liaoning-tieren,https://tmssl.akamaized.net//images/wappen/homepageSmall/50973.png?lm=1744453839,out,2026-07-20,Kudirat Ablet,,449276,6451615,,,,29,GK,Goalkeeper,China,https://tmssl.akamaized.net//images/flagge/tiny/34.png?lm=1520611569,Liaoning Tieren Reserves,,other,,€75k,0.075,?,,true,
China,zh,2026-08-11 12:16 UTC,Transfermarkt 中国中超/中甲/中乙 2026 夏季转会,€,中超|中甲|中乙,中超,重庆铜梁龙,Chongqing Tonglianglong,chongqing-tonglianglong,https://tmssl.akamaized.net//images/wappen/homepageSmall/99249.png?lm=1733792609,out,2026-07-17,黄旭恒,Xuheng Huang,890082,6438922,50633558,中国,懂球帝,24,CB,Centre-Back,China,https://tmssl.akamaized.net//images/flagge/tiny/34.png?lm=1520611569,青岛红狮,,loan,,€75k,0.075,Loan,,true,
China,zh,2026-08-11 12:16 UTC,Transfermarkt 中国中超/中甲/中乙 2026 夏季转会,€,中超|中甲|中乙,中甲,梅州客家,Meizhou Hakka,meizhou-hakka,https://tmssl.akamaized.net//images/wappen/homepageSmall/38929.png?lm=1763155035,in,2026-07-17,温庆城,Qingcheng Wen,1393859,6433760,51104181,中国,懂球帝,17,DF,Defender,China,https://tmssl.akamaized.net//images/flagge/tiny/34.png?lm=1520611569,Wuhua Huajing,,free,,?,,Free,0.0,true,
China,zh,2026-08-11 12:16 UTC,Transfermarkt 中国中超/中甲/中乙 2026 夏季转会,€,中超|中甲|中乙,中甲,梅州客家,Meizhou Hakka,meizhou-hakka,https://tmssl.akamaized.net//images/wappen/homepageSmall/38929.png?lm=1763155035,in,2026-07-22,杨云博,Yunbo Yang,1396280,6447083,51105076,中国,懂球帝,18,DF,Defender,China,https://tmssl.akamaized.net//images/flagge/tiny/34.png?lm=1520611569,Wuhua Huajing,,free,,?,,Free,0.0,true,
China,zh,2026-08-11 12:16 UTC,Transfermarkt 中国中超/中甲/中乙 2026 夏季转会,€,中超|中甲|中乙,中甲,梅州客家,Meizhou Hakka,meizhou-hakka,https://tmssl.akamaized.net//images/wappen/homepageSmall/38929.png?lm=1763155035,in,2026-07-22,粟嘉乐,Jiale Su,1242725,6447085,50965318,中国,懂球帝,21,AM,Attacking Midfield,China,https://tmssl.akamaized.net//images/flagge/tiny/34.png?lm=1520611569,Shanghai Zetian,,free,,€10k,0.01,Free,0.0,true,
China,zh,2026-08-11 12:16 UTC,Transfermarkt 中国中超/中甲/中乙 2026 夏季转会,€,中超|中甲|中乙,中甲,梅州客家,Meizhou Hakka,meizhou-hakka,https://tmssl.akamaized.net//images/wappen/homepageSmall/38929.png?lm=1763155035,out,2026-07-03,陈泉江,Quanjiang Chen,491941,6399461,50404568,中国,懂球帝,25,LB,Left-Back,China,https://tmssl.akamaized.net//images/flagge/tiny/34.png?lm=1520611569,长春喜都,,free,,€50k,0.05,Free,0.0,true,
China,zh,2026-08-11 12:16 UTC,Transfermarkt 中国中超/中甲/中乙 2026 夏季转会,€,中超|中甲|中乙,中甲,梅州客家,Meizhou Hakka,meizhou-hakka,https://tmssl.akamaized.net//images/wappen/homepageSmall/38929.png?lm=1763155035,out,2026-07-09,张兆致,Zhaozhi Zhang,1040499,6414331,50787618,中国,懂球帝,22,CB,Centre-Back,China,https://tmssl.akamaized.net//images/flagge/tiny/34.png?lm=1520611569,广西恒宸,,free,,€25k,0.025,Free,0.0,true,
China,zh,2026-08-11 12:16 UTC,Transfermarkt 中国中超/中甲/中乙 2026 夏季转会,€,中超|中甲|中乙,中甲,梅州客家,Meizhou Hakka,meizhou-hakka,https://tmssl.akamaized.net//images/wappen/homepageSmall/38929.png?lm=1763155035,out,2026-07-15,安勇建,Yongjian An,1090452,6429245,50663944,中国,懂球帝,24,FW,Striker,China,https://tmssl.akamaized.net//images/flagge/tiny/34.png?lm=1520611569,泰安天贶,,free,,€10k,0.01,Free,0.0,true,
China,zh,2026-08-11 12:16 UTC,Transfermarkt 中国中超/中甲/中乙 2026 夏季转会,€,中超|中甲|中乙,中甲,梅州客家,Meizhou Hakka,meizhou-hakka,https://tmssl.akamaized.net//images/wappen/homepageSmall/38929.png?lm=1763155035,out,2026-07-09,Xiangxin Wei,,1265965,6028590,,,,18,CF,Centre-Forward,China,https://tmssl.akamaized.net//images/flagge/tiny/34.png?lm=1520611569,AJ Auxerre,,other,,€300k,0.3,?,,true,
China,zh,2026-08-11 12:16 UTC,Transfermarkt 中国中超/中甲/中乙 2026 夏季转会,€,中超|中甲|中乙,中甲,长春亚泰,Changchun Yatai,changchun-yatai,https://tmssl.akamaized.net//images/wappen/homepageSmall/4768.png?lm=1406123036,in,2026-07-22,田子羿,Ziyi Tian,493532,6446544,50440598,中国,懂球帝,25,CB,Centre-Back,China,https://tmssl.akamaized.net//images/flagge/tiny/34.png?lm=1520611569,辽宁铁人,,loan,,€75k,0.075,Loan,,true,
China,zh,2026-08-11 12:16 UTC,Transfermarkt 中国中超/中甲/中乙 2026 夏季转会,€,中超|中甲|中乙,中甲,长春亚泰,Changchun Yatai,changchun-yatai,https://tmssl.akamaized.net//images/wappen/homepageSmall/4768.png?lm=1406123036,in,2026-07-03,孙锡鹏,Xipeng Sun,655238,6399468,50490435,中国,懂球帝,27,CF,Centre-Forward,China,https://tmssl.akamaized.net//images/flagge/tiny/34.png?lm=1520611569,延边龙鼎,,free,,€75k,0.075,Free,0.0,true,
China,zh,2026-08-11 12:16 UTC,Transfermarkt 中国中超/中甲/中乙 2026 夏季转会,€,中超|中甲|中乙,中甲,长春亚泰,Changchun Yatai,changchun-yatai,https://tmssl.akamaized.net//images/wappen/homepageSmall/4768.png?lm=1406123036,in,2026-07-09,王维朴,Weipu Wang,281517,6414341,50388157,中国,懂球帝,32,DM,Defensive Midfield,China,https://tmssl.akamaized.net//images/flagge/tiny/34.png?lm=1520611569,陕西联合,,loan,,€25k,0.025,Loan,,true,
China,zh,2026-08-11 12:16 UTC,Transfermarkt 中国中超/中甲/中乙 2026 夏季转会,€,中超|中甲|中乙,中甲,长春亚泰,Changchun Yatai,changchun-yatai,https://tmssl.akamaized.net//images/wappen/homepageSmall/4768.png?lm=1406123036,out,2026-07-03,徐越,Yue Xu,509013,6398870,50474025,中国,懂球帝,26,CM,Central Midfield,China,https://tmssl.akamaized.net//images/flagge/tiny/34.png?lm=1520611569,佛山南狮,,free,,€50k,0.05,Free,0.0,true,
China,zh,2026-08-11 12:16 UTC,Transfermarkt 中国中超/中甲/中乙 2026 夏季转会,€,中超|中甲|中乙,中甲,长春亚泰,Changchun Yatai,changchun-yatai,https://tmssl.akamaized.net//images/wappen/homepageSmall/4768.png?lm=1406123036,out,2026-07-03,巴特,Te Ba,1267274,6398862,50874265,中国,懂球帝,21,FW,Striker,China,https://tmssl.akamaized.net//images/flagge/tiny/34.png?lm=1520611569,泰安天贶,,loan,,?,,Loan,,true,
China,zh,2026-08-11 12:16 UTC,Transfermarkt 中国中超/中甲/中乙 2026 夏季转会,€,中超|中甲|中乙,中甲,广东广州豹,Guangdong GZ-Power,guangdong-gz-power,https://tmssl.akamaized.net//images/wappen/homepageSmall/107713.png?lm=1777215383,in,2026-07-01,João Carlos,,550179,6388257,,,,31,CF,Centre-Forward,Brazil,https://tmssl.akamaized.net//images/flagge/tiny/26.png?lm=1520611569,FK Sarajevo,,free,,€400k,0.4,Free,0.0,true,
China,zh,2026-08-11 12:16 UTC,Transfermarkt 中国中超/中甲/中乙 2026 夏季转会,€,中超|中甲|中乙,中甲,广东广州豹,Guangdong GZ-Power,guangdong-gz-power,https://tmssl.akamaized.net//images/wappen/homepageSmall/107713.png?lm=1777215383,in,2026-07-02,艾楚维,Chuwei Ai,1242825,6397474,50965321,中国,懂球帝,19,CF,Centre-Forward,China,https://tmssl.akamaized.net//images/flagge/tiny/34.png?lm=1520611569,温州队,,loan-return,,?,,End of loan,,true,
China,zh,2026-08-11 12:16 UTC,Transfermarkt 中国中超/中甲/中乙 2026 夏季转会,€,中超|中甲|中乙,中甲,广东广州豹,Guangdong GZ-Power,guangdong-gz-power,https://tmssl.akamaized.net//images/wappen/homepageSmall/107713.png?lm=1777215383,out,2026-07-21,崔星隆,Xinglong Cui,788163,6444108,50750265,中国,懂球帝,21,AM,Attacking Midfield,China,https://tmssl.akamaized.net//images/flagge/tiny/34.png?lm=1520611569,成都蓉城B队,,loan,,€25k,0.025,Loan,,true,
China,zh,2026-08-11 12:16 UTC,Transfermarkt 中国中超/中甲/中乙 2026 夏季转会,€,中超|中甲|中乙,中甲,广东广州豹,Guangdong GZ-Power,guangdong-gz-power,https://tmssl.akamaized.net//images/wappen/homepageSmall/107713.png?lm=1777215383,out,2026-07-21,李文乐,Wenle Li,1267178,6444106,50839728,中国,懂球帝,20,MF,Midfielder,China,https://tmssl.akamaized.net//images/flagge/tiny/34.png?lm=1520611569,成都蓉城B队,,loan,,?,,Loan,,true,
China,zh,2026-08-11 12:16 UTC,Transfermarkt 中国中超/中甲/中乙 2026 夏季转会,€,中超|中甲|中乙,中甲,广东广州豹,Guangdong GZ-Power,guangdong-gz-power,https://tmssl.akamaized.net//images/wappen/homepageSmall/107713.png?lm=1777215383,out,2026-07-01,马俊亮,Junliang Ma,448285,6392655,50385672,中国,懂球帝,28,CM,Central Midfield,China,https://tmssl.akamaized.net//images/flagge/tiny/34.png?lm=1520611569,石家庄功夫,,free,,€75k,0.075,Free,0.0,true,
China,zh,2026-08-11 12:16 UTC,Transfermarkt 中国中超/中甲/中乙 2026 夏季转会,€,中超|中甲|中乙,中甲,广东广州豹,Guangdong GZ-Power,guangdong-gz-power,https://tmssl.akamaized.net//images/wappen/homepageSmall/107713.png?lm=1777215383,out,2026-07-03,艾楚维,Chuwei Ai,1242825,6398866,50965321,中国,懂球帝,19,CF,Centre-Forward,China,https://tmssl.akamaized.net//images/flagge/tiny/34.png?lm=1520611569,大连可为,,loan,,?,,Loan,,true,
China,zh,2026-08-11 12:16 UTC,Transfermarkt 中国中超/中甲/中乙 2026 夏季转会,€,中超|中甲|中乙,中甲,延边龙鼎,Yanbian Longding,yanbian-longding,https://tmssl.akamaized.net//images/wappen/homepageSmall/73135.png?lm=1688411652,in,2026-07-20,陈克强,Keqiang Chen,662481,6441167,50562769,中国,懂球帝,26,AM,Attacking Midfield,China,https://tmssl.akamaized.net//images/flagge/tiny/34.png?lm=1520611569,河南队,,loan,,€25k,0.025,Loan,,true,
China,zh,2026-08-11 12:16 UTC,Transfermarkt 中国中超/中甲/中乙 2026 夏季转会,€,中超|中甲|中乙,中甲,延边龙鼎,Yanbian Longding,yanbian-longding,https://tmssl.akamaized.net//images/wappen/homepageSmall/73135.png?lm=1688411652,in,2026-07-03,黄梓铭,Ziming Huang,1174756,6399545,50914563,中国,懂球帝,19,MF,Midfielder,China,https://tmssl.akamaized.net//images/flagge/tiny/34.png?lm=1520611569,长春喜都,,free,,?,,Free,0.0,true,
China,zh,2026-08-11 12:16 UTC,Transfermarkt 中国中超/中甲/中乙 2026 夏季转会,€,中超|中甲|中乙,中甲,延边龙鼎,Yanbian Longding,yanbian-longding,https://tmssl.akamaized.net//images/wappen/homepageSmall/73135.png?lm=1688411652,in,2026-07-08,潘宣宇,Xuanyu Pan,1525474,6411105,51217254,中国,懂球帝,19,MF,Midfielder,China,https://tmssl.akamaized.net//images/flagge/tiny/34.png?lm=1520611569,赣州瑞狮,,loan,,?,,Loan,,true,
China,zh,2026-08-11 12:16 UTC,Transfermarkt 中国中超/中甲/中乙 2026 夏季转会,€,中超|中甲|中乙,中甲,延边龙鼎,Yanbian Longding,yanbian-longding,https://tmssl.akamaized.net//images/wappen/homepageSmall/73135.png?lm=1688411652,in,2026-07-22,何朕宇,Zhenyu He,603613,6446474,50456024,中国,懂球帝,25,LW,Left Winger,China,https://tmssl.akamaized.net//images/flagge/tiny/34.png?lm=1520611569,Without Club,,other,,?,,?,,true,
China,zh,2026-08-11 12:16 UTC,Transfermarkt 中国中超/中甲/中乙 2026 夏季转会,€,中超|中甲|中乙,中甲,延边龙鼎,Yanbian Longding,yanbian-longding,https://tmssl.akamaized.net//images/wappen/homepageSmall/73135.png?lm=1688411652,out,2026-07-03,孙锡鹏,Xipeng Sun,655238,6399468,50490435,中国,懂球帝,27,CF,Centre-Forward,China,https://tmssl.akamaized.net//images/flagge/tiny/34.png?lm=1520611569,长春亚泰,,free,,€75k,0.075,Free,0.0,true,
China,zh,2026-08-11 12:16 UTC,Transfermarkt 中国中超/中甲/中乙 2026 夏季转会,€,中超|中甲|中乙,中甲,延边龙鼎,Yanbian Longding,yanbian-longding,https://tmssl.akamaized.net//images/wappen/homepageSmall/73135.png?lm=1688411652,out,2026-07-15,李点通,Diantong Li,881683,6429246,50483817,中国,懂球帝,27,AM,Attacking Midfield,China,https://tmssl.akamaized.net//images/flagge/tiny/34.png?lm=1520611569,厦门飞鹭,,free,,€50k,0.05,Free,0.0,true,
China,zh,2026-08-11 12:16 UTC,Transfermarkt 中国中超/中甲/中乙 2026 夏季转会,€,中超|中甲|中乙,中甲,延边龙鼎,Yanbian Longding,yanbian-longding,https://tmssl.akamaized.net//images/wappen/homepageSmall/73135.png?lm=1688411652,out,2026-07-22,Dongping Luo,,959757,6451634,,,,23,MF,Midfielder,China,https://tmssl.akamaized.net//images/flagge/tiny/34.png?lm=1520611569,Yanbian Longding Reserves,,other,,€10k,0.01,?,,true,
China,zh,2026-08-11 12:16 UTC,Transfermarkt 中国中超/中甲/中乙 2026 夏季转会,€,中超|中甲|中乙,中甲,延边龙鼎,Yanbian Longding,yanbian-longding,https://tmssl.akamaized.net//images/wappen/homepageSmall/73135.png?lm=1688411652,out,2026-07-09,杨一鸣,Yiming Yang,1381020,6451636,50257776,中国,懂球帝,18,GK,Goalkeeper,China,https://tmssl.akamaized.net//images/flagge/tiny/34.png?lm=1520611569,Yanbian Longding U21,,other,,?,,?,,true,
China,zh,2026-08-11 12:16 UTC,Transfermarkt 中国中超/中甲/中乙 2026 夏季转会,€,中超|中甲|中乙,中甲,延边龙鼎,Yanbian Longding,yanbian-longding,https://tmssl.akamaized.net//images/wappen/homepageSmall/73135.png?lm=1688411652,out,2026-07-22,Zhiyu Zheng,,893761,6451638,,,,21,MF,Midfielder,China,https://tmssl.akamaized.net//images/flagge/tiny/34.png?lm=1520611569,Yanbian Longding Reserves,,other,,€10k,0.01,?,,true,
China,zh,2026-08-11 12:16 UTC,Transfermarkt 中国中超/中甲/中乙 2026 夏季转会,€,中超|中甲|中乙,中甲,石家庄功夫,Shijiazhuang Gongfu,shijiazhuang-gongfu,https://tmssl.akamaized.net//images/wappen/homepageSmall/85480.png?lm=1745609091,in,2026-07-02,宋浩宇,Haoyu Song,812537,6395713,50571689,中国,懂球帝,24,RB,Right-Back,China,https://tmssl.akamaized.net//images/flagge/tiny/34.png?lm=1520611569,青岛西海岸,,loan,,€75k,0.075,Loan,,true,
China,zh,2026-08-11 12:16 UTC,Transfermarkt 中国中超/中甲/中乙 2026 夏季转会,€,中超|中甲|中乙,中甲,石家庄功夫,Shijiazhuang Gongfu,shijiazhuang-gongfu,https://tmssl.akamaized.net//images/wappen/homepageSmall/85480.png?lm=1745609091,in,2026-07-01,马俊亮,Junliang Ma,448285,6392655,50385672,中国,懂球帝,28,CM,Central Midfield,China,https://tmssl.akamaized.net//images/flagge/tiny/34.png?lm=1520611569,广东广州豹,,free,,€75k,0.075,Free,0.0,true,
China,zh,2026-08-11 12:16 UTC,Transfermarkt 中国中超/中甲/中乙 2026 夏季转会,€,中超|中甲|中乙,中甲,石家庄功夫,Shijiazhuang Gongfu,shijiazhuang-gongfu,https://tmssl.akamaized.net//images/wappen/homepageSmall/85480.png?lm=1745609091,in,2026-07-22,肖嘉懿,Jiayi Xiao,1295687,6446536,51253412,中国,懂球帝,21,AM,Attacking Midfield,China,https://tmssl.akamaized.net//images/flagge/tiny/34.png?lm=1520611569,FC Viktoria 1889 Berlin,,free,,?,,Free,0.0,true,
China,zh,2026-08-11 12:16 UTC,Transfermarkt 中国中超/中甲/中乙 2026 夏季转会,€,中超|中甲|中乙,中甲,石家庄功夫,Shijiazhuang Gongfu,shijiazhuang-gongfu,https://tmssl.akamaized.net//images/wappen/homepageSmall/85480.png?lm=1745609091,in,2026-07-22,刘宇宸,Yuchen Liu,1251775,6447095,50974910,中国,懂球帝,20,MF,Midfielder,China,https://tmssl.akamaized.net//images/flagge/tiny/34.png?lm=1520611569,Shanxi Xiangyu,,free,,?,,Free,0.0,true,
China,zh,2026-08-11 12:16 UTC,Transfermarkt 中国中超/中甲/中乙 2026 夏季转会,€,中超|中甲|中乙,中甲,石家庄功夫,Shijiazhuang Gongfu,shijiazhuang-gongfu,https://tmssl.akamaized.net//images/wappen/homepageSmall/85480.png?lm=1745609091,in,2026-07-22,陈浩玮,Hao-Wei Chen,198884,6446250,50113770,中国台北,懂球帝,34,RW,Right Winger,Chinese Taipei,https://tmssl.akamaized.net//images/flagge/tiny/164.png?lm=1679300082,宁波队,,loan,,€25k,0.025,Loan,,true,
China,zh,2026-08-11 12:16 UTC,Transfermarkt 中国中超/中甲/中乙 2026 夏季转会,€,中超|中甲|中乙,中甲,石家庄功夫,Shijiazhuang Gongfu,shijiazhuang-gongfu,https://tmssl.akamaized.net//images/wappen/homepageSmall/85480.png?lm=1745609091,out,2026-07-15,赵梓业,Ziye Zhao,944624,6429236,50752568,中国,懂球帝,22,FW,Striker,China,https://tmssl.akamaized.net//images/flagge/tiny/34.png?lm=1520611569,武汉三镇B队,,loan,,€25k,0.025,Loan,,true,
China,zh,2026-08-11 12:16 UTC,Transfermarkt 中国中超/中甲/中乙 2026 夏季转会,€,中超|中甲|中乙,中甲,石家庄功夫,Shijiazhuang Gongfu,shijiazhuang-gongfu,https://tmssl.akamaized.net//images/wappen/homepageSmall/85480.png?lm=1745609091,out,2026-07-18,徐友刚,Yougang Xu,353071,6436993,50251891,中国,懂球帝,30,RB,Right-Back,China,https://tmssl.akamaized.net//images/flagge/tiny/34.png?lm=1520611569,宁波队,,free,,€75k,0.075,Free,0.0,true,
China,zh,2026-08-11 12:16 UTC,Transfermarkt 中国中超/中甲/中乙 2026 夏季转会,€,中超|中甲|中乙,中甲,石家庄功夫,Shijiazhuang Gongfu,shijiazhuang-gongfu,https://tmssl.akamaized.net//images/wappen/homepageSmall/85480.png?lm=1745609091,out,2026-07-21,Zhaoji Xu,,660938,6451643,,,,28,MF,Midfielder,China,https://tmssl.akamaized.net//images/flagge/tiny/34.png?lm=1520611569,Shijiazhuang Gongfu Reserves,,other,,€25k,0.025,?,,true,
China,zh,2026-08-11 12:16 UTC,Transfermarkt 中国中超/中甲/中乙 2026 夏季转会,€,中超|中甲|中乙,中甲,定南赣联,Dingnan United,dingnan-united,https://tmssl.akamaized.net//images/wappen/homepageSmall/45500.png?lm=1775167660,in,2026-07-17,张昱杰,Yujie Zhang,839279,6433752,50584740,中国,懂球帝,24,LB,Left-Back,China,https://tmssl.akamaized.net//images/flagge/tiny/34.png?lm=1520611569,深圳新鹏城,,loan,,€25k,0.025,Loan,,true,
China,zh,2026-08-11 12:16 UTC,Transfermarkt 中国中超/中甲/中乙 2026 夏季转会,€,中超|中甲|中乙,中甲,定南赣联,Dingnan United,dingnan-united,https://tmssl.akamaized.net//images/wappen/homepageSmall/45500.png?lm=1775167660,in,2026-07-22,陈致玮,Zhiwei Chen,1484739,6446240,51185134,中国,懂球帝,19,MF,Midfielder,China,https://tmssl.akamaized.net//images/flagge/tiny/34.png?lm=1520611569,Lanzhou Longyuan Athletic U20,,free,,?,,Free,0.0,true,
China,zh,2026-08-11 12:16 UTC,Transfermarkt 中国中超/中甲/中乙 2026 夏季转会,€,中超|中甲|中乙,中甲,定南赣联,Dingnan United,dingnan-united,https://tmssl.akamaized.net//images/wappen/homepageSmall/45500.png?lm=1775167660,in,2026-07-01,朱明鑫,Mingxin Zhu,795299,6392657,50570392,中国,懂球帝,27,CB,Centre-Back,China,https://tmssl.akamaized.net//images/flagge/tiny/34.png?lm=1520611569,赣州瑞狮,,free,,?,,Free,0.0,true,
China,zh,2026-08-11 12:16 UTC,Transfermarkt 中国中超/中甲/中乙 2026 夏季转会,€,中超|中甲|中乙,中甲,定南赣联,Dingnan United,dingnan-united,https://tmssl.akamaized.net//images/wappen/homepageSmall/45500.png?lm=1775167660,out,2026-07-17,高嘉良,Jialiang Gao,945405,6438924,50756880,中国,懂球帝,26,DF,Defender,China,https://tmssl.akamaized.net//images/flagge/tiny/34.png?lm=1520611569,厦门飞鹭,,free,,€25k,0.025,Free,0.0,true,
China,zh,2026-08-11 12:16 UTC,Transfermarkt 中国中超/中甲/中乙 2026 夏季转会,€,中超|中甲|中乙,中甲,定南赣联,Dingnan United,dingnan-united,https://tmssl.akamaized.net//images/wappen/homepageSmall/45500.png?lm=1775167660,out,2026-07-17,任泽宁,Zening Ren,1151941,6433789,50890762,中国,懂球帝,21,MF,Midfielder,China,https://tmssl.akamaized.net//images/flagge/tiny/34.png?lm=1520611569,赣州瑞狮,,free,,€10k,0.01,Free,0.0,true,
China,zh,2026-08-11 12:16 UTC,Transfermarkt 中国中超/中甲/中乙 2026 夏季转会,€,中超|中甲|中乙,中甲,定南赣联,Dingnan United,dingnan-united,https://tmssl.akamaized.net//images/wappen/homepageSmall/45500.png?lm=1775167660,out,2026-07-15,殷培源,Peiyuan Yin,1431316,6429230,51138269,中国,懂球帝,18,FW,Striker,China,https://tmssl.akamaized.net//images/flagge/tiny/34.png?lm=1520611569,赣州瑞狮,,loan,,?,,Loan,,true,
China,zh,2026-08-11 12:16 UTC,Transfermarkt 中国中超/中甲/中乙 2026 夏季转会,€,中超|中甲|中乙,中甲,定南赣联,Dingnan United,dingnan-united,https://tmssl.akamaized.net//images/wappen/homepageSmall/45500.png?lm=1775167660,out,2026-07-15,黄嘉乐,Jiale Huang,1243595,6429247,50966247,中国,懂球帝,18,MF,Midfielder,China,https://tmssl.akamaized.net//images/flagge/tiny/34.png?lm=1520611569,湖北青年星,,loan-return,,€25k,0.025,End of loan,,true,
China,zh,2026-08-11 12:16 UTC,Transfermarkt 中国中超/中甲/中乙 2026 夏季转会,€,中超|中甲|中乙,中甲,定南赣联,Dingnan United,dingnan-united,https://tmssl.akamaized.net//images/wappen/homepageSmall/45500.png?lm=1775167660,out,2026-06-23,吴明屿,Mingyu Wu,1478507,6377825,51146221,中国,懂球帝,19,CB,Centre-Back,China,https://tmssl.akamaized.net//images/flagge/tiny/34.png?lm=1520611569,Liaoning Tieren U19,,loan-return,,?,,End of loan,,true,
China,zh,2026-08-11 12:16 UTC,Transfermarkt 中国中超/中甲/中乙 2026 夏季转会,€,中超|中甲|中乙,中甲,定南赣联,Dingnan United,dingnan-united,https://tmssl.akamaized.net//images/wappen/homepageSmall/45500.png?lm=1775167660,out,2026-06-21,姜轶祥,Yixiang Jiang,1259552,6374362,51090340,中国,懂球帝,18,DM,Defensive Midfield,China,https://tmssl.akamaized.net//images/flagge/tiny/34.png?lm=1520611569,上海申花,,loan-return,,?,,End of loan,,true,
China,zh,2026-08-11 12:16 UTC,Transfermarkt 中国中超/中甲/中乙 2026 夏季转会,€,中超|中甲|中乙,中甲,南通支云,Nantong Zhiyun,nantong-zhiyun,https://tmssl.akamaized.net//images/wappen/homepageSmall/46487.png?lm=1705016642,in,2026-07-02,Efmamjjasond González,,840883,6396295,,,,27,CF,Centre-Forward,Colombia,https://tmssl.akamaized.net//images/flagge/tiny/83.png?lm=1520611569,Club Always Ready,,free,,€450k,0.45,Free,0.0,true,
China,zh,2026-08-11 12:16 UTC,Transfermarkt 中国中超/中甲/中乙 2026 夏季转会,€,中超|中甲|中乙,中甲,南通支云,Nantong Zhiyun,nantong-zhiyun,https://tmssl.akamaized.net//images/wappen/homepageSmall/46487.png?lm=1705016642,in,2026-07-01,藏哈尔-拜沙提汗,Zanhar Beshathan,672456,6391984,50589063,中国,懂球帝,24,CF,Centre-Forward,China,https://tmssl.akamaized.net//images/flagge/tiny/34.png?lm=1520611569,无锡吴钩,,loan,,€50k,0.05,Loan,,true,
China,zh,2026-08-11 12:16 UTC,Transfermarkt 中国中超/中甲/中乙 2026 夏季转会,€,中超|中甲|中乙,中甲,南通支云,Nantong Zhiyun,nantong-zhiyun,https://tmssl.akamaized.net//images/wappen/homepageSmall/46487.png?lm=1705016642,out,2026-07-03,Aleksandar Kolev,,239527,6399374,,,,33,CF,Centre-Forward,Bulgaria,https://tmssl.akamaized.net//images/flagge/tiny/28.png?lm=1520611569,Cherno More Varna,,free,,€450k,0.45,Free,0.0,true,
China,zh,2026-08-11 12:16 UTC,Transfermarkt 中国中超/中甲/中乙 2026 夏季转会,€,中超|中甲|中乙,中甲,南通支云,Nantong Zhiyun,nantong-zhiyun,https://tmssl.akamaized.net//images/wappen/homepageSmall/46487.png?lm=1705016642,out,2026-07-01,孟俊杰,Junjie Meng,607985,6391982,50570943,中国,懂球帝,25,FW,Striker,China,https://tmssl.akamaized.net//images/flagge/tiny/34.png?lm=1520611569,无锡吴钩,,loan,,€75k,0.075,Loan,,true,
China,zh,2026-08-11 12:16 UTC,Transfermarkt 中国中超/中甲/中乙 2026 夏季转会,€,中超|中甲|中乙,中甲,大连鲧城,Dalian K'un City,dalian-k-un-city,https://tmssl.akamaized.net//images/wappen/homepageSmall/57778.png?lm=1773952159,in,2026-07-07,Elkut Eysajan,,789637,6410928,,,,21,RB,Right-Back,China,https://tmssl.akamaized.net//images/flagge/tiny/34.png?lm=1520611569,陕西联合,,loan,,€100k,0.1,Loan,,true,
China,zh,2026-08-11 12:16 UTC,Transfermarkt 中国中超/中甲/中乙 2026 夏季转会,€,中超|中甲|中乙,中甲,大连鲧城,Dalian K'un City,dalian-k-un-city,https://tmssl.akamaized.net//images/wappen/homepageSmall/57778.png?lm=1773952159,in,2026-07-09,闫奕涵,Yihan Yan,1267468,6414332,50990695,中国,懂球帝,20,AM,Attacking Midfield,China,https://tmssl.akamaized.net//images/flagge/tiny/34.png?lm=1520611569,大连英博,,loan,,?,,Loan,,true,
China,zh,2026-08-11 12:16 UTC,Transfermarkt 中国中超/中甲/中乙 2026 夏季转会,€,中超|中甲|中乙,中甲,大连鲧城,Dalian K'un City,dalian-k-un-city,https://tmssl.akamaized.net//images/wappen/homepageSmall/57778.png?lm=1773952159,out,2026-07-06,Chen Lü,,1267267,6404944,,,,21,MF,Midfielder,China,https://tmssl.akamaized.net//images/flagge/tiny/34.png?lm=1520611569,大连可为,,free,,€25k,0.025,Free,0.0,true,
China,zh,2026-08-11 12:16 UTC,Transfermarkt 中国中超/中甲/中乙 2026 夏季转会,€,中超|中甲|中乙,中甲,大连鲧城,Dalian K'un City,dalian-k-un-city,https://tmssl.akamaized.net//images/wappen/homepageSmall/57778.png?lm=1773952159,out,2026-07-22,欧阳成卓,Chengzhuo Ouyang,1515343,6447669,51208265,中国,懂球帝,19,FW,Striker,China,https://tmssl.akamaized.net//images/flagge/tiny/34.png?lm=1520611569,温州队,,loan,,?,,Loan,,true,
China,zh,2026-08-11 12:16 UTC,Transfermarkt 中国中超/中甲/中乙 2026 夏季转会,€,中超|中甲|中乙,中甲,陕西联合,Shaanxi Union,shaanxi-union,https://tmssl.akamaized.net//images/wappen/homepageSmall/108084.png?lm=1777215453,in,2026-07-03,江文豪,Wenhao Jiang,839306,6398868,50584715,中国,懂球帝,26,LB,Left-Back,China,https://tmssl.akamaized.net//images/flagge/tiny/34.png?lm=1520611569,北京国安,,loan,,€50k,0.05,Loan,,true,
China,zh,2026-08-11 12:16 UTC,Transfermarkt 中国中超/中甲/中乙 2026 夏季转会,€,中超|中甲|中乙,中甲,陕西联合,Shaanxi Union,shaanxi-union,https://tmssl.akamaized.net//images/wappen/homepageSmall/108084.png?lm=1777215453,in,2026-07-09,文俊杰,Junjie Wen,363581,6413398,50404626,中国,懂球帝,29,CB,Centre-Back,China,https://tmssl.akamaized.net//images/flagge/tiny/34.png?lm=1520611569,佛山南狮,,loan,,€75k,0.075,Loan,,true,
China,zh,2026-08-11 12:16 UTC,Transfermarkt 中国中超/中甲/中乙 2026 夏季转会,€,中超|中甲|中乙,中甲,陕西联合,Shaanxi Union,shaanxi-union,https://tmssl.akamaized.net//images/wappen/homepageSmall/108084.png?lm=1777215453,in,2026-07-22,钱若帆,Ruofan Qian,1242794,6448319,50965335,中国,懂球帝,20,MF,Midfielder,China,https://tmssl.akamaized.net//images/flagge/tiny/34.png?lm=1520611569,Shaanxi Union U20,,promotion,,?,,Promotion,,true,
China,zh,2026-08-11 12:16 UTC,Transfermarkt 中国中超/中甲/中乙 2026 夏季转会,€,中超|中甲|中乙,中甲,陕西联合,Shaanxi Union,shaanxi-union,https://tmssl.akamaized.net//images/wappen/homepageSmall/108084.png?lm=1777215453,in,2026-07-22,杨硕,Shuo Yang,1346405,6448315,50916384,中国,懂球帝,17,FW,Striker,China,https://tmssl.akamaized.net//images/flagge/tiny/34.png?lm=1520611569,Shaanxi Union U20,,promotion,,?,,Promotion,,true,
China,zh,2026-08-11 12:16 UTC,Transfermarkt 中国中超/中甲/中乙 2026 夏季转会,€,中超|中甲|中乙,中甲,陕西联合,Shaanxi Union,shaanxi-union,https://tmssl.akamaized.net//images/wappen/homepageSmall/108084.png?lm=1777215453,in,2026-07-04,Elkut Eysajan,,789637,6402209,,,,21,RB,Right-Back,China,https://tmssl.akamaized.net//images/flagge/tiny/34.png?lm=1520611569,无锡吴钩,,loan-return,,€100k,0.1,End of loan,,true,
China,zh,2026-08-11 12:16 UTC,Transfermarkt 中国中超/中甲/中乙 2026 夏季转会,€,中超|中甲|中乙,中甲,陕西联合,Shaanxi Union,shaanxi-union,https://tmssl.akamaized.net//images/wappen/homepageSmall/108084.png?lm=1777215453,out,2026-07-09,阿卜杜瓦哈普-艾尼瓦尔,Abduwahap Aniwar,661943,6413396,50568231,中国,懂球帝,26,MF,Midfielder,China,https://tmssl.akamaized.net//images/flagge/tiny/34.png?lm=1520611569,佛山南狮,,loan,,€75k,0.075,Loan,,true,
China,zh,2026-08-11 12:16 UTC,Transfermarkt 中国中超/中甲/中乙 2026 夏季转会,€,中超|中甲|中乙,中甲,陕西联合,Shaanxi Union,shaanxi-union,https://tmssl.akamaized.net//images/wappen/homepageSmall/108084.png?lm=1777215453,out,2026-07-21,王宇翔,Yuxiang Wang,1130487,6444104,50873810,中国,懂球帝,21,FW,Striker,China,https://tmssl.akamaized.net//images/flagge/tiny/34.png?lm=1520611569,温州队,,loan,,?,,Loan,,true,
China,zh,2026-08-11 12:16 UTC,Transfermarkt 中国中超/中甲/中乙 2026 夏季转会,€,中超|中甲|中乙,中甲,陕西联合,Shaanxi Union,shaanxi-union,https://tmssl.akamaized.net//images/wappen/homepageSmall/108084.png?lm=1777215453,out,2026-07-09,王维朴,Weipu Wang,281517,6414341,50388157,中国,懂球帝,32,DM,Defensive Midfield,China,https://tmssl.akamaized.net//images/flagge/tiny/34.png?lm=1520611569,长春亚泰,,loan,,€25k,0.025,Loan,,true,
China,zh,2026-08-11 12:16 UTC,Transfermarkt 中国中超/中甲/中乙 2026 夏季转会,€,中超|中甲|中乙,中甲,陕西联合,Shaanxi Union,shaanxi-union,https://tmssl.akamaized.net//images/wappen/homepageSmall/108084.png?lm=1777215453,out,2026-07-07,Elkut Eysajan,,789637,6410928,,,,21,RB,Right-Back,China,https://tmssl.akamaized.net//images/flagge/tiny/34.png?lm=1520611569,大连鲧城,,loan,,€100k,0.1,Loan,,true,
China,zh,2026-08-11 12:16 UTC,Transfermarkt 中国中超/中甲/中乙 2026 夏季转会,€,中超|中甲|中乙,中甲,陕西联合,Shaanxi Union,shaanxi-union,https://tmssl.akamaized.net//images/wappen/homepageSmall/108084.png?lm=1777215453,out,2026-07-08,陈彦朴,Yanpu Chen,589613,6411108,50584716,中国,懂球帝,25,MF,Midfielder,China,https://tmssl.akamaized.net//images/flagge/tiny/34.png?lm=1520611569,贵州筑城竞技,,loan,,€50k,0.05,Loan,,true,
China,zh,2026-08-11 12:16 UTC,Transfermarkt 中国中超/中甲/中乙 2026 夏季转会,€,中超|中甲|中乙,中甲,陕西联合,Shaanxi Union,shaanxi-union,https://tmssl.akamaized.net//images/wappen/homepageSmall/108084.png?lm=1777215453,out,2026-07-03,Xiaoyi Li,,1252398,6451674,,,,23,DF,Defender,China,https://tmssl.akamaized.net//images/flagge/tiny/34.png?lm=1520611569,Shaanxi Union Reserves ,,other,,€25k,0.025,?,,true,
China,zh,2026-08-11 12:16 UTC,Transfermarkt 中国中超/中甲/中乙 2026 夏季转会,€,中超|中甲|中乙,中甲,苏州东吴,Suzhou Dongwu,suzhou-dongwu,https://tmssl.akamaized.net//images/wappen/homepageSmall/39268.png?lm=1522271755,in,2026-07-21,于卓威,Zhuowei Yu,1125736,6444768,50795398,中国,懂球帝,19,FW,Striker,China,https://tmssl.akamaized.net//images/flagge/tiny/34.png?lm=1520611569,Dalian Yingbo U19,,transfer,,?,,€13k,0.013,true,
China,zh,2026-08-11 12:16 UTC,Transfermarkt 中国中超/中甲/中乙 2026 夏季转会,€,中超|中甲|中乙,中甲,苏州东吴,Suzhou Dongwu,suzhou-dongwu,https://tmssl.akamaized.net//images/wappen/homepageSmall/39268.png?lm=1522271755,in,2026-06-27,Farley Rosa,,197622,6383986,,,,32,LW,Left Winger,Brazil,https://tmssl.akamaized.net//images/flagge/tiny/26.png?lm=1520611569,Panetolikos,,free,,€400k,0.4,Free,0.0,true,
China,zh,2026-08-11 12:16 UTC,Transfermarkt 中国中超/中甲/中乙 2026 夏季转会,€,中超|中甲|中乙,中甲,苏州东吴,Suzhou Dongwu,suzhou-dongwu,https://tmssl.akamaized.net//images/wappen/homepageSmall/39268.png?lm=1522271755,in,2026-07-03,Omar Bugiel,,487847,6399437,,,,32,CF,Centre-Forward,Lebanon,https://tmssl.akamaized.net//images/flagge/tiny/94.png?lm=1520611569,AFC Wimbledon,,free,,€150k,0.15,Free,0.0,true,
China,zh,2026-08-11 12:16 UTC,Transfermarkt 中国中超/中甲/中乙 2026 夏季转会,€,中超|中甲|中乙,中甲,南京城市,Nanjing City,nanjing-city,https://tmssl.akamaized.net//images/wappen/homepageSmall/72879.png?lm=1680038357,in,2026-07-02,外力-库尔班,Weli Qurban,1239339,6397478,50961507,中国,懂球帝,20,FW,Striker,China,https://tmssl.akamaized.net//images/flagge/tiny/34.png?lm=1520611569,山西崇德荣海,,free,,?,,Free,0.0,true,
China,zh,2026-08-11 12:16 UTC,Transfermarkt 中国中超/中甲/中乙 2026 夏季转会,€,中超|中甲|中乙,中甲,南京城市,Nanjing City,nanjing-city,https://tmssl.akamaized.net//images/wappen/homepageSmall/72879.png?lm=1680038357,in,2026-07-04,杨贺,He Yang,211427,6402205,50387949,中国,懂球帝,36,LW,Left Winger,China,https://tmssl.akamaized.net//images/flagge/tiny/34.png?lm=1520611569,Hougang United,,free,,€10k,0.01,Free,0.0,true,
China,zh,2026-08-11 12:16 UTC,Transfermarkt 中国中超/中甲/中乙 2026 夏季转会,€,中超|中甲|中乙,中甲,南京城市,Nanjing City,nanjing-city,https://tmssl.akamaized.net//images/wappen/homepageSmall/72879.png?lm=1680038357,in,2026-07-21,Bruno Baio,,406805,6444892,,,,30,CF,Centre-Forward,Brazil,https://tmssl.akamaized.net//images/flagge/tiny/26.png?lm=1520611569,Uthai Thani FC,,free,,€450k,0.45,Free,0.0,true,
China,zh,2026-08-11 12:16 UTC,Transfermarkt 中国中超/中甲/中乙 2026 夏季转会,€,中超|中甲|中乙,中甲,南京城市,Nanjing City,nanjing-city,https://tmssl.akamaized.net//images/wappen/homepageSmall/72879.png?lm=1680038357,in,2026-07-22,董华洋,Huayang Dong,1020083,6446241,50758667,中国,懂球帝,23,CB,Centre-Back,China,https://tmssl.akamaized.net//images/flagge/tiny/34.png?lm=1520611569,Qinghai Kunlun,,free,,?,,Free,0.0,true,
China,zh,2026-08-11 12:16 UTC,Transfermarkt 中国中超/中甲/中乙 2026 夏季转会,€,中超|中甲|中乙,中甲,南京城市,Nanjing City,nanjing-city,https://tmssl.akamaized.net//images/wappen/homepageSmall/72879.png?lm=1680038357,in,2026-07-22,郑豪,Hao Zheng,945585,6446248,50753184,中国,懂球帝,24,GK,Goalkeeper,China,https://tmssl.akamaized.net//images/flagge/tiny/34.png?lm=1520611569,Qinghai Kunlun,,free,,?,,Free,0.0,true,
China,zh,2026-08-11 12:16 UTC,Transfermarkt 中国中超/中甲/中乙 2026 夏季转会,€,中超|中甲|中乙,中甲,南京城市,Nanjing City,nanjing-city,https://tmssl.akamaized.net//images/wappen/homepageSmall/72879.png?lm=1680038357,in,2026-07-08,韩奇臻,Qizhen Han,1338950,6411384,51048038,中国,懂球帝,26,MF,Midfielder,China,https://tmssl.akamaized.net//images/flagge/tiny/34.png?lm=1520611569,Without Club,,other,,?,,?,,true,
China,zh,2026-08-11 12:16 UTC,Transfermarkt 中国中超/中甲/中乙 2026 夏季转会,€,中超|中甲|中乙,中甲,南京城市,Nanjing City,nanjing-city,https://tmssl.akamaized.net//images/wappen/homepageSmall/72879.png?lm=1680038357,in,2026-07-22,杨子琦,Ziqi Yang,1258236,6446243,51012749,中国,懂球帝,21,MF,Midfielder,China,https://tmssl.akamaized.net//images/flagge/tiny/34.png?lm=1520611569,Nanjing City U21,,promotion,,?,,Promotion,,true,
China,zh,2026-08-11 12:16 UTC,Transfermarkt 中国中超/中甲/中乙 2026 夏季转会,€,中超|中甲|中乙,中甲,南京城市,Nanjing City,nanjing-city,https://tmssl.akamaized.net//images/wappen/homepageSmall/72879.png?lm=1680038357,in,2026-07-02,丁云峰,Yunfeng Ding,945589,6223389,50753183,中国,懂球帝,24,RM,Right Midfield,China,https://tmssl.akamaized.net//images/flagge/tiny/34.png?lm=1520611569,山西崇德荣海,,loan-return,,?,,End of loan,,true,
China,zh,2026-08-11 12:16 UTC,Transfermarkt 中国中超/中甲/中乙 2026 夏季转会,€,中超|中甲|中乙,中甲,南京城市,Nanjing City,nanjing-city,https://tmssl.akamaized.net//images/wappen/homepageSmall/72879.png?lm=1680038357,out,2026-07-20,余梦辉,Menghui Yu,1252393,6441160,50974989,中国,懂球帝,20,MF,Midfielder,China,https://tmssl.akamaized.net//images/flagge/tiny/34.png?lm=1520611569,深圳新鹏城,,transfer,,€125k,0.125,€65k,0.065,true,
China,zh,2026-08-11 12:16 UTC,Transfermarkt 中国中超/中甲/中乙 2026 夏季转会,€,中超|中甲|中乙,中甲,南京城市,Nanjing City,nanjing-city,https://tmssl.akamaized.net//images/wappen/homepageSmall/72879.png?lm=1680038357,out,2026-07-03,丁云峰,Yunfeng Ding,945589,6398873,50753183,中国,懂球帝,24,RM,Right Midfield,China,https://tmssl.akamaized.net//images/flagge/tiny/34.png?lm=1520611569,山西崇德荣海,,free,,?,,Free,0.0,true,
China,zh,2026-08-11 12:16 UTC,Transfermarkt 中国中超/中甲/中乙 2026 夏季转会,€,中超|中甲|中乙,中甲,南京城市,Nanjing City,nanjing-city,https://tmssl.akamaized.net//images/wappen/homepageSmall/72879.png?lm=1680038357,out,2026-07-17,努尔扎提-努尔兰,Nurzat Nurlan,1272321,6433762,50993191,中国,懂球帝,22,MF,Midfielder,China,https://tmssl.akamaized.net//images/flagge/tiny/34.png?lm=1520611569,山西崇德荣海,,loan,,€25k,0.025,Loan,,true,
China,zh,2026-08-11 12:16 UTC,Transfermarkt 中国中超/中甲/中乙 2026 夏季转会,€,中超|中甲|中乙,中甲,南京城市,Nanjing City,nanjing-city,https://tmssl.akamaized.net//images/wappen/homepageSmall/72879.png?lm=1680038357,out,2026-07-22,Robertinho,,729251,6475249,,,,30,DM,Defensive Midfield,Brazil,https://tmssl.akamaized.net//images/flagge/tiny/26.png?lm=1520611569,Without Club,,other,,€250k,0.25,?,,true,
China,zh,2026-08-11 12:16 UTC,Transfermarkt 中国中超/中甲/中乙 2026 夏季转会,€,中超|中甲|中乙,中甲,南京城市,Nanjing City,nanjing-city,https://tmssl.akamaized.net//images/wappen/homepageSmall/72879.png?lm=1680038357,out,2026-07-07,Shihao Wang,,943381,6451684,,,,23,DF,Defender,China,https://tmssl.akamaized.net//images/flagge/tiny/34.png?lm=1520611569,Nanjing City Reserves,,other,,€10k,0.01,?,,true,
China,zh,2026-08-11 12:16 UTC,Transfermarkt 中国中超/中甲/中乙 2026 夏季转会,€,中超|中甲|中乙,中甲,南京城市,Nanjing City,nanjing-city,https://tmssl.akamaized.net//images/wappen/homepageSmall/72879.png?lm=1680038357,out,2026-07-22,Lipeng Wang,,945581,6451680,,,,24,GK,Goalkeeper,China,https://tmssl.akamaized.net//images/flagge/tiny/34.png?lm=1520611569,Nanjing City Reserves,,other,,€25k,0.025,?,,true,
China,zh,2026-08-11 12:16 UTC,Transfermarkt 中国中超/中甲/中乙 2026 夏季转会,€,中超|中甲|中乙,中甲,宁波队,Ningbo FC,ningbo-fc,https://tmssl.akamaized.net//images/wappen/homepageSmall/41626.png?lm=1777215434,in,2026-07-02,吴润东,Rundong Wu,1381251,6396309,51246530,中国,懂球帝,18,AM,Attacking Midfield,China,https://tmssl.akamaized.net//images/flagge/tiny/34.png?lm=1520611569,FK Ole U17,,free,,?,,Free,0.0,true,
China,zh,2026-08-11 12:16 UTC,Transfermarkt 中国中超/中甲/中乙 2026 夏季转会,€,中超|中甲|中乙,中甲,宁波队,Ningbo FC,ningbo-fc,https://tmssl.akamaized.net//images/wappen/homepageSmall/41626.png?lm=1777215434,in,2026-07-03,Stefan Tomovic,,705970,6399991,,,,24,AM,Attacking Midfield,Serbia,https://tmssl.akamaized.net//images/flagge/tiny/215.png?lm=1520611569,FK Spartak Subotica,,free,,€800k,0.8,Free,0.0,true,
China,zh,2026-08-11 12:16 UTC,Transfermarkt 中国中超/中甲/中乙 2026 夏季转会,€,中超|中甲|中乙,中甲,宁波队,Ningbo FC,ningbo-fc,https://tmssl.akamaized.net//images/wappen/homepageSmall/41626.png?lm=1777215434,in,2026-07-18,徐友刚,Yougang Xu,353071,6436993,50251891,中国,懂球帝,30,RB,Right-Back,China,https://tmssl.akamaized.net//images/flagge/tiny/34.png?lm=1520611569,石家庄功夫,,free,,€75k,0.075,Free,0.0,true,
China,zh,2026-08-11 12:16 UTC,Transfermarkt 中国中超/中甲/中乙 2026 夏季转会,€,中超|中甲|中乙,中甲,宁波队,Ningbo FC,ningbo-fc,https://tmssl.akamaized.net//images/wappen/homepageSmall/41626.png?lm=1777215434,out,2026-07-22,龚纯洁,Chunjie Gong,492076,6446557,50452546,中国,懂球帝,27,RB,Right-Back,China,https://tmssl.akamaized.net//images/flagge/tiny/34.png?lm=1520611569,上海海港富盛经开,,loan,,€25k,0.025,Loan,,true,
China,zh,2026-08-11 12:16 UTC,Transfermarkt 中国中超/中甲/中乙 2026 夏季转会,€,中超|中甲|中乙,中甲,宁波队,Ningbo FC,ningbo-fc,https://tmssl.akamaized.net//images/wappen/homepageSmall/41626.png?lm=1777215434,out,2026-07-21,龙俊源,Junyuan Long,1139454,6444765,50995215,中国,懂球帝,21,CF,Centre-Forward,China,https://tmssl.akamaized.net//images/flagge/tiny/34.png?lm=1520611569,广东铭途,,loan,,€50k,0.05,Loan,,true,
China,zh,2026-08-11 12:16 UTC,Transfermarkt 中国中超/中甲/中乙 2026 夏季转会,€,中超|中甲|中乙,中甲,宁波队,Ningbo FC,ningbo-fc,https://tmssl.akamaized.net//images/wappen/homepageSmall/41626.png?lm=1777215434,out,2026-07-20,刘帅,Shuai Liu,425288,6441153,50388139,中国,懂球帝,37,CB,Centre-Back,China,https://tmssl.akamaized.net//images/flagge/tiny/34.png?lm=1520611569,广东铭途,,free,,€10k,0.01,Free,0.0,true,
China,zh,2026-08-11 12:16 UTC,Transfermarkt 中国中超/中甲/中乙 2026 夏季转会,€,中超|中甲|中乙,中甲,宁波队,Ningbo FC,ningbo-fc,https://tmssl.akamaized.net//images/wappen/homepageSmall/41626.png?lm=1777215434,out,2026-07-09,向若可,Ruoke Xiang,1090369,6413395,50821481,中国,懂球帝,21,DF,Defender,China,https://tmssl.akamaized.net//images/flagge/tiny/34.png?lm=1520611569,上海海港富盛经开,,free,,€25k,0.025,Free,0.0,true,
China,zh,2026-08-11 12:16 UTC,Transfermarkt 中国中超/中甲/中乙 2026 夏季转会,€,中超|中甲|中乙,中甲,宁波队,Ningbo FC,ningbo-fc,https://tmssl.akamaized.net//images/wappen/homepageSmall/41626.png?lm=1777215434,out,2026-07-22,陈浩玮,Hao-Wei Chen,198884,6446250,50113770,中国台北,懂球帝,34,RW,Right Winger,Chinese Taipei,https://tmssl.akamaized.net//images/flagge/tiny/164.png?lm=1679300082,石家庄功夫,,loan,,€25k,0.025,Loan,,true,
China,zh,2026-08-11 12:16 UTC,Transfermarkt 中国中超/中甲/中乙 2026 夏季转会,€,中超|中甲|中乙,中甲,宁波队,Ningbo FC,ningbo-fc,https://tmssl.akamaized.net//images/wappen/homepageSmall/41626.png?lm=1777215434,out,2026-07-01,刘博洋,Boyang Liu,363564,6389866,50385222,中国,懂球帝,29,RB,Right-Back,China,https://tmssl.akamaized.net//images/flagge/tiny/34.png?lm=1520611569,无锡吴钩,,loan,,€25k,0.025,Loan,,true,
China,zh,2026-08-11 12:16 UTC,Transfermarkt 中国中超/中甲/中乙 2026 夏季转会,€,中超|中甲|中乙,中甲,佛山南狮,Foshan Nanshi,foshan-nanshi,https://tmssl.akamaized.net//images/wappen/homepageSmall/54134.png?lm=1705703207,in,2026-07-09,阿卜杜瓦哈普-艾尼瓦尔,Abduwahap Aniwar,661943,6413396,50568231,中国,懂球帝,26,MF,Midfielder,China,https://tmssl.akamaized.net//images/flagge/tiny/34.png?lm=1520611569,陕西联合,,loan,,€75k,0.075,Loan,,true,
China,zh,2026-08-11 12:16 UTC,Transfermarkt 中国中超/中甲/中乙 2026 夏季转会,€,中超|中甲|中乙,中甲,佛山南狮,Foshan Nanshi,foshan-nanshi,https://tmssl.akamaized.net//images/wappen/homepageSmall/54134.png?lm=1705703207,in,2026-07-21,张泽斌,Zebin Zhang,1520409,6444110,51212889,中国,懂球帝,19,MF,Midfielder,China,https://tmssl.akamaized.net//images/flagge/tiny/34.png?lm=1520611569,泰安天贶,,free,,?,,Free,0.0,true,
China,zh,2026-08-11 12:16 UTC,Transfermarkt 中国中超/中甲/中乙 2026 夏季转会,€,中超|中甲|中乙,中甲,佛山南狮,Foshan Nanshi,foshan-nanshi,https://tmssl.akamaized.net//images/wappen/homepageSmall/54134.png?lm=1705703207,in,2026-07-16,Milos Deletic,,203608,6432139,,,,32,RW,Right Winger,Serbia,https://tmssl.akamaized.net//images/flagge/tiny/215.png?lm=1520611569,Iraklis Thessaloniki,,free,,€350k,0.35,Free,0.0,true,
China,zh,2026-08-11 12:16 UTC,Transfermarkt 中国中超/中甲/中乙 2026 夏季转会,€,中超|中甲|中乙,中甲,佛山南狮,Foshan Nanshi,foshan-nanshi,https://tmssl.akamaized.net//images/wappen/homepageSmall/54134.png?lm=1705703207,in,2026-07-03,徐越,Yue Xu,509013,6398870,50474025,中国,懂球帝,26,CM,Central Midfield,China,https://tmssl.akamaized.net//images/flagge/tiny/34.png?lm=1520611569,长春亚泰,,free,,€50k,0.05,Free,0.0,true,
China,zh,2026-08-11 12:16 UTC,Transfermarkt 中国中超/中甲/中乙 2026 夏季转会,€,中超|中甲|中乙,中甲,佛山南狮,Foshan Nanshi,foshan-nanshi,https://tmssl.akamaized.net//images/wappen/homepageSmall/54134.png?lm=1705703207,in,2026-07-16,黄雍海,Yonghai Huang,1041109,6432130,50789438,中国,懂球帝,21,CF,Centre-Forward,China,https://tmssl.akamaized.net//images/flagge/tiny/34.png?lm=1520611569,上海海港B队,,loan,,?,,Loan,,true,
China,zh,2026-08-11 12:16 UTC,Transfermarkt 中国中超/中甲/中乙 2026 夏季转会,€,中超|中甲|中乙,中甲,佛山南狮,Foshan Nanshi,foshan-nanshi,https://tmssl.akamaized.net//images/wappen/homepageSmall/54134.png?lm=1705703207,out,2026-07-15,陈国抗,Guokang Chen,509010,6429243,50557211,中国,懂球帝,27,RM,Right Midfield,China,https://tmssl.akamaized.net//images/flagge/tiny/34.png?lm=1520611569,无锡吴钩,,free,,€50k,0.05,Free,0.0,true,
China,zh,2026-08-11 12:16 UTC,Transfermarkt 中国中超/中甲/中乙 2026 夏季转会,€,中超|中甲|中乙,中甲,佛山南狮,Foshan Nanshi,foshan-nanshi,https://tmssl.akamaized.net//images/wappen/homepageSmall/54134.png?lm=1705703207,out,2026-07-15,韩昆达,Kunda Han,823578,6429238,50751473,中国,懂球帝,21,LM,Left Midfield,China,https://tmssl.akamaized.net//images/flagge/tiny/34.png?lm=1520611569,厦门飞鹭,,loan,,€50k,0.05,Loan,,true,
China,zh,2026-08-11 12:16 UTC,Transfermarkt 中国中超/中甲/中乙 2026 夏季转会,€,中超|中甲|中乙,中甲,佛山南狮,Foshan Nanshi,foshan-nanshi,https://tmssl.akamaized.net//images/wappen/homepageSmall/54134.png?lm=1705703207,out,2026-07-09,文俊杰,Junjie Wen,363581,6413398,50404626,中国,懂球帝,29,CB,Centre-Back,China,https://tmssl.akamaized.net//images/flagge/tiny/34.png?lm=1520611569,陕西联合,,loan,,€75k,0.075,Loan,,true,
China,zh,2026-08-11 12:16 UTC,Transfermarkt 中国中超/中甲/中乙 2026 夏季转会,€,中超|中甲|中乙,中甲,佛山南狮,Foshan Nanshi,foshan-nanshi,https://tmssl.akamaized.net//images/wappen/homepageSmall/54134.png?lm=1705703207,out,2026-07-03,Minghao Wang,,1259243,6451695,,,,20,FW,Striker,China,https://tmssl.akamaized.net//images/flagge/tiny/34.png?lm=1520611569,Foshan Nanshi Reserve,,other,,?,,?,,true,
China,zh,2026-08-11 12:16 UTC,Transfermarkt 中国中超/中甲/中乙 2026 夏季转会,€,中超|中甲|中乙,中甲,佛山南狮,Foshan Nanshi,foshan-nanshi,https://tmssl.akamaized.net//images/wappen/homepageSmall/54134.png?lm=1705703207,out,2026-07-17,Gabriel Bispo,,671048,6436813,,,,29,DM,Defensive Midfield,Brazil,https://tmssl.akamaized.net//images/flagge/tiny/26.png?lm=1520611569,Without Club,,other,,€325k,0.325,?,,true,
China,zh,2026-08-11 12:16 UTC,Transfermarkt 中国中超/中甲/中乙 2026 夏季转会,€,中超|中甲|中乙,中甲,深圳青年人,Shenzhen Juniors,shenzhen-juniors,https://tmssl.akamaized.net//images/wappen/homepageSmall/108131.png?lm=1708369713,in,2026-07-09,刘小龙,Xiaolong Liu,996883,6414336,50751875,中国,懂球帝,22,LW,Left Winger,China,https://tmssl.akamaized.net//images/flagge/tiny/34.png?lm=1520611569,青岛西海岸,,transfer,,€75k,0.075,€32k,0.032,true,
China,zh,2026-08-11 12:16 UTC,Transfermarkt 中国中超/中甲/中乙 2026 夏季转会,€,中超|中甲|中乙,中甲,深圳青年人,Shenzhen Juniors,shenzhen-juniors,https://tmssl.akamaized.net//images/wappen/homepageSmall/108131.png?lm=1708369713,in,2026-07-22,Joel Nouble,,324152,6447688,,,,30,CF,Centre-Forward,England,https://tmssl.akamaized.net//images/flagge/tiny/189.png?lm=1520611569,Livingston FC,,free,,€150k,0.15,Free,0.0,true,
China,zh,2026-08-11 12:16 UTC,Transfermarkt 中国中超/中甲/中乙 2026 夏季转会,€,中超|中甲|中乙,中甲,深圳青年人,Shenzhen Juniors,shenzhen-juniors,https://tmssl.akamaized.net//images/wappen/homepageSmall/108131.png?lm=1708369713,in,2026-07-01,袁博涵,Bohan Yuan,1397423,6404269,51106531,中国,懂球帝,16,LW,Left Winger,China,https://tmssl.akamaized.net//images/flagge/tiny/34.png?lm=1520611569,Shenzhen Juniors Youth,,promotion,,?,,Promotion,,true,
China,zh,2026-08-11 12:16 UTC,Transfermarkt 中国中超/中甲/中乙 2026 夏季转会,€,中超|中甲|中乙,中甲,深圳青年人,Shenzhen Juniors,shenzhen-juniors,https://tmssl.akamaized.net//images/wappen/homepageSmall/108131.png?lm=1708369713,out,2026-07-08,柯源,Yuan Ke,571409,6411102,50698202,中国,懂球帝,28,DF,Defender,China,https://tmssl.akamaized.net//images/flagge/tiny/34.png?lm=1520611569,兰州陇原竞技,,loan,,?,,Loan,,true,
China,zh,2026-08-11 12:16 UTC,Transfermarkt 中国中超/中甲/中乙 2026 夏季转会,€,中超|中甲|中乙,中甲,深圳青年人,Shenzhen Juniors,shenzhen-juniors,https://tmssl.akamaized.net//images/wappen/homepageSmall/108131.png?lm=1708369713,out,2026-07-15,陈维麒,Weiqi Chen,791166,6429240,50628249,中国,懂球帝,24,CF,Centre-Forward,China,https://tmssl.akamaized.net//images/flagge/tiny/34.png?lm=1520611569,广州蒲公英,,loan,,€50k,0.05,Loan,,true,
China,zh,2026-08-11 12:16 UTC,Transfermarkt 中国中超/中甲/中乙 2026 夏季转会,€,中超|中甲|中乙,中甲,深圳青年人,Shenzhen Juniors,shenzhen-juniors,https://tmssl.akamaized.net//images/wappen/homepageSmall/108131.png?lm=1708369713,out,2026-07-22,Arnold Garita,,252661,6451690,,,,31,CF,Centre-Forward,Cameroon,https://tmssl.akamaized.net//images/flagge/tiny/31.png?lm=1520611569,Shenzhen Juniors Reserves,,other,,€700k,0.7,?,,true,
China,zh,2026-08-11 12:16 UTC,Transfermarkt 中国中超/中甲/中乙 2026 夏季转会,€,中超|中甲|中乙,中甲,广西恒宸,Guangxi Hengchen,guangxi-hengchen,https://tmssl.akamaized.net//images/wappen/homepageSmall/98029.png?lm=1655062770,in,2026-07-09,张兆致,Zhaozhi Zhang,1040499,6414331,50787618,中国,懂球帝,22,CB,Centre-Back,China,https://tmssl.akamaized.net//images/flagge/tiny/34.png?lm=1520611569,梅州客家,,free,,€25k,0.025,Free,0.0,true,
China,zh,2026-08-11 12:16 UTC,Transfermarkt 中国中超/中甲/中乙 2026 夏季转会,€,中超|中甲|中乙,中甲,广西恒宸,Guangxi Hengchen,guangxi-hengchen,https://tmssl.akamaized.net//images/wappen/homepageSmall/98029.png?lm=1655062770,in,2026-07-16,张健智,Jianzhi Zhang,690671,6432126,50517486,中国,懂球帝,26,GK,Goalkeeper,China,https://tmssl.akamaized.net//images/flagge/tiny/34.png?lm=1520611569,北京国安,,loan,,€100k,0.1,Loan,,true,
China,zh,2026-08-11 12:16 UTC,Transfermarkt 中国中超/中甲/中乙 2026 夏季转会,€,中超|中甲|中乙,中甲,广西恒宸,Guangxi Hengchen,guangxi-hengchen,https://tmssl.akamaized.net//images/wappen/homepageSmall/98029.png?lm=1655062770,out,2026-07-06,张华峻,Huajun Zhang,915963,6404945,50652587,中国,懂球帝,23,MF,Midfielder,China,https://tmssl.akamaized.net//images/flagge/tiny/34.png?lm=1520611569,大连可为,,free,,€75k,0.075,Free,0.0,true,
China,zh,2026-08-11 12:16 UTC,Transfermarkt 中国中超/中甲/中乙 2026 夏季转会,€,中超|中甲|中乙,中甲,广西恒宸,Guangxi Hengchen,guangxi-hengchen,https://tmssl.akamaized.net//images/wappen/homepageSmall/98029.png?lm=1655062770,out,2026-07-10,Bokai Shen,,491832,6436992,,,,28,GK,Goalkeeper,China,https://tmssl.akamaized.net//images/flagge/tiny/34.png?lm=1520611569,Wuhan Lianzhen,,free,,€75k,0.075,Free,0.0,true,
China,zh,2026-08-11 12:16 UTC,Transfermarkt 中国中超/中甲/中乙 2026 夏季转会,€,中超|中甲|中乙,中甲,无锡吴钩,Wuxi Wugo,wuxi-wugo,https://tmssl.akamaized.net//images/wappen/homepageSmall/85923.png?lm=1708369663,in,2026-07-20,周祉轩,Zhixuan Zhou,1397030,6441154,51106420,中国,懂球帝,19,DF,Defender,China,https://tmssl.akamaized.net//images/flagge/tiny/34.png?lm=1520611569,山西崇德荣海,,free,,?,,Free,0.0,true,
China,zh,2026-08-11 12:16 UTC,Transfermarkt 中国中超/中甲/中乙 2026 夏季转会,€,中超|中甲|中乙,中甲,无锡吴钩,Wuxi Wugo,wuxi-wugo,https://tmssl.akamaized.net//images/wappen/homepageSmall/85923.png?lm=1708369663,in,2026-07-15,陈国抗,Guokang Chen,509010,6429243,50557211,中国,懂球帝,27,RM,Right Midfield,China,https://tmssl.akamaized.net//images/flagge/tiny/34.png?lm=1520611569,佛山南狮,,free,,€50k,0.05,Free,0.0,true,
China,zh,2026-08-11 12:16 UTC,Transfermarkt 中国中超/中甲/中乙 2026 夏季转会,€,中超|中甲|中乙,中甲,无锡吴钩,Wuxi Wugo,wuxi-wugo,https://tmssl.akamaized.net//images/wappen/homepageSmall/85923.png?lm=1708369663,in,2026-07-15,张永龙,Yonglong Zhang,1382336,6429242,51092784,中国,懂球帝,19,MF,Midfielder,China,https://tmssl.akamaized.net//images/flagge/tiny/34.png?lm=1520611569,Guangdong Chenxing Juli,,free,,?,,Free,0.0,true,
China,zh,2026-08-11 12:16 UTC,Transfermarkt 中国中超/中甲/中乙 2026 夏季转会,€,中超|中甲|中乙,中甲,无锡吴钩,Wuxi Wugo,wuxi-wugo,https://tmssl.akamaized.net//images/wappen/homepageSmall/85923.png?lm=1708369663,in,2026-07-01,刘博洋,Boyang Liu,363564,6389866,50385222,中国,懂球帝,29,RB,Right-Back,China,https://tmssl.akamaized.net//images/flagge/tiny/34.png?lm=1520611569,宁波队,,loan,,€25k,0.025,Loan,,true,
China,zh,2026-08-11 12:16 UTC,Transfermarkt 中国中超/中甲/中乙 2026 夏季转会,€,中超|中甲|中乙,中甲,无锡吴钩,Wuxi Wugo,wuxi-wugo,https://tmssl.akamaized.net//images/wappen/homepageSmall/85923.png?lm=1708369663,in,2026-07-20,桂子涵,Zihan Gui,810621,6441697,50570844,中国,懂球帝,23,LW,Left Winger,China,https://tmssl.akamaized.net//images/flagge/tiny/34.png?lm=1520611569,辽宁铁人,,loan,,€75k,0.075,Loan,,true,
China,zh,2026-08-11 12:16 UTC,Transfermarkt 中国中超/中甲/中乙 2026 夏季转会,€,中超|中甲|中乙,中甲,无锡吴钩,Wuxi Wugo,wuxi-wugo,https://tmssl.akamaized.net//images/wappen/homepageSmall/85923.png?lm=1708369663,in,2026-07-01,孟俊杰,Junjie Meng,607985,6391982,50570943,中国,懂球帝,25,FW,Striker,China,https://tmssl.akamaized.net//images/flagge/tiny/34.png?lm=1520611569,南通支云,,loan,,€75k,0.075,Loan,,true,
China,zh,2026-08-11 12:16 UTC,Transfermarkt 中国中超/中甲/中乙 2026 夏季转会,€,中超|中甲|中乙,中甲,无锡吴钩,Wuxi Wugo,wuxi-wugo,https://tmssl.akamaized.net//images/wappen/homepageSmall/85923.png?lm=1708369663,out,2026-07-02,王圣博,Shengbo Wang,1134840,6396316,50797892,中国,懂球帝,21,FW,Striker,China,https://tmssl.akamaized.net//images/flagge/tiny/34.png?lm=1520611569,大连英博B队,,free,,€50k,0.05,Free,0.0,true,
China,zh,2026-08-11 12:16 UTC,Transfermarkt 中国中超/中甲/中乙 2026 夏季转会,€,中超|中甲|中乙,中甲,无锡吴钩,Wuxi Wugo,wuxi-wugo,https://tmssl.akamaized.net//images/wappen/homepageSmall/85923.png?lm=1708369663,out,2026-07-01,藏哈尔-拜沙提汗,Zanhar Beshathan,672456,6391984,50589063,中国,懂球帝,24,CF,Centre-Forward,China,https://tmssl.akamaized.net//images/flagge/tiny/34.png?lm=1520611569,南通支云,,loan,,€50k,0.05,Loan,,true,
China,zh,2026-08-11 12:16 UTC,Transfermarkt 中国中超/中甲/中乙 2026 夏季转会,€,中超|中甲|中乙,中甲,无锡吴钩,Wuxi Wugo,wuxi-wugo,https://tmssl.akamaized.net//images/wappen/homepageSmall/85923.png?lm=1708369663,out,2026-07-02,毛梓育,Ziyu Mao,796250,6396313,50628214,中国,懂球帝,24,CF,Centre-Forward,China,https://tmssl.akamaized.net//images/flagge/tiny/34.png?lm=1520611569,泰安天贶,,loan,,€25k,0.025,Loan,,true,
China,zh,2026-08-11 12:16 UTC,Transfermarkt 中国中超/中甲/中乙 2026 夏季转会,€,中超|中甲|中乙,中甲,无锡吴钩,Wuxi Wugo,wuxi-wugo,https://tmssl.akamaized.net//images/wappen/homepageSmall/85923.png?lm=1708369663,out,2026-07-03,张梓峻,Zijun Zhang,1252382,6399543,50975299,中国,懂球帝,23,MF,Midfielder,China,https://tmssl.akamaized.net//images/flagge/tiny/34.png?lm=1520611569,赣州瑞狮,,loan,,€10k,0.01,Loan,,true,
China,zh,2026-08-11 12:16 UTC,Transfermarkt 中国中超/中甲/中乙 2026 夏季转会,€,中超|中甲|中乙,中甲,无锡吴钩,Wuxi Wugo,wuxi-wugo,https://tmssl.akamaized.net//images/wappen/homepageSmall/85923.png?lm=1708369663,out,2026-07-04,Elkut Eysajan,,789637,6402209,,,,21,RB,Right-Back,China,https://tmssl.akamaized.net//images/flagge/tiny/34.png?lm=1520611569,陕西联合,,loan-return,,€100k,0.1,End of loan,,true,
China,zh,2026-08-11 12:16 UTC,Transfermarkt 中国中超/中甲/中乙 2026 夏季转会,€,中超|中甲|中乙,中乙,长春喜都,Changchun Xidu,changchun-xidu,https://tmssl.akamaized.net//images/wappen/homepageSmall/99384.png?lm=1705704074,in,2026-07-03,陈泉江,Quanjiang Chen,491941,6399461,50404568,中国,懂球帝,25,LB,Left-Back,China,https://tmssl.akamaized.net//images/flagge/tiny/34.png?lm=1520611569,梅州客家,,free,,€50k,0.05,Free,0.0,true,
China,zh,2026-08-11 12:16 UTC,Transfermarkt 中国中超/中甲/中乙 2026 夏季转会,€,中超|中甲|中乙,中乙,长春喜都,Changchun Xidu,changchun-xidu,https://tmssl.akamaized.net//images/wappen/homepageSmall/99384.png?lm=1705704074,in,2026-07-03,梁欢,Huan Liang,745530,6399982,50495068,中国,懂球帝,26,FW,Striker,China,https://tmssl.akamaized.net//images/flagge/tiny/34.png?lm=1520611569,贵州筑城竞技,,free,,?,,Free,0.0,true,
China,zh,2026-08-11 12:16 UTC,Transfermarkt 中国中超/中甲/中乙 2026 夏季转会,€,中超|中甲|中乙,中乙,长春喜都,Changchun Xidu,changchun-xidu,https://tmssl.akamaized.net//images/wappen/homepageSmall/99384.png?lm=1705704074,in,2026-07-04,Aysan Kadir,,597873,6402206,,,,26,DM,Defensive Midfield,China,https://tmssl.akamaized.net//images/flagge/tiny/34.png?lm=1520611569,Ningxia Pingluo Hengli,,free,,?,,Free,0.0,true,
China,zh,2026-08-11 12:16 UTC,Transfermarkt 中国中超/中甲/中乙 2026 夏季转会,€,中超|中甲|中乙,中乙,长春喜都,Changchun Xidu,changchun-xidu,https://tmssl.akamaized.net//images/wappen/homepageSmall/99384.png?lm=1705704074,out,2026-07-03,黄梓铭,Ziming Huang,1174756,6399545,50914563,中国,懂球帝,19,MF,Midfielder,China,https://tmssl.akamaized.net//images/flagge/tiny/34.png?lm=1520611569,延边龙鼎,,free,,?,,Free,0.0,true,
China,zh,2026-08-11 12:16 UTC,Transfermarkt 中国中超/中甲/中乙 2026 夏季转会,€,中超|中甲|中乙,中乙,长春喜都,Changchun Xidu,changchun-xidu,https://tmssl.akamaized.net//images/wappen/homepageSmall/99384.png?lm=1705704074,out,2026-07-04,达木林扎布,Damlinjab,1377387,6402208,51088411,中国,懂球帝,23,CF,Centre-Forward,China,https://tmssl.akamaized.net//images/flagge/tiny/34.png?lm=1520611569,杭州临平吴越,,free,,?,,Free,0.0,true,
China,zh,2026-08-11 12:16 UTC,Transfermarkt 中国中超/中甲/中乙 2026 夏季转会,€,中超|中甲|中乙,中乙,长春喜都,Changchun Xidu,changchun-xidu,https://tmssl.akamaized.net//images/wappen/homepageSmall/99384.png?lm=1705704074,out,2026-07-18,祝旭昇,Xusheng Zhu,1266446,6438921,50987875,中国,懂球帝,21,MF,Midfielder,China,https://tmssl.akamaized.net//images/flagge/tiny/34.png?lm=1520611569,江西庐山,,free,,?,,Free,0.0,true,
China,zh,2026-08-11 12:16 UTC,Transfermarkt 中国中超/中甲/中乙 2026 夏季转会,€,中超|中甲|中乙,中乙,长春喜都,Changchun Xidu,changchun-xidu,https://tmssl.akamaized.net//images/wappen/homepageSmall/99384.png?lm=1705704074,out,2026-07-20,王熙博,Xibo Wang,893605,6441155,50635179,中国,懂球帝,25,GK,Goalkeeper,China,https://tmssl.akamaized.net//images/flagge/tiny/34.png?lm=1520611569,山西崇德荣海,,free,,?,,Free,0.0,true,
China,zh,2026-08-11 12:16 UTC,Transfermarkt 中国中超/中甲/中乙 2026 夏季转会,€,中超|中甲|中乙,中乙,北京理工,Beijing IT,beijing-it,https://tmssl.akamaized.net//images/wappen/homepageSmall/27839.png?lm=1461964568,in,2026-07-22,康嘉玮,Jiawei Kang,1252381,6446546,50874050,中国,懂球帝,21,DF,Defender,China,https://tmssl.akamaized.net//images/flagge/tiny/34.png?lm=1520611569,Qinghai Kunlun,,free,,?,,Free,0.0,true,
China,zh,2026-08-11 12:16 UTC,Transfermarkt 中国中超/中甲/中乙 2026 夏季转会,€,中超|中甲|中乙,中乙,北京理工,Beijing IT,beijing-it,https://tmssl.akamaized.net//images/wappen/homepageSmall/27839.png?lm=1461964568,in,2026-07-03,马龙健,Longjian Ma,1130472,6398864,50873847,中国,懂球帝,21,DF,Defender,China,https://tmssl.akamaized.net//images/flagge/tiny/34.png?lm=1520611569,Beijing Guoan U20,,loan,,?,,Loan,,true,
China,zh,2026-08-11 12:16 UTC,Transfermarkt 中国中超/中甲/中乙 2026 夏季转会,€,中超|中甲|中乙,中乙,北京理工,Beijing IT,beijing-it,https://tmssl.akamaized.net//images/wappen/homepageSmall/27839.png?lm=1461964568,in,2026-07-03,Jia'ao Wei,,1251747,6398871,,,,20,CM,Central Midfield,China,https://tmssl.akamaized.net//images/flagge/tiny/34.png?lm=1520611569,Beijing Guoan U20,,loan,,€25k,0.025,Loan,,true,
China,zh,2026-08-11 12:16 UTC,Transfermarkt 中国中超/中甲/中乙 2026 夏季转会,€,中超|中甲|中乙,中乙,北京理工,Beijing IT,beijing-it,https://tmssl.akamaized.net//images/wappen/homepageSmall/27839.png?lm=1461964568,in,2026-07-22,王子皓,Zihao Wang,1376885,6446289,50839718,中国,懂球帝,19,CF,Centre-Forward,China,https://tmssl.akamaized.net//images/flagge/tiny/34.png?lm=1520611569,Beijing Guoan U20,,loan,,?,,Loan,,true,
China,zh,2026-08-11 12:16 UTC,Transfermarkt 中国中超/中甲/中乙 2026 夏季转会,€,中超|中甲|中乙,中乙,大连可为,Dalian Kewei,dalian-kewei,https://tmssl.akamaized.net//images/wappen/homepageSmall/125947.png?lm=1773951761,in,2026-07-06,Chen Lü,,1267267,6404944,,,,21,MF,Midfielder,China,https://tmssl.akamaized.net//images/flagge/tiny/34.png?lm=1520611569,大连鲧城,,free,,€25k,0.025,Free,0.0,true,
China,zh,2026-08-11 12:16 UTC,Transfermarkt 中国中超/中甲/中乙 2026 夏季转会,€,中超|中甲|中乙,中乙,大连可为,Dalian Kewei,dalian-kewei,https://tmssl.akamaized.net//images/wappen/homepageSmall/125947.png?lm=1773951761,in,2026-07-06,张华峻,Huajun Zhang,915963,6404945,50652587,中国,懂球帝,23,MF,Midfielder,China,https://tmssl.akamaized.net//images/flagge/tiny/34.png?lm=1520611569,广西恒宸,,free,,€75k,0.075,Free,0.0,true,
China,zh,2026-08-11 12:16 UTC,Transfermarkt 中国中超/中甲/中乙 2026 夏季转会,€,中超|中甲|中乙,中乙,大连可为,Dalian Kewei,dalian-kewei,https://tmssl.akamaized.net//images/wappen/homepageSmall/125947.png?lm=1773951761,in,2026-07-03,艾楚维,Chuwei Ai,1242825,6398866,50965321,中国,懂球帝,19,CF,Centre-Forward,China,https://tmssl.akamaized.net//images/flagge/tiny/34.png?lm=1520611569,广东广州豹,,loan,,?,,Loan,,true,
China,zh,2026-08-11 12:16 UTC,Transfermarkt 中国中超/中甲/中乙 2026 夏季转会,€,中超|中甲|中乙,中乙,大连可为,Dalian Kewei,dalian-kewei,https://tmssl.akamaized.net//images/wappen/homepageSmall/125947.png?lm=1773951761,out,2026-07-03,张天龙,Tianlong Zhang,236684,6399462,50118764,中国,懂球帝,34,LB,Left-Back,China,https://tmssl.akamaized.net//images/flagge/tiny/34.png?lm=1520611569,山西崇德荣海,,free,,?,,Free,0.0,true,
China,zh,2026-08-11 12:16 UTC,Transfermarkt 中国中超/中甲/中乙 2026 夏季转会,€,中超|中甲|中乙,中乙,大连可为,Dalian Kewei,dalian-kewei,https://tmssl.akamaized.net//images/wappen/homepageSmall/125947.png?lm=1773951761,out,2026-07-06,张自超,Zichao Zhang,824400,6406381,50577950,中国,懂球帝,25,CB,Centre-Back,China,https://tmssl.akamaized.net//images/flagge/tiny/34.png?lm=1520611569,兰州陇原竞技,,free,,?,,Free,0.0,true,
China,zh,2026-08-11 12:16 UTC,Transfermarkt 中国中超/中甲/中乙 2026 夏季转会,€,中超|中甲|中乙,中乙,大连可为,Dalian Kewei,dalian-kewei,https://tmssl.akamaized.net//images/wappen/homepageSmall/125947.png?lm=1773951761,out,2026-07-22,Jiaxin Liu,,347709,6446237,,,,33,CB,Centre-Back,China,https://tmssl.akamaized.net//images/flagge/tiny/34.png?lm=1520611569,Shaanxi Mobei Miners,,free,,?,,Free,0.0,true,
China,zh,2026-08-11 12:16 UTC,Transfermarkt 中国中超/中甲/中乙 2026 夏季转会,€,中超|中甲|中乙,中乙,大连英博B队,Dalian Yingbo B,dalian-yingbo-b,https://tmssl.akamaized.net//images/wappen/homepageSmall/137958.png?lm=1770830386,in,2026-06-18,依米然-伊布拉音,Imran Ibrahim,955813,6366440,50698172,中国,懂球帝,20,MF,Midfielder,China,https://tmssl.akamaized.net//images/flagge/tiny/34.png?lm=1520611569,Guangxi Union,,free,,?,,Free,0.0,true,
China,zh,2026-08-11 12:16 UTC,Transfermarkt 中国中超/中甲/中乙 2026 夏季转会,€,中超|中甲|中乙,中乙,大连英博B队,Dalian Yingbo B,dalian-yingbo-b,https://tmssl.akamaized.net//images/wappen/homepageSmall/137958.png?lm=1770830386,in,2026-07-02,王圣博,Shengbo Wang,1134840,6396316,50797892,中国,懂球帝,21,FW,Striker,China,https://tmssl.akamaized.net//images/flagge/tiny/34.png?lm=1520611569,无锡吴钩,,free,,€50k,0.05,Free,0.0,true,
China,zh,2026-08-11 12:16 UTC,Transfermarkt 中国中超/中甲/中乙 2026 夏季转会,€,中超|中甲|中乙,中乙,大连英博B队,Dalian Yingbo B,dalian-yingbo-b,https://tmssl.akamaized.net//images/wappen/homepageSmall/137958.png?lm=1770830386,in,2026-07-14,张帅,Shuai Zhang,661998,6426561,50628264,中国,懂球帝,25,FW,Striker,China,https://tmssl.akamaized.net//images/flagge/tiny/34.png?lm=1520611569,Shaanxi United Soaring,,free,,?,,Free,0.0,true,
China,zh,2026-08-11 12:16 UTC,Transfermarkt 中国中超/中甲/中乙 2026 夏季转会,€,中超|中甲|中乙,中乙,大连英博B队,Dalian Yingbo B,dalian-yingbo-b,https://tmssl.akamaized.net//images/wappen/homepageSmall/137958.png?lm=1770830386,in,2026-07-18,刘锦程,Jincheng Liu,1457794,6437791,51119372,中国,懂球帝,20,AM,Attacking Midfield,China,https://tmssl.akamaized.net//images/flagge/tiny/34.png?lm=1520611569,Portimonense SAD U23,,free,,?,,Free,0.0,true,
China,zh,2026-08-11 12:16 UTC,Transfermarkt 中国中超/中甲/中乙 2026 夏季转会,€,中超|中甲|中乙,中乙,大连英博B队,Dalian Yingbo B,dalian-yingbo-b,https://tmssl.akamaized.net//images/wappen/homepageSmall/137958.png?lm=1770830386,in,2026-07-20,祝晏鹏,Yanpeng Zhu,1526197,6441162,51217600,中国,懂球帝,18,FW,Striker,China,https://tmssl.akamaized.net//images/flagge/tiny/34.png?lm=1520611569,Guizhou Xufengtang,,free,,?,,Free,0.0,true,
China,zh,2026-08-11 12:16 UTC,Transfermarkt 中国中超/中甲/中乙 2026 夏季转会,€,中超|中甲|中乙,中乙,大连英博B队,Dalian Yingbo B,dalian-yingbo-b,https://tmssl.akamaized.net//images/wappen/homepageSmall/137958.png?lm=1770830386,in,2026-07-20,图尔荪-麦麦提,Tursun Memet,1390288,6441164,51100991,中国,懂球帝,21,MF,Midfielder,China,https://tmssl.akamaized.net//images/flagge/tiny/34.png?lm=1520611569,Guizhou Xufengtang,,free,,?,,Free,0.0,true,
China,zh,2026-08-11 12:16 UTC,Transfermarkt 中国中超/中甲/中乙 2026 夏季转会,€,中超|中甲|中乙,中乙,大连英博B队,Dalian Yingbo B,dalian-yingbo-b,https://tmssl.akamaized.net//images/wappen/homepageSmall/137958.png?lm=1770830386,in,2026-07-17,靖宽杰,Kuanjie Jing,1246319,6451547,50967396,中国,懂球帝,20,MF,Midfielder,China,https://tmssl.akamaized.net//images/flagge/tiny/34.png?lm=1520611569,大连英博,,other,,?,,?,,true,
China,zh,2026-08-11 12:16 UTC,Transfermarkt 中国中超/中甲/中乙 2026 夏季转会,€,中超|中甲|中乙,中乙,大连英博B队,Dalian Yingbo B,dalian-yingbo-b,https://tmssl.akamaized.net//images/wappen/homepageSmall/137958.png?lm=1770830386,out,2026-07-01,王晓峰,Xiaofeng Wang,738564,6451550,50560280,中国,懂球帝,25,GK,Goalkeeper,China,https://tmssl.akamaized.net//images/flagge/tiny/34.png?lm=1520611569,大连英博,,other,,?,,?,,true,
China,zh,2026-08-11 12:16 UTC,Transfermarkt 中国中超/中甲/中乙 2026 夏季转会,€,中超|中甲|中乙,中乙,山西崇德荣海,Shanxi Chongde Ronghai,shanxi-chongde-ronghai,https://tmssl.akamaized.net//images/wappen/homepageSmall/94351.png?lm=1773952095,in,2026-07-20,Jiajun Lü,,1382476,6441161,,,,22,MF,Midfielder,China,https://tmssl.akamaized.net//images/flagge/tiny/34.png?lm=1520611569,Shanghai Zetian,,free,,?,,Free,0.0,true,
China,zh,2026-08-11 12:16 UTC,Transfermarkt 中国中超/中甲/中乙 2026 夏季转会,€,中超|中甲|中乙,中乙,山西崇德荣海,Shanxi Chongde Ronghai,shanxi-chongde-ronghai,https://tmssl.akamaized.net//images/wappen/homepageSmall/94351.png?lm=1773952095,in,2026-07-20,董德,De Dong,1396620,6441157,51105100,中国,懂球帝,20,MF,Midfielder,China,https://tmssl.akamaized.net//images/flagge/tiny/34.png?lm=1520611569,Anhui Wanmei,,free,,?,,Free,0.0,true,
China,zh,2026-08-11 12:16 UTC,Transfermarkt 中国中超/中甲/中乙 2026 夏季转会,€,中超|中甲|中乙,中乙,山西崇德荣海,Shanxi Chongde Ronghai,shanxi-chongde-ronghai,https://tmssl.akamaized.net//images/wappen/homepageSmall/94351.png?lm=1773952095,in,2026-07-20,王熙博,Xibo Wang,893605,6441155,50635179,中国,懂球帝,25,GK,Goalkeeper,China,https://tmssl.akamaized.net//images/flagge/tiny/34.png?lm=1520611569,长春喜都,,free,,?,,Free,0.0,true,
China,zh,2026-08-11 12:16 UTC,Transfermarkt 中国中超/中甲/中乙 2026 夏季转会,€,中超|中甲|中乙,中乙,山西崇德荣海,Shanxi Chongde Ronghai,shanxi-chongde-ronghai,https://tmssl.akamaized.net//images/wappen/homepageSmall/94351.png?lm=1773952095,in,2026-07-02,张俊哲,Junzhe Zhang,217836,6396311,50118734,中国,懂球帝,35,CB,Centre-Back,China,https://tmssl.akamaized.net//images/flagge/tiny/34.png?lm=1520611569,兰州陇原竞技,,free,,?,,Free,0.0,true,
China,zh,2026-08-11 12:16 UTC,Transfermarkt 中国中超/中甲/中乙 2026 夏季转会,€,中超|中甲|中乙,中乙,山西崇德荣海,Shanxi Chongde Ronghai,shanxi-chongde-ronghai,https://tmssl.akamaized.net//images/wappen/homepageSmall/94351.png?lm=1773952095,in,2026-07-03,丁云峰,Yunfeng Ding,945589,6398873,50753183,中国,懂球帝,24,RM,Right Midfield,China,https://tmssl.akamaized.net//images/flagge/tiny/34.png?lm=1520611569,南京城市,,free,,?,,Free,0.0,true,
China,zh,2026-08-11 12:16 UTC,Transfermarkt 中国中超/中甲/中乙 2026 夏季转会,€,中超|中甲|中乙,中乙,山西崇德荣海,Shanxi Chongde Ronghai,shanxi-chongde-ronghai,https://tmssl.akamaized.net//images/wappen/homepageSmall/94351.png?lm=1773952095,in,2026-07-03,张天龙,Tianlong Zhang,236684,6399462,50118764,中国,懂球帝,34,LB,Left-Back,China,https://tmssl.akamaized.net//images/flagge/tiny/34.png?lm=1520611569,大连可为,,free,,?,,Free,0.0,true,
China,zh,2026-08-11 12:16 UTC,Transfermarkt 中国中超/中甲/中乙 2026 夏季转会,€,中超|中甲|中乙,中乙,山西崇德荣海,Shanxi Chongde Ronghai,shanxi-chongde-ronghai,https://tmssl.akamaized.net//images/wappen/homepageSmall/94351.png?lm=1773952095,in,2026-07-18,刘子洁,Zijie Liu,1530324,6436988,51223305,中国,懂球帝,20,DF,Defender,China,https://tmssl.akamaized.net//images/flagge/tiny/34.png?lm=1520611569,Taizhou Zaocha Heima,,free,,?,,Free,0.0,true,
China,zh,2026-08-11 12:16 UTC,Transfermarkt 中国中超/中甲/中乙 2026 夏季转会,€,中超|中甲|中乙,中乙,山西崇德荣海,Shanxi Chongde Ronghai,shanxi-chongde-ronghai,https://tmssl.akamaized.net//images/wappen/homepageSmall/94351.png?lm=1773952095,in,2026-07-17,努尔扎提-努尔兰,Nurzat Nurlan,1272321,6433762,50993191,中国,懂球帝,22,MF,Midfielder,China,https://tmssl.akamaized.net//images/flagge/tiny/34.png?lm=1520611569,南京城市,,loan,,€25k,0.025,Loan,,true,
China,zh,2026-08-11 12:16 UTC,Transfermarkt 中国中超/中甲/中乙 2026 夏季转会,€,中超|中甲|中乙,中乙,山西崇德荣海,Shanxi Chongde Ronghai,shanxi-chongde-ronghai,https://tmssl.akamaized.net//images/wappen/homepageSmall/94351.png?lm=1773952095,out,2026-07-01,任一求,Yiqiu Ren,1272330,6392661,50983763,中国,懂球帝,20,FW,Striker,China,https://tmssl.akamaized.net//images/flagge/tiny/34.png?lm=1520611569,江西庐山,,free,,?,,Free,0.0,true,
China,zh,2026-08-11 12:16 UTC,Transfermarkt 中国中超/中甲/中乙 2026 夏季转会,€,中超|中甲|中乙,中乙,山西崇德荣海,Shanxi Chongde Ronghai,shanxi-chongde-ronghai,https://tmssl.akamaized.net//images/wappen/homepageSmall/94351.png?lm=1773952095,out,2026-07-02,外力-库尔班,Weli Qurban,1239339,6397478,50961507,中国,懂球帝,20,FW,Striker,China,https://tmssl.akamaized.net//images/flagge/tiny/34.png?lm=1520611569,南京城市,,free,,?,,Free,0.0,true,
China,zh,2026-08-11 12:16 UTC,Transfermarkt 中国中超/中甲/中乙 2026 夏季转会,€,中超|中甲|中乙,中乙,山西崇德荣海,Shanxi Chongde Ronghai,shanxi-chongde-ronghai,https://tmssl.akamaized.net//images/wappen/homepageSmall/94351.png?lm=1773952095,out,2026-07-20,周祉轩,Zhixuan Zhou,1397030,6441154,51106420,中国,懂球帝,19,DF,Defender,China,https://tmssl.akamaized.net//images/flagge/tiny/34.png?lm=1520611569,无锡吴钩,,free,,?,,Free,0.0,true,
China,zh,2026-08-11 12:16 UTC,Transfermarkt 中国中超/中甲/中乙 2026 夏季转会,€,中超|中甲|中乙,中乙,山西崇德荣海,Shanxi Chongde Ronghai,shanxi-chongde-ronghai,https://tmssl.akamaized.net//images/wappen/homepageSmall/94351.png?lm=1773952095,out,2026-07-22,戚博,Bo Qi,1265494,6446233,50877100,中国,懂球帝,20,FW,Striker,China,https://tmssl.akamaized.net//images/flagge/tiny/34.png?lm=1520611569,海门珂缔缘,,loan,,?,,Loan,,true,
China,zh,2026-08-11 12:16 UTC,Transfermarkt 中国中超/中甲/中乙 2026 夏季转会,€,中超|中甲|中乙,中乙,山西崇德荣海,Shanxi Chongde Ronghai,shanxi-chongde-ronghai,https://tmssl.akamaized.net//images/wappen/homepageSmall/94351.png?lm=1773952095,out,2026-07-02,丁云峰,Yunfeng Ding,945589,6223389,50753183,中国,懂球帝,24,RM,Right Midfield,China,https://tmssl.akamaized.net//images/flagge/tiny/34.png?lm=1520611569,南京城市,,loan-return,,?,,End of loan,,true,
China,zh,2026-08-11 12:16 UTC,Transfermarkt 中国中超/中甲/中乙 2026 夏季转会,€,中超|中甲|中乙,中乙,兰州陇原竞技,Lanzhou Longyuan Athletic,lanzhou-longyuan-athletic,https://tmssl.akamaized.net//images/wappen/homepageSmall/50971.png?lm=1773952071,in,2026-07-08,柯源,Yuan Ke,571409,6411102,50698202,中国,懂球帝,28,DF,Defender,China,https://tmssl.akamaized.net//images/flagge/tiny/34.png?lm=1520611569,深圳青年人,,loan,,?,,Loan,,true,
China,zh,2026-08-11 12:16 UTC,Transfermarkt 中国中超/中甲/中乙 2026 夏季转会,€,中超|中甲|中乙,中乙,兰州陇原竞技,Lanzhou Longyuan Athletic,lanzhou-longyuan-athletic,https://tmssl.akamaized.net//images/wappen/homepageSmall/50971.png?lm=1773952071,in,2026-07-21,曹品排,Pinpai Cao,1252395,6444115,50874060,中国,懂球帝,23,MF,Midfielder,China,https://tmssl.akamaized.net//images/flagge/tiny/34.png?lm=1520611569,成都蓉城B队,,transfer,,?,,€4k,0.004,true,
China,zh,2026-08-11 12:16 UTC,Transfermarkt 中国中超/中甲/中乙 2026 夏季转会,€,中超|中甲|中乙,中乙,兰州陇原竞技,Lanzhou Longyuan Athletic,lanzhou-longyuan-athletic,https://tmssl.akamaized.net//images/wappen/homepageSmall/50971.png?lm=1773952071,in,2026-07-06,张自超,Zichao Zhang,824400,6406381,50577950,中国,懂球帝,25,CB,Centre-Back,China,https://tmssl.akamaized.net//images/flagge/tiny/34.png?lm=1520611569,大连可为,,free,,?,,Free,0.0,true,
China,zh,2026-08-11 12:16 UTC,Transfermarkt 中国中超/中甲/中乙 2026 夏季转会,€,中超|中甲|中乙,中乙,兰州陇原竞技,Lanzhou Longyuan Athletic,lanzhou-longyuan-athletic,https://tmssl.akamaized.net//images/wappen/homepageSmall/50971.png?lm=1773952071,in,2026-07-08,潘昱辰,Yuchen Pan,218321,6411386,50149301,中国,懂球帝,33,AM,Attacking Midfield,China,https://tmssl.akamaized.net//images/flagge/tiny/34.png?lm=1520611569,厦门飞鹭,,free,,?,,Free,0.0,true,
China,zh,2026-08-11 12:16 UTC,Transfermarkt 中国中超/中甲/中乙 2026 夏季转会,€,中超|中甲|中乙,中乙,兰州陇原竞技,Lanzhou Longyuan Athletic,lanzhou-longyuan-athletic,https://tmssl.akamaized.net//images/wappen/homepageSmall/50971.png?lm=1773952071,in,2026-07-09,张越,Yue Zhang,425022,6414335,50470824,中国,懂球帝,26,RM,Right Midfield,China,https://tmssl.akamaized.net//images/flagge/tiny/34.png?lm=1520611569,厦门飞鹭,,free,,?,,Free,0.0,true,
China,zh,2026-08-11 12:16 UTC,Transfermarkt 中国中超/中甲/中乙 2026 夏季转会,€,中超|中甲|中乙,中乙,兰州陇原竞技,Lanzhou Longyuan Athletic,lanzhou-longyuan-athletic,https://tmssl.akamaized.net//images/wappen/homepageSmall/50971.png?lm=1773952071,in,2026-07-22,任戬,Jian Ren,1090455,6446238,50839332,中国,懂球帝,23,CB,Centre-Back,China,https://tmssl.akamaized.net//images/flagge/tiny/34.png?lm=1520611569,Guizhou Xufengtang,,free,,?,,Free,0.0,true,
China,zh,2026-08-11 12:16 UTC,Transfermarkt 中国中超/中甲/中乙 2026 夏季转会,€,中超|中甲|中乙,中乙,兰州陇原竞技,Lanzhou Longyuan Athletic,lanzhou-longyuan-athletic,https://tmssl.akamaized.net//images/wappen/homepageSmall/50971.png?lm=1773952071,out,2026-07-02,张俊哲,Junzhe Zhang,217836,6396311,50118734,中国,懂球帝,35,CB,Centre-Back,China,https://tmssl.akamaized.net//images/flagge/tiny/34.png?lm=1520611569,山西崇德荣海,,free,,?,,Free,0.0,true,
China,zh,2026-08-11 12:16 UTC,Transfermarkt 中国中超/中甲/中乙 2026 夏季转会,€,中超|中甲|中乙,中乙,兰州陇原竞技,Lanzhou Longyuan Athletic,lanzhou-longyuan-athletic,https://tmssl.akamaized.net//images/wappen/homepageSmall/50971.png?lm=1773952071,out,2026-07-03,乌拉尔-木合塔尔,Ular Muhtar,657465,6399467,50490842,中国,懂球帝,27,CF,Centre-Forward,China,https://tmssl.akamaized.net//images/flagge/tiny/34.png?lm=1520611569,泰安天贶,,free,,?,,Free,0.0,true,
China,zh,2026-08-11 12:16 UTC,Transfermarkt 中国中超/中甲/中乙 2026 夏季转会,€,中超|中甲|中乙,中乙,泰安天贶,Tai'an Tiankuang,tai-an-tiankuang,https://tmssl.akamaized.net//images/wappen/homepageSmall/94345.png?lm=1656836320,in,2026-07-03,乌拉尔-木合塔尔,Ular Muhtar,657465,6399467,50490842,中国,懂球帝,27,CF,Centre-Forward,China,https://tmssl.akamaized.net//images/flagge/tiny/34.png?lm=1520611569,兰州陇原竞技,,free,,?,,Free,0.0,true,
China,zh,2026-08-11 12:16 UTC,Transfermarkt 中国中超/中甲/中乙 2026 夏季转会,€,中超|中甲|中乙,中乙,泰安天贶,Tai'an Tiankuang,tai-an-tiankuang,https://tmssl.akamaized.net//images/wappen/homepageSmall/94345.png?lm=1656836320,in,2026-07-15,安勇建,Yongjian An,1090452,6429245,50663944,中国,懂球帝,24,FW,Striker,China,https://tmssl.akamaized.net//images/flagge/tiny/34.png?lm=1520611569,梅州客家,,free,,€10k,0.01,Free,0.0,true,
China,zh,2026-08-11 12:16 UTC,Transfermarkt 中国中超/中甲/中乙 2026 夏季转会,€,中超|中甲|中乙,中乙,泰安天贶,Tai'an Tiankuang,tai-an-tiankuang,https://tmssl.akamaized.net//images/wappen/homepageSmall/94345.png?lm=1656836320,in,2026-07-02,毛梓育,Ziyu Mao,796250,6396313,50628214,中国,懂球帝,24,CF,Centre-Forward,China,https://tmssl.akamaized.net//images/flagge/tiny/34.png?lm=1520611569,无锡吴钩,,loan,,€25k,0.025,Loan,,true,
China,zh,2026-08-11 12:16 UTC,Transfermarkt 中国中超/中甲/中乙 2026 夏季转会,€,中超|中甲|中乙,中乙,泰安天贶,Tai'an Tiankuang,tai-an-tiankuang,https://tmssl.akamaized.net//images/wappen/homepageSmall/94345.png?lm=1656836320,in,2026-07-03,巴特,Te Ba,1267274,6398862,50874265,中国,懂球帝,21,FW,Striker,China,https://tmssl.akamaized.net//images/flagge/tiny/34.png?lm=1520611569,长春亚泰,,loan,,?,,Loan,,true,
China,zh,2026-08-11 12:16 UTC,Transfermarkt 中国中超/中甲/中乙 2026 夏季转会,€,中超|中甲|中乙,中乙,泰安天贶,Tai'an Tiankuang,tai-an-tiankuang,https://tmssl.akamaized.net//images/wappen/homepageSmall/94345.png?lm=1656836320,out,2026-07-18,魏政鸿,Zhenghong Wei,1134874,6436991,50875951,中国,懂球帝,23,FW,Striker,China,https://tmssl.akamaized.net//images/flagge/tiny/34.png?lm=1520611569,温州队,,free,,?,,Free,0.0,true,
China,zh,2026-08-11 12:16 UTC,Transfermarkt 中国中超/中甲/中乙 2026 夏季转会,€,中超|中甲|中乙,中乙,泰安天贶,Tai'an Tiankuang,tai-an-tiankuang,https://tmssl.akamaized.net//images/wappen/homepageSmall/94345.png?lm=1656836320,out,2026-07-17,钟明志,Mingzhi Zhong,1077607,6436995,50798489,中国,懂球帝,21,DF,Defender,China,https://tmssl.akamaized.net//images/flagge/tiny/34.png?lm=1520611569,厦门飞鹭,,free,,?,,Free,0.0,true,
China,zh,2026-08-11 12:16 UTC,Transfermarkt 中国中超/中甲/中乙 2026 夏季转会,€,中超|中甲|中乙,中乙,泰安天贶,Tai'an Tiankuang,tai-an-tiankuang,https://tmssl.akamaized.net//images/wappen/homepageSmall/94345.png?lm=1656836320,out,2026-07-21,张泽斌,Zebin Zhang,1520409,6444110,51212889,中国,懂球帝,19,MF,Midfielder,China,https://tmssl.akamaized.net//images/flagge/tiny/34.png?lm=1520611569,佛山南狮,,free,,?,,Free,0.0,true,
China,zh,2026-08-11 12:16 UTC,Transfermarkt 中国中超/中甲/中乙 2026 夏季转会,€,中超|中甲|中乙,中乙,青岛红狮,Qingdao Red Lions,qingdao-red-lions,https://tmssl.akamaized.net//images/wappen/homepageSmall/53326.png?lm=1745609081,in,2026-07-02,陈佳奇,Jiaqi Chen,251950,6395712,50212009,中国,懂球帝,33,CF,Centre-Forward,China,https://tmssl.akamaized.net//images/flagge/tiny/34.png?lm=1520611569,湖北青年星,,free,,?,,Free,0.0,true,
China,zh,2026-08-11 12:16 UTC,Transfermarkt 中国中超/中甲/中乙 2026 夏季转会,€,中超|中甲|中乙,中乙,青岛红狮,Qingdao Red Lions,qingdao-red-lions,https://tmssl.akamaized.net//images/wappen/homepageSmall/53326.png?lm=1745609081,in,2026-07-08,李宗儒,Zongru Li,943761,6411385,50751826,中国,懂球帝,24,FW,Striker,China,https://tmssl.akamaized.net//images/flagge/tiny/34.png?lm=1520611569,厦门飞鹭,,free,,?,,Free,0.0,true,
China,zh,2026-08-11 12:16 UTC,Transfermarkt 中国中超/中甲/中乙 2026 夏季转会,€,中超|中甲|中乙,中乙,青岛红狮,Qingdao Red Lions,qingdao-red-lions,https://tmssl.akamaized.net//images/wappen/homepageSmall/53326.png?lm=1745609081,in,2026-07-10,陈龙,Long Chen,308491,6425025,50384959,中国,懂球帝,37,RB,Right-Back,China,https://tmssl.akamaized.net//images/flagge/tiny/34.png?lm=1520611569,Shenzhen Xingjun,,free,,?,,Free,0.0,true,
China,zh,2026-08-11 12:16 UTC,Transfermarkt 中国中超/中甲/中乙 2026 夏季转会,€,中超|中甲|中乙,中乙,青岛红狮,Qingdao Red Lions,qingdao-red-lions,https://tmssl.akamaized.net//images/wappen/homepageSmall/53326.png?lm=1745609081,in,2026-07-17,黄旭恒,Xuheng Huang,890082,6438922,50633558,中国,懂球帝,24,CB,Centre-Back,China,https://tmssl.akamaized.net//images/flagge/tiny/34.png?lm=1520611569,重庆铜梁龙,,loan,,€75k,0.075,Loan,,true,
China,zh,2026-08-11 12:16 UTC,Transfermarkt 中国中超/中甲/中乙 2026 夏季转会,€,中超|中甲|中乙,中乙,海门珂缔缘,Haimen Codion,haimen-codion,https://tmssl.akamaized.net//images/wappen/homepageSmall/54432.png?lm=1656681171,in,2026-07-22,戚博,Bo Qi,1265494,6446233,50877100,中国,懂球帝,20,FW,Striker,China,https://tmssl.akamaized.net//images/flagge/tiny/34.png?lm=1520611569,山西崇德荣海,,loan,,?,,Loan,,true,
China,zh,2026-08-11 12:16 UTC,Transfermarkt 中国中超/中甲/中乙 2026 夏季转会,€,中超|中甲|中乙,中乙,上海海港富盛经开,Shanghai Second,shanghai-second,https://tmssl.akamaized.net//images/wappen/homepageSmall/107467.png?lm=1742323503,in,2026-07-22,龚纯洁,Chunjie Gong,492076,6446557,50452546,中国,懂球帝,27,RB,Right-Back,China,https://tmssl.akamaized.net//images/flagge/tiny/34.png?lm=1520611569,宁波队,,loan,,€25k,0.025,Loan,,true,
China,zh,2026-08-11 12:16 UTC,Transfermarkt 中国中超/中甲/中乙 2026 夏季转会,€,中超|中甲|中乙,中乙,上海海港富盛经开,Shanghai Second,shanghai-second,https://tmssl.akamaized.net//images/wappen/homepageSmall/107467.png?lm=1742323503,in,2026-07-09,向若可,Ruoke Xiang,1090369,6413395,50821481,中国,懂球帝,21,DF,Defender,China,https://tmssl.akamaized.net//images/flagge/tiny/34.png?lm=1520611569,宁波队,,free,,€25k,0.025,Free,0.0,true,
China,zh,2026-08-11 12:16 UTC,Transfermarkt 中国中超/中甲/中乙 2026 夏季转会,€,中超|中甲|中乙,中乙,上海海港富盛经开,Shanghai Second,shanghai-second,https://tmssl.akamaized.net//images/wappen/homepageSmall/107467.png?lm=1742323503,in,2026-07-22,余彦锋,Yanfeng Yu,1267253,6446239,50839480,中国,懂球帝,22,RW,Right Winger,China,https://tmssl.akamaized.net//images/flagge/tiny/34.png?lm=1520611569,Guizhou Xufengtang,,free,,?,,Free,0.0,true,
China,zh,2026-08-11 12:16 UTC,Transfermarkt 中国中超/中甲/中乙 2026 夏季转会,€,中超|中甲|中乙,中乙,上海海港富盛经开,Shanghai Second,shanghai-second,https://tmssl.akamaized.net//images/wappen/homepageSmall/107467.png?lm=1742323503,out,2026-07-20,Xin Li,,252170,6446249,,,,34,AM,Attacking Midfield,China,https://tmssl.akamaized.net//images/flagge/tiny/34.png?lm=1520611569,Dalian Stars,,free,,?,,Free,0.0,true,
China,zh,2026-08-11 12:16 UTC,Transfermarkt 中国中超/中甲/中乙 2026 夏季转会,€,中超|中甲|中乙,中乙,上海海港B队,Shanghai Port B,shanghai-port-b,https://tmssl.akamaized.net//images/wappen/homepageSmall/115122.png?lm=1702165860,in,2026-07-03,张卫,Wei Zhang,254642,6399465,50211936,中国,懂球帝,33,LB,Left-Back,China,https://tmssl.akamaized.net//images/flagge/tiny/34.png?lm=1520611569,青岛海牛,,loan,,€50k,0.05,Loan,,true,
China,zh,2026-08-11 12:16 UTC,Transfermarkt 中国中超/中甲/中乙 2026 夏季转会,€,中超|中甲|中乙,中乙,上海海港B队,Shanghai Port B,shanghai-port-b,https://tmssl.akamaized.net//images/wappen/homepageSmall/115122.png?lm=1702165860,in,2026-07-02,王政,Zheng Wang,1134816,6399985,50875871,中国,懂球帝,21,CB,Centre-Back,China,https://tmssl.akamaized.net//images/flagge/tiny/34.png?lm=1520611569,湖北青年星,,loan,,?,,Loan,,true,
China,zh,2026-08-11 12:16 UTC,Transfermarkt 中国中超/中甲/中乙 2026 夏季转会,€,中超|中甲|中乙,中乙,上海海港B队,Shanghai Port B,shanghai-port-b,https://tmssl.akamaized.net//images/wappen/homepageSmall/115122.png?lm=1702165860,in,2026-07-02,李泽生,Zesheng Li,1134814,6399987,50875868,中国,懂球帝,19,MF,Midfielder,China,https://tmssl.akamaized.net//images/flagge/tiny/34.png?lm=1520611569,湖北青年星,,loan,,?,,Loan,,true,
China,zh,2026-08-11 12:16 UTC,Transfermarkt 中国中超/中甲/中乙 2026 夏季转会,€,中超|中甲|中乙,中乙,上海海港B队,Shanghai Port B,shanghai-port-b,https://tmssl.akamaized.net//images/wappen/homepageSmall/115122.png?lm=1702165860,in,2026-07-02,黄文政,Wenzheng Huang,1028003,6399989,50764222,中国,懂球帝,21,CF,Centre-Forward,China,https://tmssl.akamaized.net//images/flagge/tiny/34.png?lm=1520611569,湖北青年星,,loan,,?,,Loan,,true,
China,zh,2026-08-11 12:16 UTC,Transfermarkt 中国中超/中甲/中乙 2026 夏季转会,€,中超|中甲|中乙,中乙,上海海港B队,Shanghai Port B,shanghai-port-b,https://tmssl.akamaized.net//images/wappen/homepageSmall/115122.png?lm=1702165860,out,2026-07-16,黄雍海,Yonghai Huang,1041109,6432130,50789438,中国,懂球帝,21,CF,Centre-Forward,China,https://tmssl.akamaized.net//images/flagge/tiny/34.png?lm=1520611569,佛山南狮,,loan,,?,,Loan,,true,
China,zh,2026-08-11 12:16 UTC,Transfermarkt 中国中超/中甲/中乙 2026 夏季转会,€,中超|中甲|中乙,中乙,湖北青年星,Hubei Istar,hubei-istar,https://tmssl.akamaized.net//images/wappen/homepageSmall/56198.png?lm=1777215398,in,2026-07-22,江承恩,Cheng'en Jiang,1397422,6447084,51106526,中国,懂球帝,16,GK,Goalkeeper,China,https://tmssl.akamaized.net//images/flagge/tiny/34.png?lm=1520611569,Evergrande Football School,,transfer,,?,,€259k,0.259,true,
China,zh,2026-08-11 12:16 UTC,Transfermarkt 中国中超/中甲/中乙 2026 夏季转会,€,中超|中甲|中乙,中乙,湖北青年星,Hubei Istar,hubei-istar,https://tmssl.akamaized.net//images/wappen/homepageSmall/56198.png?lm=1777215398,in,2026-07-20,单思焱,Siyan Shan,1281734,6441152,51002637,中国,懂球帝,19,DF,Defender,China,https://tmssl.akamaized.net//images/flagge/tiny/34.png?lm=1520611569,FK Ada U19,,free,,?,,Free,0.0,true,
China,zh,2026-08-11 12:16 UTC,Transfermarkt 中国中超/中甲/中乙 2026 夏季转会,€,中超|中甲|中乙,中乙,湖北青年星,Hubei Istar,hubei-istar,https://tmssl.akamaized.net//images/wappen/homepageSmall/56198.png?lm=1777215398,in,2026-07-16,单欢欢,Huanhuan Shan,424770,6432135,50257714,中国,懂球帝,27,CF,Centre-Forward,China,https://tmssl.akamaized.net//images/flagge/tiny/34.png?lm=1520611569,Beijing Pengrui,,free,,?,,Free,0.0,true,
China,zh,2026-08-11 12:16 UTC,Transfermarkt 中国中超/中甲/中乙 2026 夏季转会,€,中超|中甲|中乙,中乙,湖北青年星,Hubei Istar,hubei-istar,https://tmssl.akamaized.net//images/wappen/homepageSmall/56198.png?lm=1777215398,in,2026-07-16,曲岱钦,Daiqin Qu,1518044,6432134,51050359,中国,懂球帝,19,RW,Right Winger,China,https://tmssl.akamaized.net//images/flagge/tiny/34.png?lm=1520611569,NS Mura U19,,free,,?,,Free,0.0,true,
China,zh,2026-08-11 12:16 UTC,Transfermarkt 中国中超/中甲/中乙 2026 夏季转会,€,中超|中甲|中乙,中乙,湖北青年星,Hubei Istar,hubei-istar,https://tmssl.akamaized.net//images/wappen/homepageSmall/56198.png?lm=1777215398,in,2026-07-01,张伯霖,Bolin Zhang,1397377,6392656,51106478,中国,懂球帝,16,CF,Centre-Forward,China,https://tmssl.akamaized.net//images/flagge/tiny/34.png?lm=1520611569,Henan Grand Future,,free,,?,,Free,0.0,true,
China,zh,2026-08-11 12:16 UTC,Transfermarkt 中国中超/中甲/中乙 2026 夏季转会,€,中超|中甲|中乙,中乙,湖北青年星,Hubei Istar,hubei-istar,https://tmssl.akamaized.net//images/wappen/homepageSmall/56198.png?lm=1777215398,in,2026-07-22,汪奕铭,Yiming Wang,1511102,6446242,51116260,中国,懂球帝,17,MF,Midfielder,China,https://tmssl.akamaized.net//images/flagge/tiny/34.png?lm=1520611569,Hubei Istar Youth,,promotion,,?,,Promotion,,true,
China,zh,2026-08-11 12:16 UTC,Transfermarkt 中国中超/中甲/中乙 2026 夏季转会,€,中超|中甲|中乙,中乙,湖北青年星,Hubei Istar,hubei-istar,https://tmssl.akamaized.net//images/wappen/homepageSmall/56198.png?lm=1777215398,in,2026-06-30,Zihao Lin,,1242688,5846174,,,,19,LW,Left Winger,China,https://tmssl.akamaized.net//images/flagge/tiny/34.png?lm=1520611569,FK Vozdovac U19,,loan-return,,?,,End of loan,,true,
China,zh,2026-08-11 12:16 UTC,Transfermarkt 中国中超/中甲/中乙 2026 夏季转会,€,中超|中甲|中乙,中乙,湖北青年星,Hubei Istar,hubei-istar,https://tmssl.akamaized.net//images/wappen/homepageSmall/56198.png?lm=1777215398,in,2026-07-15,黄嘉乐,Jiale Huang,1243595,6429247,50966247,中国,懂球帝,18,MF,Midfielder,China,https://tmssl.akamaized.net//images/flagge/tiny/34.png?lm=1520611569,定南赣联,,loan-return,,€25k,0.025,End of loan,,true,
China,zh,2026-08-11 12:16 UTC,Transfermarkt 中国中超/中甲/中乙 2026 夏季转会,€,中超|中甲|中乙,中乙,湖北青年星,Hubei Istar,hubei-istar,https://tmssl.akamaized.net//images/wappen/homepageSmall/56198.png?lm=1777215398,out,2026-07-02,陈佳奇,Jiaqi Chen,251950,6395712,50212009,中国,懂球帝,33,CF,Centre-Forward,China,https://tmssl.akamaized.net//images/flagge/tiny/34.png?lm=1520611569,青岛红狮,,free,,?,,Free,0.0,true,
China,zh,2026-08-11 12:16 UTC,Transfermarkt 中国中超/中甲/中乙 2026 夏季转会,€,中超|中甲|中乙,中乙,湖北青年星,Hubei Istar,hubei-istar,https://tmssl.akamaized.net//images/wappen/homepageSmall/56198.png?lm=1777215398,out,2026-07-02,黄文政,Wenzheng Huang,1028003,6399989,50764222,中国,懂球帝,21,CF,Centre-Forward,China,https://tmssl.akamaized.net//images/flagge/tiny/34.png?lm=1520611569,上海海港B队,,loan,,?,,Loan,,true,
China,zh,2026-08-11 12:16 UTC,Transfermarkt 中国中超/中甲/中乙 2026 夏季转会,€,中超|中甲|中乙,中乙,湖北青年星,Hubei Istar,hubei-istar,https://tmssl.akamaized.net//images/wappen/homepageSmall/56198.png?lm=1777215398,out,2026-07-02,李泽生,Zesheng Li,1134814,6399987,50875868,中国,懂球帝,19,MF,Midfielder,China,https://tmssl.akamaized.net//images/flagge/tiny/34.png?lm=1520611569,上海海港B队,,loan,,?,,Loan,,true,
China,zh,2026-08-11 12:16 UTC,Transfermarkt 中国中超/中甲/中乙 2026 夏季转会,€,中超|中甲|中乙,中乙,湖北青年星,Hubei Istar,hubei-istar,https://tmssl.akamaized.net//images/wappen/homepageSmall/56198.png?lm=1777215398,out,2026-07-02,王政,Zheng Wang,1134816,6399985,50875871,中国,懂球帝,21,CB,Centre-Back,China,https://tmssl.akamaized.net//images/flagge/tiny/34.png?lm=1520611569,上海海港B队,,loan,,?,,Loan,,true,
China,zh,2026-08-11 12:16 UTC,Transfermarkt 中国中超/中甲/中乙 2026 夏季转会,€,中超|中甲|中乙,中乙,武汉三镇B队,Wuhan Three Towns B,wuhan-three-towns-b,https://tmssl.akamaized.net//images/wappen/homepageSmall/125741.png?lm=1735794044,in,2026-07-15,赵梓业,Ziye Zhao,944624,6429236,50752568,中国,懂球帝,22,FW,Striker,China,https://tmssl.akamaized.net//images/flagge/tiny/34.png?lm=1520611569,石家庄功夫,,loan,,€25k,0.025,Loan,,true,
China,zh,2026-08-11 12:16 UTC,Transfermarkt 中国中超/中甲/中乙 2026 夏季转会,€,中超|中甲|中乙,中乙,武汉三镇B队,Wuhan Three Towns B,wuhan-three-towns-b,https://tmssl.akamaized.net//images/wappen/homepageSmall/125741.png?lm=1735794044,in,2026-07-22,何思凡,Sifan He,1281955,6447730,51003084,中国,懂球帝,17,LW,Left Winger,China,https://tmssl.akamaized.net//images/flagge/tiny/34.png?lm=1520611569,Shandong Taishan Youth,,loan,,?,,Loan,,true,
China,zh,2026-08-11 12:16 UTC,Transfermarkt 中国中超/中甲/中乙 2026 夏季转会,€,中超|中甲|中乙,中乙,成都蓉城B队,Chengdu Rongcheng B,chengdu-rongcheng-b,https://tmssl.akamaized.net//images/wappen/homepageSmall/125740.png?lm=1735794025,in,2026-07-21,崔星隆,Xinglong Cui,788163,6444108,50750265,中国,懂球帝,21,AM,Attacking Midfield,China,https://tmssl.akamaized.net//images/flagge/tiny/34.png?lm=1520611569,广东广州豹,,loan,,€25k,0.025,Loan,,true,
China,zh,2026-08-11 12:16 UTC,Transfermarkt 中国中超/中甲/中乙 2026 夏季转会,€,中超|中甲|中乙,中乙,成都蓉城B队,Chengdu Rongcheng B,chengdu-rongcheng-b,https://tmssl.akamaized.net//images/wappen/homepageSmall/125740.png?lm=1735794025,in,2026-07-21,李文乐,Wenle Li,1267178,6444106,50839728,中国,懂球帝,20,MF,Midfielder,China,https://tmssl.akamaized.net//images/flagge/tiny/34.png?lm=1520611569,广东广州豹,,loan,,?,,Loan,,true,
China,zh,2026-08-11 12:16 UTC,Transfermarkt 中国中超/中甲/中乙 2026 夏季转会,€,中超|中甲|中乙,中乙,成都蓉城B队,Chengdu Rongcheng B,chengdu-rongcheng-b,https://tmssl.akamaized.net//images/wappen/homepageSmall/125740.png?lm=1735794025,in,2026-07-22,陈骁涵,Xiaohan Chen,1525093,6446231,51215353,中国,懂球帝,18,MF,Midfielder,China,https://tmssl.akamaized.net//images/flagge/tiny/34.png?lm=1520611569,广州蒲公英,,free,,?,,Free,0.0,true,
China,zh,2026-08-11 12:16 UTC,Transfermarkt 中国中超/中甲/中乙 2026 夏季转会,€,中超|中甲|中乙,中乙,成都蓉城B队,Chengdu Rongcheng B,chengdu-rongcheng-b,https://tmssl.akamaized.net//images/wappen/homepageSmall/125740.png?lm=1735794025,out,2026-07-21,曹品排,Pinpai Cao,1252395,6444115,50874060,中国,懂球帝,23,MF,Midfielder,China,https://tmssl.akamaized.net//images/flagge/tiny/34.png?lm=1520611569,兰州陇原竞技,,transfer,,?,,€4k,0.004,true,
China,zh,2026-08-11 12:16 UTC,Transfermarkt 中国中超/中甲/中乙 2026 夏季转会,€,中超|中甲|中乙,中乙,成都蓉城B队,Chengdu Rongcheng B,chengdu-rongcheng-b,https://tmssl.akamaized.net//images/wappen/homepageSmall/125740.png?lm=1735794025,out,2026-07-21,徐虹,Hong Xu,1252417,6444769,50974961,中国,懂球帝,21,LW,Left Winger,China,https://tmssl.akamaized.net//images/flagge/tiny/34.png?lm=1520611569,广州蒲公英,,loan,,€50k,0.05,Loan,,true,
China,zh,2026-08-11 12:16 UTC,Transfermarkt 中国中超/中甲/中乙 2026 夏季转会,€,中超|中甲|中乙,中乙,杭州临平吴越,Hangzhou Linping Wu-Yue,hangzhou-linping-wu-yue,https://tmssl.akamaized.net//images/wappen/homepageSmall/107764.png?lm=1742321696,in,2026-07-03,叶道鑫,Daoxin Ye,1089665,6399983,50838684,中国,懂球帝,20,DF,Defender,China,https://tmssl.akamaized.net//images/flagge/tiny/34.png?lm=1520611569,浙江队,,transfer,,€25k,0.025,€10k,0.01,true,
China,zh,2026-08-11 12:16 UTC,Transfermarkt 中国中超/中甲/中乙 2026 夏季转会,€,中超|中甲|中乙,中乙,杭州临平吴越,Hangzhou Linping Wu-Yue,hangzhou-linping-wu-yue,https://tmssl.akamaized.net//images/wappen/homepageSmall/107764.png?lm=1742321696,in,2026-07-04,达木林扎布,Damlinjab,1377387,6402208,51088411,中国,懂球帝,23,CF,Centre-Forward,China,https://tmssl.akamaized.net//images/flagge/tiny/34.png?lm=1520611569,长春喜都,,free,,?,,Free,0.0,true,
China,zh,2026-08-11 12:16 UTC,Transfermarkt 中国中超/中甲/中乙 2026 夏季转会,€,中超|中甲|中乙,中乙,杭州临平吴越,Hangzhou Linping Wu-Yue,hangzhou-linping-wu-yue,https://tmssl.akamaized.net//images/wappen/homepageSmall/107764.png?lm=1742321696,in,2026-07-06,李达,Da Li,893506,6406378,50635168,中国,懂球帝,25,DF,Defender,China,https://tmssl.akamaized.net//images/flagge/tiny/34.png?lm=1520611569,Ningxia Pingluo Hengli,,free,,?,,Free,0.0,true,
China,zh,2026-08-11 12:16 UTC,Transfermarkt 中国中超/中甲/中乙 2026 夏季转会,€,中超|中甲|中乙,中乙,杭州临平吴越,Hangzhou Linping Wu-Yue,hangzhou-linping-wu-yue,https://tmssl.akamaized.net//images/wappen/homepageSmall/107764.png?lm=1742321696,in,2026-07-03,阿布力克木-阿布都沙拉木,Ablikim Abdusalam,1015923,6399992,50755212,中国,懂球帝,23,MF,Midfielder,China,https://tmssl.akamaized.net//images/flagge/tiny/34.png?lm=1520611569,浙江队,,loan,,€50k,0.05,Loan,,true,
China,zh,2026-08-11 12:16 UTC,Transfermarkt 中国中超/中甲/中乙 2026 夏季转会,€,中超|中甲|中乙,中乙,杭州临平吴越,Hangzhou Linping Wu-Yue,hangzhou-linping-wu-yue,https://tmssl.akamaized.net//images/wappen/homepageSmall/107764.png?lm=1742321696,out,2026-07-04,钱远帆,Yuanfan Qian,1125721,6402207,50795389,中国,懂球帝,20,DM,Defensive Midfield,China,https://tmssl.akamaized.net//images/flagge/tiny/34.png?lm=1520611569,浙江队,,transfer,,?,,€26k,0.026,true,
China,zh,2026-08-11 12:16 UTC,Transfermarkt 中国中超/中甲/中乙 2026 夏季转会,€,中超|中甲|中乙,中乙,江西庐山,Jiangxi Lushan,jiangxi-lushan,https://tmssl.akamaized.net//images/wappen/homepageSmall/36881.png?lm=1745609068,in,2026-07-01,任一求,Yiqiu Ren,1272330,6392661,50983763,中国,懂球帝,20,FW,Striker,China,https://tmssl.akamaized.net//images/flagge/tiny/34.png?lm=1520611569,山西崇德荣海,,free,,?,,Free,0.0,true,
China,zh,2026-08-11 12:16 UTC,Transfermarkt 中国中超/中甲/中乙 2026 夏季转会,€,中超|中甲|中乙,中乙,江西庐山,Jiangxi Lushan,jiangxi-lushan,https://tmssl.akamaized.net//images/wappen/homepageSmall/36881.png?lm=1745609068,in,2026-07-17,Benhang Luo,,1266023,6433761,,,,20,MF,Midfielder,China,https://tmssl.akamaized.net//images/flagge/tiny/34.png?lm=1520611569,Guangxi Union,,free,,?,,Free,0.0,true,
China,zh,2026-08-11 12:16 UTC,Transfermarkt 中国中超/中甲/中乙 2026 夏季转会,€,中超|中甲|中乙,中乙,江西庐山,Jiangxi Lushan,jiangxi-lushan,https://tmssl.akamaized.net//images/wappen/homepageSmall/36881.png?lm=1745609068,in,2026-07-18,祝旭昇,Xusheng Zhu,1266446,6438921,50987875,中国,懂球帝,21,MF,Midfielder,China,https://tmssl.akamaized.net//images/flagge/tiny/34.png?lm=1520611569,长春喜都,,free,,?,,Free,0.0,true,
China,zh,2026-08-11 12:16 UTC,Transfermarkt 中国中超/中甲/中乙 2026 夏季转会,€,中超|中甲|中乙,中乙,江西庐山,Jiangxi Lushan,jiangxi-lushan,https://tmssl.akamaized.net//images/wappen/homepageSmall/36881.png?lm=1745609068,in,2026-07-22,艾力木拉提-依马木,Alimurat Imam,1272342,6446236,50886178,中国,懂球帝,22,DF,Defender,China,https://tmssl.akamaized.net//images/flagge/tiny/34.png?lm=1520611569,Jiangxi Lushan Reserves,,promotion,,?,,Promotion,,true,
China,zh,2026-08-11 12:16 UTC,Transfermarkt 中国中超/中甲/中乙 2026 夏季转会,€,中超|中甲|中乙,中乙,江西庐山,Jiangxi Lushan,jiangxi-lushan,https://tmssl.akamaized.net//images/wappen/homepageSmall/36881.png?lm=1745609068,in,2026-07-22,迪力木拉提-依马木,Dilmurat Imam,1272341,6446246,50886172,中国,懂球帝,22,DF,Defender,China,https://tmssl.akamaized.net//images/flagge/tiny/34.png?lm=1520611569,Jiangxi Lushan Reserves,,promotion,,?,,Promotion,,true,
China,zh,2026-08-11 12:16 UTC,Transfermarkt 中国中超/中甲/中乙 2026 夏季转会,€,中超|中甲|中乙,中乙,温州队,Wenzhou FC,wenzhou-fc,https://tmssl.akamaized.net//images/wappen/homepageSmall/78681.png?lm=1777215408,in,2026-07-16,张智杰,Zhijie Zhang,1243247,6432137,50966241,中国,懂球帝,20,FW,Striker,China,https://tmssl.akamaized.net//images/flagge/tiny/34.png?lm=1520611569,Guizhou Kaida,,free,,?,,Free,0.0,true,
China,zh,2026-08-11 12:16 UTC,Transfermarkt 中国中超/中甲/中乙 2026 夏季转会,€,中超|中甲|中乙,中乙,温州队,Wenzhou FC,wenzhou-fc,https://tmssl.akamaized.net//images/wappen/homepageSmall/78681.png?lm=1777215408,in,2026-07-18,魏政鸿,Zhenghong Wei,1134874,6436991,50875951,中国,懂球帝,23,FW,Striker,China,https://tmssl.akamaized.net//images/flagge/tiny/34.png?lm=1520611569,泰安天贶,,free,,?,,Free,0.0,true,
China,zh,2026-08-11 12:16 UTC,Transfermarkt 中国中超/中甲/中乙 2026 夏季转会,€,中超|中甲|中乙,中乙,温州队,Wenzhou FC,wenzhou-fc,https://tmssl.akamaized.net//images/wappen/homepageSmall/78681.png?lm=1777215408,in,2026-07-21,王宇翔,Yuxiang Wang,1130487,6444104,50873810,中国,懂球帝,21,FW,Striker,China,https://tmssl.akamaized.net//images/flagge/tiny/34.png?lm=1520611569,陕西联合,,loan,,?,,Loan,,true,
China,zh,2026-08-11 12:16 UTC,Transfermarkt 中国中超/中甲/中乙 2026 夏季转会,€,中超|中甲|中乙,中乙,温州队,Wenzhou FC,wenzhou-fc,https://tmssl.akamaized.net//images/wappen/homepageSmall/78681.png?lm=1777215408,in,2026-07-22,欧阳成卓,Chengzhuo Ouyang,1515343,6447669,51208265,中国,懂球帝,19,FW,Striker,China,https://tmssl.akamaized.net//images/flagge/tiny/34.png?lm=1520611569,大连鲧城,,loan,,?,,Loan,,true,
China,zh,2026-08-11 12:16 UTC,Transfermarkt 中国中超/中甲/中乙 2026 夏季转会,€,中超|中甲|中乙,中乙,温州队,Wenzhou FC,wenzhou-fc,https://tmssl.akamaized.net//images/wappen/homepageSmall/78681.png?lm=1777215408,out,2026-07-02,艾楚维,Chuwei Ai,1242825,6397474,50965321,中国,懂球帝,19,CF,Centre-Forward,China,https://tmssl.akamaized.net//images/flagge/tiny/34.png?lm=1520611569,广东广州豹,,loan-return,,?,,End of loan,,true,
China,zh,2026-08-11 12:16 UTC,Transfermarkt 中国中超/中甲/中乙 2026 夏季转会,€,中超|中甲|中乙,中乙,贵州筑城竞技,Guizhou Guiyang Athletic,guizhou-guiyang-athletic,https://tmssl.akamaized.net//images/wappen/homepageSmall/116467.png?lm=1705966074,in,2026-07-10,程隽龙,Junlong Cheng,1347970,6425027,51060960,中国,懂球帝,37,DF,Defender,China,https://tmssl.akamaized.net//images/flagge/tiny/34.png?lm=1520611569,Shenzhen Xingjun,,free,,?,,Free,0.0,true,
China,zh,2026-08-11 12:16 UTC,Transfermarkt 中国中超/中甲/中乙 2026 夏季转会,€,中超|中甲|中乙,中乙,贵州筑城竞技,Guizhou Guiyang Athletic,guizhou-guiyang-athletic,https://tmssl.akamaized.net//images/wappen/homepageSmall/116467.png?lm=1705966074,in,2026-07-08,陈彦朴,Yanpu Chen,589613,6411108,50584716,中国,懂球帝,25,MF,Midfielder,China,https://tmssl.akamaized.net//images/flagge/tiny/34.png?lm=1520611569,陕西联合,,loan,,€50k,0.05,Loan,,true,
China,zh,2026-08-11 12:16 UTC,Transfermarkt 中国中超/中甲/中乙 2026 夏季转会,€,中超|中甲|中乙,中乙,贵州筑城竞技,Guizhou Guiyang Athletic,guizhou-guiyang-athletic,https://tmssl.akamaized.net//images/wappen/homepageSmall/116467.png?lm=1705966074,out,2026-07-03,梁欢,Huan Liang,745530,6399982,50495068,中国,懂球帝,26,FW,Striker,China,https://tmssl.akamaized.net//images/flagge/tiny/34.png?lm=1520611569,长春喜都,,free,,?,,Free,0.0,true,
China,zh,2026-08-11 12:16 UTC,Transfermarkt 中国中超/中甲/中乙 2026 夏季转会,€,中超|中甲|中乙,中乙,赣州瑞狮,Ganzhou Ruishi,ganzhou-ruishi,https://tmssl.akamaized.net//images/wappen/homepageSmall/94364.png?lm=1745609058,in,2026-07-17,任泽宁,Zening Ren,1151941,6433789,50890762,中国,懂球帝,21,MF,Midfielder,China,https://tmssl.akamaized.net//images/flagge/tiny/34.png?lm=1520611569,定南赣联,,free,,€10k,0.01,Free,0.0,true,
China,zh,2026-08-11 12:16 UTC,Transfermarkt 中国中超/中甲/中乙 2026 夏季转会,€,中超|中甲|中乙,中乙,赣州瑞狮,Ganzhou Ruishi,ganzhou-ruishi,https://tmssl.akamaized.net//images/wappen/homepageSmall/94364.png?lm=1745609058,in,2026-07-15,李壮,Zhuang Li,1529313,6429248,51222255,中国,懂球帝,19,MF,Midfielder,China,https://tmssl.akamaized.net//images/flagge/tiny/34.png?lm=1520611569,Dalian Tongzhe,,free,,?,,Free,0.0,true,
China,zh,2026-08-11 12:16 UTC,Transfermarkt 中国中超/中甲/中乙 2026 夏季转会,€,中超|中甲|中乙,中乙,赣州瑞狮,Ganzhou Ruishi,ganzhou-ruishi,https://tmssl.akamaized.net//images/wappen/homepageSmall/94364.png?lm=1745609058,in,2026-07-02,王嘉竣,Jiajun Wang,1156427,6397477,50894783,中国,懂球帝,24,FW,Striker,China,https://tmssl.akamaized.net//images/flagge/tiny/34.png?lm=1520611569,厦门飞鹭,,free,,?,,Free,0.0,true,
China,zh,2026-08-11 12:16 UTC,Transfermarkt 中国中超/中甲/中乙 2026 夏季转会,€,中超|中甲|中乙,中乙,赣州瑞狮,Ganzhou Ruishi,ganzhou-ruishi,https://tmssl.akamaized.net//images/wappen/homepageSmall/94364.png?lm=1745609058,in,2026-07-15,殷培源,Peiyuan Yin,1431316,6429230,51138269,中国,懂球帝,18,FW,Striker,China,https://tmssl.akamaized.net//images/flagge/tiny/34.png?lm=1520611569,定南赣联,,loan,,?,,Loan,,true,
China,zh,2026-08-11 12:16 UTC,Transfermarkt 中国中超/中甲/中乙 2026 夏季转会,€,中超|中甲|中乙,中乙,赣州瑞狮,Ganzhou Ruishi,ganzhou-ruishi,https://tmssl.akamaized.net//images/wappen/homepageSmall/94364.png?lm=1745609058,in,2026-07-03,张梓峻,Zijun Zhang,1252382,6399543,50975299,中国,懂球帝,23,MF,Midfielder,China,https://tmssl.akamaized.net//images/flagge/tiny/34.png?lm=1520611569,无锡吴钩,,loan,,€10k,0.01,Loan,,true,
China,zh,2026-08-11 12:16 UTC,Transfermarkt 中国中超/中甲/中乙 2026 夏季转会,€,中超|中甲|中乙,中乙,赣州瑞狮,Ganzhou Ruishi,ganzhou-ruishi,https://tmssl.akamaized.net//images/wappen/homepageSmall/94364.png?lm=1745609058,out,2026-07-01,朱明鑫,Mingxin Zhu,795299,6392657,50570392,中国,懂球帝,27,CB,Centre-Back,China,https://tmssl.akamaized.net//images/flagge/tiny/34.png?lm=1520611569,定南赣联,,free,,?,,Free,0.0,true,
China,zh,2026-08-11 12:16 UTC,Transfermarkt 中国中超/中甲/中乙 2026 夏季转会,€,中超|中甲|中乙,中乙,赣州瑞狮,Ganzhou Ruishi,ganzhou-ruishi,https://tmssl.akamaized.net//images/wappen/homepageSmall/94364.png?lm=1745609058,out,2026-07-08,潘宣宇,Xuanyu Pan,1525474,6411105,51217254,中国,懂球帝,19,MF,Midfielder,China,https://tmssl.akamaized.net//images/flagge/tiny/34.png?lm=1520611569,延边龙鼎,,loan,,?,,Loan,,true,
China,zh,2026-08-11 12:16 UTC,Transfermarkt 中国中超/中甲/中乙 2026 夏季转会,€,中超|中甲|中乙,中乙,赣州瑞狮,Ganzhou Ruishi,ganzhou-ruishi,https://tmssl.akamaized.net//images/wappen/homepageSmall/94364.png?lm=1745609058,out,2026-07-21,宫睿聪,Ruicong Gong,1254615,6444761,50874106,中国,懂球帝,20,MF,Midfielder,China,https://tmssl.akamaized.net//images/flagge/tiny/34.png?lm=1520611569,Qingdao Hainiu U20,,loan-return,,?,,End of loan,,true,
China,zh,2026-08-11 12:16 UTC,Transfermarkt 中国中超/中甲/中乙 2026 夏季转会,€,中超|中甲|中乙,中乙,赣州瑞狮,Ganzhou Ruishi,ganzhou-ruishi,https://tmssl.akamaized.net//images/wappen/homepageSmall/94364.png?lm=1745609058,out,2026-07-02,刘国博,Guobo Liu,527714,6396308,50440311,中国,懂球帝,26,CF,Centre-Forward,China,https://tmssl.akamaized.net//images/flagge/tiny/34.png?lm=1520611569,Shandong Taishan Reserves,,loan-return,,?,,End of loan,,true,
China,zh,2026-08-11 12:16 UTC,Transfermarkt 中国中超/中甲/中乙 2026 夏季转会,€,中超|中甲|中乙,中乙,厦门飞鹭,Xiamen Feilu,xiamen-feilu,https://tmssl.akamaized.net//images/wappen/homepageSmall/108134.png?lm=1685031086,in,2026-07-17,高嘉良,Jialiang Gao,945405,6438924,50756880,中国,懂球帝,26,DF,Defender,China,https://tmssl.akamaized.net//images/flagge/tiny/34.png?lm=1520611569,定南赣联,,free,,€25k,0.025,Free,0.0,true,
China,zh,2026-08-11 12:16 UTC,Transfermarkt 中国中超/中甲/中乙 2026 夏季转会,€,中超|中甲|中乙,中乙,厦门飞鹭,Xiamen Feilu,xiamen-feilu,https://tmssl.akamaized.net//images/wappen/homepageSmall/108134.png?lm=1685031086,in,2026-07-17,钟明志,Mingzhi Zhong,1077607,6436995,50798489,中国,懂球帝,21,DF,Defender,China,https://tmssl.akamaized.net//images/flagge/tiny/34.png?lm=1520611569,泰安天贶,,free,,?,,Free,0.0,true,
China,zh,2026-08-11 12:16 UTC,Transfermarkt 中国中超/中甲/中乙 2026 夏季转会,€,中超|中甲|中乙,中乙,厦门飞鹭,Xiamen Feilu,xiamen-feilu,https://tmssl.akamaized.net//images/wappen/homepageSmall/108134.png?lm=1685031086,in,2026-07-18,朴韬宇,Taoyu Piao,260808,6436994,50385068,中国,懂球帝,33,RW,Right Winger,China,https://tmssl.akamaized.net//images/flagge/tiny/34.png?lm=1520611569,Unknown,,free,,?,,Free,0.0,true,
China,zh,2026-08-11 12:16 UTC,Transfermarkt 中国中超/中甲/中乙 2026 夏季转会,€,中超|中甲|中乙,中乙,厦门飞鹭,Xiamen Feilu,xiamen-feilu,https://tmssl.akamaized.net//images/wappen/homepageSmall/108134.png?lm=1685031086,in,2026-07-15,李点通,Diantong Li,881683,6429246,50483817,中国,懂球帝,27,AM,Attacking Midfield,China,https://tmssl.akamaized.net//images/flagge/tiny/34.png?lm=1520611569,延边龙鼎,,free,,€50k,0.05,Free,0.0,true,
China,zh,2026-08-11 12:16 UTC,Transfermarkt 中国中超/中甲/中乙 2026 夏季转会,€,中超|中甲|中乙,中乙,厦门飞鹭,Xiamen Feilu,xiamen-feilu,https://tmssl.akamaized.net//images/wappen/homepageSmall/108134.png?lm=1685031086,in,2026-07-15,韩昆达,Kunda Han,823578,6429238,50751473,中国,懂球帝,21,LM,Left Midfield,China,https://tmssl.akamaized.net//images/flagge/tiny/34.png?lm=1520611569,佛山南狮,,loan,,€50k,0.05,Loan,,true,
China,zh,2026-08-11 12:16 UTC,Transfermarkt 中国中超/中甲/中乙 2026 夏季转会,€,中超|中甲|中乙,中乙,厦门飞鹭,Xiamen Feilu,xiamen-feilu,https://tmssl.akamaized.net//images/wappen/homepageSmall/108134.png?lm=1685031086,in,2026-07-04,赵博阳,Boyang Zhao,1509924,6403104,51203966,中国,懂球帝,19,FW,Striker,China,https://tmssl.akamaized.net//images/flagge/tiny/34.png?lm=1520611569,深圳新鹏城,,loan,,?,,Loan,,true,
China,zh,2026-08-11 12:16 UTC,Transfermarkt 中国中超/中甲/中乙 2026 夏季转会,€,中超|中甲|中乙,中乙,厦门飞鹭,Xiamen Feilu,xiamen-feilu,https://tmssl.akamaized.net//images/wappen/homepageSmall/108134.png?lm=1685031086,out,2026-07-02,王嘉竣,Jiajun Wang,1156427,6397477,50894783,中国,懂球帝,24,FW,Striker,China,https://tmssl.akamaized.net//images/flagge/tiny/34.png?lm=1520611569,赣州瑞狮,,free,,?,,Free,0.0,true,
China,zh,2026-08-11 12:16 UTC,Transfermarkt 中国中超/中甲/中乙 2026 夏季转会,€,中超|中甲|中乙,中乙,厦门飞鹭,Xiamen Feilu,xiamen-feilu,https://tmssl.akamaized.net//images/wappen/homepageSmall/108134.png?lm=1685031086,out,2026-07-09,张越,Yue Zhang,425022,6414335,50470824,中国,懂球帝,26,RM,Right Midfield,China,https://tmssl.akamaized.net//images/flagge/tiny/34.png?lm=1520611569,兰州陇原竞技,,free,,?,,Free,0.0,true,
China,zh,2026-08-11 12:16 UTC,Transfermarkt 中国中超/中甲/中乙 2026 夏季转会,€,中超|中甲|中乙,中乙,厦门飞鹭,Xiamen Feilu,xiamen-feilu,https://tmssl.akamaized.net//images/wappen/homepageSmall/108134.png?lm=1685031086,out,2026-07-08,李宗儒,Zongru Li,943761,6411385,50751826,中国,懂球帝,24,FW,Striker,China,https://tmssl.akamaized.net//images/flagge/tiny/34.png?lm=1520611569,青岛红狮,,free,,?,,Free,0.0,true,
China,zh,2026-08-11 12:16 UTC,Transfermarkt 中国中超/中甲/中乙 2026 夏季转会,€,中超|中甲|中乙,中乙,厦门飞鹭,Xiamen Feilu,xiamen-feilu,https://tmssl.akamaized.net//images/wappen/homepageSmall/108134.png?lm=1685031086,out,2026-07-08,潘昱辰,Yuchen Pan,218321,6411386,50149301,中国,懂球帝,33,AM,Attacking Midfield,China,https://tmssl.akamaized.net//images/flagge/tiny/34.png?lm=1520611569,兰州陇原竞技,,free,,?,,Free,0.0,true,
China,zh,2026-08-11 12:16 UTC,Transfermarkt 中国中超/中甲/中乙 2026 夏季转会,€,中超|中甲|中乙,中乙,广州蒲公英,Guangzhou Dandelion,guangzhou-dandelion,https://tmssl.akamaized.net//images/wappen/homepageSmall/115892.png?lm=1774689142,in,2026-07-21,徐虹,Hong Xu,1252417,6444769,50974961,中国,懂球帝,21,LW,Left Winger,China,https://tmssl.akamaized.net//images/flagge/tiny/34.png?lm=1520611569,成都蓉城B队,,loan,,€50k,0.05,Loan,,true,
China,zh,2026-08-11 12:16 UTC,Transfermarkt 中国中超/中甲/中乙 2026 夏季转会,€,中超|中甲|中乙,中乙,广州蒲公英,Guangzhou Dandelion,guangzhou-dandelion,https://tmssl.akamaized.net//images/wappen/homepageSmall/115892.png?lm=1774689142,in,2026-07-20,Leheng Tan,Leheng Tan,1569210,6441743,51252769,中国,懂球帝,17,DF,Defender,China,https://tmssl.akamaized.net//images/flagge/tiny/34.png?lm=1520611569,Guangzhou Xingpai,,free,,?,,Free,0.0,true,
China,zh,2026-08-11 12:16 UTC,Transfermarkt 中国中超/中甲/中乙 2026 夏季转会,€,中超|中甲|中乙,中乙,广州蒲公英,Guangzhou Dandelion,guangzhou-dandelion,https://tmssl.akamaized.net//images/wappen/homepageSmall/115892.png?lm=1774689142,in,2026-07-15,陈维麒,Weiqi Chen,791166,6429240,50628249,中国,懂球帝,24,CF,Centre-Forward,China,https://tmssl.akamaized.net//images/flagge/tiny/34.png?lm=1520611569,深圳青年人,,loan,,€50k,0.05,Loan,,true,
China,zh,2026-08-11 12:16 UTC,Transfermarkt 中国中超/中甲/中乙 2026 夏季转会,€,中超|中甲|中乙,中乙,广州蒲公英,Guangzhou Dandelion,guangzhou-dandelion,https://tmssl.akamaized.net//images/wappen/homepageSmall/115892.png?lm=1774689142,in,2026-07-22,卞宇郎,Yulang Bian,1273320,6447086,51003174,中国,懂球帝,18,AM,Attacking Midfield,China,https://tmssl.akamaized.net//images/flagge/tiny/34.png?lm=1520611569,Shanghai Port Youth,,loan,,?,,Loan,,true,
China,zh,2026-08-11 12:16 UTC,Transfermarkt 中国中超/中甲/中乙 2026 夏季转会,€,中超|中甲|中乙,中乙,广州蒲公英,Guangzhou Dandelion,guangzhou-dandelion,https://tmssl.akamaized.net//images/wappen/homepageSmall/115892.png?lm=1774689142,out,2026-07-22,陈骁涵,Xiaohan Chen,1525093,6446231,51215353,中国,懂球帝,18,MF,Midfielder,China,https://tmssl.akamaized.net//images/flagge/tiny/34.png?lm=1520611569,成都蓉城B队,,free,,?,,Free,0.0,true,
China,zh,2026-08-11 12:16 UTC,Transfermarkt 中国中超/中甲/中乙 2026 夏季转会,€,中超|中甲|中乙,中乙,广东铭途,Guangdong Mingtu,guangdong-mingtu,https://tmssl.akamaized.net//images/wappen/homepageSmall/99488.png?lm=1783944491,in,2026-07-21,龙俊源,Junyuan Long,1139454,6444765,50995215,中国,懂球帝,21,CF,Centre-Forward,China,https://tmssl.akamaized.net//images/flagge/tiny/34.png?lm=1520611569,宁波队,,loan,,€50k,0.05,Loan,,true,
China,zh,2026-08-11 12:16 UTC,Transfermarkt 中国中超/中甲/中乙 2026 夏季转会,€,中超|中甲|中乙,中乙,广东铭途,Guangdong Mingtu,guangdong-mingtu,https://tmssl.akamaized.net//images/wappen/homepageSmall/99488.png?lm=1783944491,in,2026-07-16,刘庆常,Qingchang Liu,944560,6432124,50747676,中国,懂球帝,23,GK,Goalkeeper,China,https://tmssl.akamaized.net//images/flagge/tiny/34.png?lm=1520611569,Linyi Hongjian,,free,,?,,Free,0.0,true,
China,zh,2026-08-11 12:16 UTC,Transfermarkt 中国中超/中甲/中乙 2026 夏季转会,€,中超|中甲|中乙,中乙,广东铭途,Guangdong Mingtu,guangdong-mingtu,https://tmssl.akamaized.net//images/wappen/homepageSmall/99488.png?lm=1783944491,in,2026-07-20,刘帅,Shuai Liu,425288,6441153,50388139,中国,懂球帝,37,CB,Centre-Back,China,https://tmssl.akamaized.net//images/flagge/tiny/34.png?lm=1520611569,宁波队,,free,,€10k,0.01,Free,0.0,true,
China,zh,2026-08-11 12:16 UTC,Transfermarkt 中国中超/中甲/中乙 2026 夏季转会,€,中超|中甲|中乙,中乙,广东铭途,Guangdong Mingtu,guangdong-mingtu,https://tmssl.akamaized.net//images/wappen/homepageSmall/99488.png?lm=1783944491,in,2026-07-20,雷玮铭,Weiming Lei,1569208,6441740,51252770,中国,懂球帝,18,MF,Midfielder,China,https://tmssl.akamaized.net//images/flagge/tiny/34.png?lm=1520611569,Shanghai Jiading Huilong Youth,,free,,?,,Free,0.0,true,
China,zh,2026-08-11 12:16 UTC,Transfermarkt 中国中超/中甲/中乙 2026 夏季转会,€,中超|中甲|中乙,中乙,广东铭途,Guangdong Mingtu,guangdong-mingtu,https://tmssl.akamaized.net//images/wappen/homepageSmall/99488.png?lm=1783944491,in,2026-07-21,李铭忠,Mingzhong Li,1537873,6444113,51229904,中国,懂球帝,19,MF,Midfielder,China,https://tmssl.akamaized.net//images/flagge/tiny/34.png?lm=1520611569,Guangdong Wuchuan Youth,,free,,?,,Free,0.0,true,
China,zh,2026-08-11 12:16 UTC,Transfermarkt 中国中超/中甲/中乙 2026 夏季转会,€,中超|中甲|中乙,中乙,广东铭途,Guangdong Mingtu,guangdong-mingtu,https://tmssl.akamaized.net//images/wappen/homepageSmall/99488.png?lm=1783944491,in,2026-07-02,罗鑫豪,Xinhao Luo,1570498,6451713,51247863,中国,懂球帝,20,DF,Defender,China,https://tmssl.akamaized.net//images/flagge/tiny/34.png?lm=1520611569,Unknown,,free,,?,,Free,0.0,true,
China,zh,2026-08-11 12:16 UTC,Transfermarkt 中国中超/中甲/中乙 2026 夏季转会,€,中超|中甲|中乙,中乙,广东铭途,Guangdong Mingtu,guangdong-mingtu,https://tmssl.akamaized.net//images/wappen/homepageSmall/99488.png?lm=1783944491,in,2026-07-22,陈文泰,Wentai Chen,1517128,6447096,51204209,中国,懂球帝,16,MF,Midfielder,China,https://tmssl.akamaized.net//images/flagge/tiny/34.png?lm=1520611569,Guangdong Mingtu Youth,,promotion,,?,,Promotion,,true,
China,zh,2026-08-11 12:16 UTC,Transfermarkt 中国中超/中甲/中乙 2026 夏季转会,€,中超|中甲|中乙,中乙,广东铭途,Guangdong Mingtu,guangdong-mingtu,https://tmssl.akamaized.net//images/wappen/homepageSmall/99488.png?lm=1783944491,out,2026-07-19,Emirulla Abdusemet,,1133001,6439021,,,,22,MF,Midfielder,China,https://tmssl.akamaized.net//images/flagge/tiny/34.png?lm=1520611569,Jiangsu Changjin,,free,,?,,Free,0.0,true,
