country,lang,generatedAt,source,currency,divisions,league,club,clubEnglish,clubKey,clubLogo,direction,date,player,roman,playerId,transferId,dqdId,dqdNationality,nameSource,age,pos,position,nationality,nationalityFlag,otherClub,transferType,type,ftype,marketValue,marketValueNum,fee,feeValue,matched
England,en,2026-08-01 15:48 UTC,"Transfermarkt · England Premier League/Championship/League One/League Two (fees & values are estimates, EUR)",€,Premier League|Championship|League One|League Two,Premier League,Arsenal FC,,,https://tmssl.akamaized.net//images/wappen/homepageSmall/11.png?lm=1489787850,in,,Piero Hincapié,,,,,,,24,CB,Centre-Back,Ecuador,https://tmssl.akamaized.net//images/flagge/tiny/44.png?lm=1520611569,Leverkusen,,transfer,,€50.00m,50.0,€40.00m,40.0,
England,en,2026-08-01 15:48 UTC,"Transfermarkt · England Premier League/Championship/League One/League Two (fees & values are estimates, EUR)",€,Premier League|Championship|League One|League Two,Premier League,Arsenal FC,,,https://tmssl.akamaized.net//images/wappen/homepageSmall/11.png?lm=1489787850,in,,Christos Tzolis,,,,,,,24,LW,Left Winger,Greece,https://tmssl.akamaized.net//images/flagge/tiny/56.png?lm=1520611569,Club Brugge,,transfer,,€40.00m,40.0,€40.00m,40.0,
England,en,2026-08-01 15:48 UTC,"Transfermarkt · England Premier League/Championship/League One/League Two (fees & values are estimates, EUR)",€,Premier League|Championship|League One|League Two,Premier League,Arsenal FC,,,https://tmssl.akamaized.net//images/wappen/homepageSmall/11.png?lm=1489787850,in,,Illan Meslier,,,,,,,26,GK,Goalkeeper,France,https://tmssl.akamaized.net//images/flagge/tiny/50.png?lm=1520611569,Leeds,,free,,€8.00m,8.0,Free,0.0,
England,en,2026-08-01 15:48 UTC,"Transfermarkt · England Premier League/Championship/League One/League Two (fees & values are estimates, EUR)",€,Premier League|Championship|League One|League Two,Premier League,Arsenal FC,,,https://tmssl.akamaized.net//images/wappen/homepageSmall/11.png?lm=1489787850,in,,Tommy Setford,,,,,,,20,GK,Goalkeeper,England,https://tmssl.akamaized.net//images/flagge/tiny/189.png?lm=1520611569,Arsenal U21,,promotion,,€500k,0.5,Promotion,,
England,en,2026-08-01 15:48 UTC,"Transfermarkt · England Premier League/Championship/League One/League Two (fees & values are estimates, EUR)",€,Premier League|Championship|League One|League Two,Premier League,Arsenal FC,,,https://tmssl.akamaized.net//images/wappen/homepageSmall/11.png?lm=1489787850,in,,Karl Hein,,,,,,,24,GK,Goalkeeper,Estonia,https://tmssl.akamaized.net//images/flagge/tiny/47.png?lm=1520611569,Werder Bremen,,loan-return,,€3.00m,3.0,End of loan,,
England,en,2026-08-01 15:48 UTC,"Transfermarkt · England Premier League/Championship/League One/League Two (fees & values are estimates, EUR)",€,Premier League|Championship|League One|League Two,Premier League,Arsenal FC,,,https://tmssl.akamaized.net//images/wappen/homepageSmall/11.png?lm=1489787850,in,,Fábio Vieira,,,,,,,26,AM,Attacking Midfield,Portugal,https://tmssl.akamaized.net//images/flagge/tiny/136.png?lm=1520611569,Hamburg,,loan-return,,€18.00m,18.0,End of loan,,
England,en,2026-08-01 15:48 UTC,"Transfermarkt · England Premier League/Championship/League One/League Two (fees & values are estimates, EUR)",€,Premier League|Championship|League One|League Two,Premier League,Arsenal FC,,,https://tmssl.akamaized.net//images/wappen/homepageSmall/11.png?lm=1489787850,in,,Jakub Kiwior,,,,,,,26,CB,Centre-Back,Poland,https://tmssl.akamaized.net//images/flagge/tiny/135.png?lm=1520611569,Porto,,loan-return,,€35.00m,35.0,End of loan,,
England,en,2026-08-01 15:48 UTC,"Transfermarkt · England Premier League/Championship/League One/League Two (fees & values are estimates, EUR)",€,Premier League|Championship|League One|League Two,Premier League,Arsenal FC,,,https://tmssl.akamaized.net//images/wappen/homepageSmall/11.png?lm=1489787850,in,,Reiss Nelson,,,,,,,26,LW,Left Winger,England,https://tmssl.akamaized.net//images/flagge/tiny/189.png?lm=1520611569,Brentford,,loan-return,,€8.00m,8.0,End of loan,,
England,en,2026-08-01 15:48 UTC,"Transfermarkt · England Premier League/Championship/League One/League Two (fees & values are estimates, EUR)",€,Premier League|Championship|League One|League Two,Premier League,Arsenal FC,,,https://tmssl.akamaized.net//images/wappen/homepageSmall/11.png?lm=1489787850,in,,Ethan Nwaneri,,,,,,,19,AM,Attacking Midfield,England,https://tmssl.akamaized.net//images/flagge/tiny/189.png?lm=1520611569,Marseille,,loan-return,,€35.00m,35.0,End of loan,,
England,en,2026-08-01 15:48 UTC,"Transfermarkt · England Premier League/Championship/League One/League Two (fees & values are estimates, EUR)",€,Premier League|Championship|League One|League Two,Premier League,Arsenal FC,,,https://tmssl.akamaized.net//images/wappen/homepageSmall/11.png?lm=1489787850,out,,Leandro Trossard,,,,,,,31,LW,Left Winger,Belgium,https://tmssl.akamaized.net//images/flagge/tiny/19.png?lm=1520611569,Besiktas,,transfer,,€18.00m,18.0,€18.00m,18.0,
England,en,2026-08-01 15:48 UTC,"Transfermarkt · England Premier League/Championship/League One/League Two (fees & values are estimates, EUR)",€,Premier League|Championship|League One|League Two,Premier League,Arsenal FC,,,https://tmssl.akamaized.net//images/wappen/homepageSmall/11.png?lm=1489787850,out,,Jakub Kiwior,,,,,,,26,CB,Centre-Back,Poland,https://tmssl.akamaized.net//images/flagge/tiny/135.png?lm=1520611569,Porto,,transfer,,€35.00m,35.0,€17.00m,17.0,
England,en,2026-08-01 15:48 UTC,"Transfermarkt · England Premier League/Championship/League One/League Two (fees & values are estimates, EUR)",€,Premier League|Championship|League One|League Two,Premier League,Arsenal FC,,,https://tmssl.akamaized.net//images/wappen/homepageSmall/11.png?lm=1489787850,out,,Karl Hein,,,,,,,24,GK,Goalkeeper,Estonia,https://tmssl.akamaized.net//images/flagge/tiny/47.png?lm=1520611569,Werder Bremen,,transfer,,€3.00m,3.0,€3.00m,3.0,
England,en,2026-08-01 15:48 UTC,"Transfermarkt · England Premier League/Championship/League One/League Two (fees & values are estimates, EUR)",€,Premier League|Championship|League One|League Two,Premier League,Arsenal FC,,,https://tmssl.akamaized.net//images/wappen/homepageSmall/11.png?lm=1489787850,out,,Piero Hincapié,,,,,,,24,CB,Centre-Back,Ecuador,https://tmssl.akamaized.net//images/flagge/tiny/44.png?lm=1520611569,Leverkusen,,loan-return,,€50.00m,50.0,End of loan,,
England,en,2026-08-01 15:48 UTC,"Transfermarkt · England Premier League/Championship/League One/League Two (fees & values are estimates, EUR)",€,Premier League|Championship|League One|League Two,Premier League,Aston Villa,,,https://tmssl.akamaized.net//images/wappen/homepageSmall/405.png?lm=1717155982,in,,Johan Manzambi,,,,,,,20,AM,Attacking Midfield,Switzerland,https://tmssl.akamaized.net//images/flagge/tiny/148.png?lm=1520611569,Freiburg,,transfer,,€50.00m,50.0,€60.00m,60.0,
England,en,2026-08-01 15:48 UTC,"Transfermarkt · England Premier League/Championship/League One/League Two (fees & values are estimates, EUR)",€,Premier League|Championship|League One|League Two,Premier League,Aston Villa,,,https://tmssl.akamaized.net//images/wappen/homepageSmall/405.png?lm=1717155982,in,,João Gomes,,,,,,,25,CM,Central Midfield,Brazil,https://tmssl.akamaized.net//images/flagge/tiny/26.png?lm=1520611569,Wolves,,transfer,,€40.00m,40.0,€40.00m,40.0,
England,en,2026-08-01 15:48 UTC,"Transfermarkt · England Premier League/Championship/League One/League Two (fees & values are estimates, EUR)",€,Premier League|Championship|League One|League Two,Premier League,Aston Villa,,,https://tmssl.akamaized.net//images/wappen/homepageSmall/405.png?lm=1717155982,in,,Modou Kéba Cissé,,,,,,,20,CB,Centre-Back,Senegal,https://tmssl.akamaized.net//images/flagge/tiny/149.png?lm=1520611569,LASK,,transfer,,€6.00m,6.0,€5.50m,5.5,
England,en,2026-08-01 15:48 UTC,"Transfermarkt · England Premier League/Championship/League One/League Two (fees & values are estimates, EUR)",€,Premier League|Championship|League One|League Two,Premier League,Aston Villa,,,https://tmssl.akamaized.net//images/wappen/homepageSmall/405.png?lm=1717155982,in,,Alejandro Garnacho,,,,,,,22,LW,Left Winger,Argentina,https://tmssl.akamaized.net//images/flagge/tiny/9.png?lm=1520611569,Chelsea,,loan,,€28.00m,28.0,Loan,,
England,en,2026-08-01 15:48 UTC,"Transfermarkt · England Premier League/Championship/League One/League Two (fees & values are estimates, EUR)",€,Premier League|Championship|League One|League Two,Premier League,Aston Villa,,,https://tmssl.akamaized.net//images/wappen/homepageSmall/405.png?lm=1717155982,in,,Samuel Iling-Junior,,,,,,,22,LW,Left Winger,England,https://tmssl.akamaized.net//images/flagge/tiny/189.png?lm=1520611569,Pisa,,loan-return,,€6.50m,6.5,End of loan,,
England,en,2026-08-01 15:48 UTC,"Transfermarkt · England Premier League/Championship/League One/League Two (fees & values are estimates, EUR)",€,Premier League|Championship|League One|League Two,Premier League,Aston Villa,,,https://tmssl.akamaized.net//images/wappen/homepageSmall/405.png?lm=1717155982,in,,Kosta Nedeljkovic,,,,,,,20,RB,Right-Back,Serbia,https://tmssl.akamaized.net//images/flagge/tiny/215.png?lm=1520611569,Leipzig,,loan-return,,€6.00m,6.0,End of loan,,
England,en,2026-08-01 15:48 UTC,"Transfermarkt · England Premier League/Championship/League One/League Two (fees & values are estimates, EUR)",€,Premier League|Championship|League One|League Two,Premier League,Aston Villa,,,https://tmssl.akamaized.net//images/wappen/homepageSmall/405.png?lm=1717155982,in,,Evann Guessand,,,,,,,24,RW,Right Winger,Cote d'Ivoire,https://tmssl.akamaized.net//images/flagge/tiny/38.png?lm=1520611569,Crystal Palace,,loan-return,,€25.00m,25.0,End of loan,,
England,en,2026-08-01 15:48 UTC,"Transfermarkt · England Premier League/Championship/League One/League Two (fees & values are estimates, EUR)",€,Premier League|Championship|League One|League Two,Premier League,Aston Villa,,,https://tmssl.akamaized.net//images/wappen/homepageSmall/405.png?lm=1717155982,in,,Yasin Özcan,,,,,,,20,CB,Centre-Back,Türkiye,https://tmssl.akamaized.net//images/flagge/tiny/174.png?lm=1520611569,Besiktas,,loan-return,,€5.00m,5.0,End of loan,,
England,en,2026-08-01 15:48 UTC,"Transfermarkt · England Premier League/Championship/League One/League Two (fees & values are estimates, EUR)",€,Premier League|Championship|League One|League Two,Premier League,Aston Villa,,,https://tmssl.akamaized.net//images/wappen/homepageSmall/405.png?lm=1717155982,in,,Donyell Malen,,,,,,,27,CF,Centre-Forward,Netherlands,https://tmssl.akamaized.net//images/flagge/tiny/122.png?lm=1520611569,Roma,,loan-return,,€45.00m,45.0,End of loan,,
England,en,2026-08-01 15:48 UTC,"Transfermarkt · England Premier League/Championship/League One/League Two (fees & values are estimates, EUR)",€,Premier League|Championship|League One|League Two,Premier League,Aston Villa,,,https://tmssl.akamaized.net//images/wappen/homepageSmall/405.png?lm=1717155982,in,,Lewis Dobbin,,,,,,,23,LW,Left Winger,England,https://tmssl.akamaized.net//images/flagge/tiny/189.png?lm=1520611569,Preston,,loan-return,,€7.00m,7.0,End of loan,,
England,en,2026-08-01 15:48 UTC,"Transfermarkt · England Premier League/Championship/League One/League Two (fees & values are estimates, EUR)",€,Premier League|Championship|League One|League Two,Premier League,Aston Villa,,,https://tmssl.akamaized.net//images/wappen/homepageSmall/405.png?lm=1717155982,in,,Joe Gauci,,,,,,,25,GK,Goalkeeper,Australia,https://tmssl.akamaized.net//images/flagge/tiny/12.png?lm=1520611569,Port Vale,,loan-return,,€1.20m,1.2,End of loan,,
England,en,2026-08-01 15:48 UTC,"Transfermarkt · England Premier League/Championship/League One/League Two (fees & values are estimates, EUR)",€,Premier League|Championship|League One|League Two,Premier League,Aston Villa,,,https://tmssl.akamaized.net//images/wappen/homepageSmall/405.png?lm=1717155982,in,,Enzo Barrenechea,,,,,,,25,DM,Defensive Midfield,Argentina,https://tmssl.akamaized.net//images/flagge/tiny/9.png?lm=1520611569,Benfica,,loan-return,,€12.00m,12.0,End of loan,,
England,en,2026-08-01 15:48 UTC,"Transfermarkt · England Premier League/Championship/League One/League Two (fees & values are estimates, EUR)",€,Premier League|Championship|League One|League Two,Premier League,Aston Villa,,,https://tmssl.akamaized.net//images/wappen/homepageSmall/405.png?lm=1717155982,in,,Oliwier Zych,,,,,,,22,GK,Goalkeeper,Poland,https://tmssl.akamaized.net//images/flagge/tiny/135.png?lm=1520611569,Raków,,loan-return,,€2.00m,2.0,End of loan,,
England,en,2026-08-01 15:48 UTC,"Transfermarkt · England Premier League/Championship/League One/League Two (fees & values are estimates, EUR)",€,Premier League|Championship|League One|League Two,Premier League,Aston Villa,,,https://tmssl.akamaized.net//images/wappen/homepageSmall/405.png?lm=1717155982,out,,Morgan Rogers,,,,,,,23,AM,Attacking Midfield,England,https://tmssl.akamaized.net//images/flagge/tiny/189.png?lm=1520611569,Chelsea,,transfer,,€90.00m,90.0,€138.00m,138.0,
England,en,2026-08-01 15:48 UTC,"Transfermarkt · England Premier League/Championship/League One/League Two (fees & values are estimates, EUR)",€,Premier League|Championship|League One|League Two,Premier League,Aston Villa,,,https://tmssl.akamaized.net//images/wappen/homepageSmall/405.png?lm=1717155982,out,,Youri Tielemans,,,,,,,29,CM,Central Midfield,Belgium,https://tmssl.akamaized.net//images/flagge/tiny/19.png?lm=1520611569,Man Utd,,transfer,,€30.00m,30.0,€41.00m,41.0,
England,en,2026-08-01 15:48 UTC,"Transfermarkt · England Premier League/Championship/League One/League Two (fees & values are estimates, EUR)",€,Premier League|Championship|League One|League Two,Premier League,Aston Villa,,,https://tmssl.akamaized.net//images/wappen/homepageSmall/405.png?lm=1717155982,out,,Donyell Malen,,,,,,,27,CF,Centre-Forward,Netherlands,https://tmssl.akamaized.net//images/flagge/tiny/122.png?lm=1520611569,Roma,,transfer,,€45.00m,45.0,€25.00m,25.0,
England,en,2026-08-01 15:48 UTC,"Transfermarkt · England Premier League/Championship/League One/League Two (fees & values are estimates, EUR)",€,Premier League|Championship|League One|League Two,Premier League,Aston Villa,,,https://tmssl.akamaized.net//images/wappen/homepageSmall/405.png?lm=1717155982,out,,Enzo Barrenechea,,,,,,,25,DM,Defensive Midfield,Argentina,https://tmssl.akamaized.net//images/flagge/tiny/9.png?lm=1520611569,Benfica,,transfer,,€12.00m,12.0,€12.00m,12.0,
England,en,2026-08-01 15:48 UTC,"Transfermarkt · England Premier League/Championship/League One/League Two (fees & values are estimates, EUR)",€,Premier League|Championship|League One|League Two,Premier League,Aston Villa,,,https://tmssl.akamaized.net//images/wappen/homepageSmall/405.png?lm=1717155982,out,,Lewis Dobbin,,,,,,,23,LW,Left Winger,England,https://tmssl.akamaized.net//images/flagge/tiny/189.png?lm=1520611569,Southampton,,transfer,,€7.00m,7.0,€10.50m,10.5,
England,en,2026-08-01 15:48 UTC,"Transfermarkt · England Premier League/Championship/League One/League Two (fees & values are estimates, EUR)",€,Premier League|Championship|League One|League Two,Premier League,Aston Villa,,,https://tmssl.akamaized.net//images/wappen/homepageSmall/405.png?lm=1717155982,out,,Joe Gauci,,,,,,,26,GK,Goalkeeper,Australia,https://tmssl.akamaized.net//images/flagge/tiny/12.png?lm=1520611569,Lincoln City,,loan,,€1.20m,1.2,Loan,,
England,en,2026-08-01 15:48 UTC,"Transfermarkt · England Premier League/Championship/League One/League Two (fees & values are estimates, EUR)",€,Premier League|Championship|League One|League Two,Premier League,Aston Villa,,,https://tmssl.akamaized.net//images/wappen/homepageSmall/405.png?lm=1717155982,out,,Andrés García,,,,,,,23,RB,Right-Back,Spain,https://tmssl.akamaized.net//images/flagge/tiny/157.png?lm=1520611569,Getafe,,loan,,€6.00m,6.0,Loan,,
England,en,2026-08-01 15:48 UTC,"Transfermarkt · England Premier League/Championship/League One/League Two (fees & values are estimates, EUR)",€,Premier League|Championship|League One|League Two,Premier League,Aston Villa,,,https://tmssl.akamaized.net//images/wappen/homepageSmall/405.png?lm=1717155982,out,,Oliwier Zych,,,,,,,22,GK,Goalkeeper,Poland,https://tmssl.akamaized.net//images/flagge/tiny/135.png?lm=1520611569,Vit. Guimarães,,loan,,€2.00m,2.0,Loan,,
England,en,2026-08-01 15:48 UTC,"Transfermarkt · England Premier League/Championship/League One/League Two (fees & values are estimates, EUR)",€,Premier League|Championship|League One|League Two,Premier League,Aston Villa,,,https://tmssl.akamaized.net//images/wappen/homepageSmall/405.png?lm=1717155982,out,,Douglas Luiz,,,,,,,28,CM,Central Midfield,Brazil,https://tmssl.akamaized.net//images/flagge/tiny/26.png?lm=1520611569,Juventus,,loan-return,,€18.00m,18.0,End of loan,,
England,en,2026-08-01 15:48 UTC,"Transfermarkt · England Premier League/Championship/League One/League Two (fees & values are estimates, EUR)",€,Premier League|Championship|League One|League Two,Premier League,Aston Villa,,,https://tmssl.akamaized.net//images/wappen/homepageSmall/405.png?lm=1717155982,out,,Harvey Elliott,,,,,,,23,AM,Attacking Midfield,England,https://tmssl.akamaized.net//images/flagge/tiny/189.png?lm=1520611569,Liverpool,,loan-return,,€20.00m,20.0,End of loan,,
England,en,2026-08-01 15:48 UTC,"Transfermarkt · England Premier League/Championship/League One/League Two (fees & values are estimates, EUR)",€,Premier League|Championship|League One|League Two,Premier League,Aston Villa,,,https://tmssl.akamaized.net//images/wappen/homepageSmall/405.png?lm=1717155982,out,,Jadon Sancho,,,,,,,26,LW,Left Winger,England,https://tmssl.akamaized.net//images/flagge/tiny/189.png?lm=1520611569,Man Utd,,loan-return,,€18.00m,18.0,End of loan,,
England,en,2026-08-01 15:48 UTC,"Transfermarkt · England Premier League/Championship/League One/League Two (fees & values are estimates, EUR)",€,Premier League|Championship|League One|League Two,Premier League,AFC Bournemouth,,,https://tmssl.akamaized.net//images/wappen/homepageSmall/989.png?lm=1457991811,in,,António Silva,,,,,,,22,CB,Centre-Back,Portugal,https://tmssl.akamaized.net//images/flagge/tiny/136.png?lm=1520611569,Benfica,,transfer,,€25.00m,25.0,€25.00m,25.0,
England,en,2026-08-01 15:48 UTC,"Transfermarkt · England Premier League/Championship/League One/League Two (fees & values are estimates, EUR)",€,Premier League|Championship|League One|League Two,Premier League,AFC Bournemouth,,,https://tmssl.akamaized.net//images/wappen/homepageSmall/989.png?lm=1457991811,in,,Álvaro Rodríguez,,,,,,,22,CF,Centre-Forward,Uruguay,https://tmssl.akamaized.net//images/flagge/tiny/179.png?lm=1520611569,Elche CF,,transfer,,€10.00m,10.0,€25.00m,25.0,
England,en,2026-08-01 15:48 UTC,"Transfermarkt · England Premier League/Championship/League One/League Two (fees & values are estimates, EUR)",€,Premier League|Championship|League One|League Two,Premier League,AFC Bournemouth,,,https://tmssl.akamaized.net//images/wappen/homepageSmall/989.png?lm=1457991811,in,,Álex Jiménez,,,,,,,21,RB,Right-Back,Spain,https://tmssl.akamaized.net//images/flagge/tiny/157.png?lm=1520611569,AC Milan,,transfer,,€22.00m,22.0,€18.50m,18.5,
England,en,2026-08-01 15:48 UTC,"Transfermarkt · England Premier League/Championship/League One/League Two (fees & values are estimates, EUR)",€,Premier League|Championship|League One|League Two,Premier League,AFC Bournemouth,,,https://tmssl.akamaized.net//images/wappen/homepageSmall/989.png?lm=1457991811,in,,Will Dennis,,,,,,,25,GK,Goalkeeper,England,https://tmssl.akamaized.net//images/flagge/tiny/189.png?lm=1520611569,Leyton Orient,,loan-return,,€325k,0.325,End of loan,,
England,en,2026-08-01 15:48 UTC,"Transfermarkt · England Premier League/Championship/League One/League Two (fees & values are estimates, EUR)",€,Premier League|Championship|League One|League Two,Premier League,AFC Bournemouth,,,https://tmssl.akamaized.net//images/wappen/homepageSmall/989.png?lm=1457991811,in,,Alex Paulsen,,,,,,,24,GK,Goalkeeper,New Zealand,https://tmssl.akamaized.net//images/flagge/tiny/120.png?lm=1520611569,Motherwell FC,,loan-return,,€500k,0.5,End of loan,,
England,en,2026-08-01 15:48 UTC,"Transfermarkt · England Premier League/Championship/League One/League Two (fees & values are estimates, EUR)",€,Premier League|Championship|League One|League Two,Premier League,AFC Bournemouth,,,https://tmssl.akamaized.net//images/wappen/homepageSmall/989.png?lm=1457991811,in,,Daniel Jebbison,,,,,,,22,CF,Centre-Forward,Canada,https://tmssl.akamaized.net//images/flagge/tiny/80.png?lm=1520611569,Preston,,loan-return,,€6.00m,6.0,End of loan,,
England,en,2026-08-01 15:48 UTC,"Transfermarkt · England Premier League/Championship/League One/League Two (fees & values are estimates, EUR)",€,Premier League|Championship|League One|League Two,Premier League,AFC Bournemouth,,,https://tmssl.akamaized.net//images/wappen/homepageSmall/989.png?lm=1457991811,in,,Julián Araujo,,,,,,,24,RB,Right-Back,Mexico,https://tmssl.akamaized.net//images/flagge/tiny/110.png?lm=1520611569,Celtic,,loan-return,,€8.00m,8.0,End of loan,,
England,en,2026-08-01 15:48 UTC,"Transfermarkt · England Premier League/Championship/League One/League Two (fees & values are estimates, EUR)",€,Premier League|Championship|League One|League Two,Premier League,AFC Bournemouth,,,https://tmssl.akamaized.net//images/wappen/homepageSmall/989.png?lm=1457991811,in,,Ben Winterburn,,,,,,,21,DM,Defensive Midfield,England,https://tmssl.akamaized.net//images/flagge/tiny/189.png?lm=1520611569,Barnet,,loan-return,,€350k,0.35,End of loan,,
England,en,2026-08-01 15:48 UTC,"Transfermarkt · England Premier League/Championship/League One/League Two (fees & values are estimates, EUR)",€,Premier League|Championship|League One|League Two,Premier League,AFC Bournemouth,,,https://tmssl.akamaized.net//images/wappen/homepageSmall/989.png?lm=1457991811,in,,Hamed Traoré,,,,,,,26,LW,Left Winger,Cote d'Ivoire,https://tmssl.akamaized.net//images/flagge/tiny/38.png?lm=1520611569,Marseille,,loan-return,,€15.00m,15.0,End of loan,,
England,en,2026-08-01 15:48 UTC,"Transfermarkt · England Premier League/Championship/League One/League Two (fees & values are estimates, EUR)",€,Premier League|Championship|League One|League Two,Premier League,AFC Bournemouth,,,https://tmssl.akamaized.net//images/wappen/homepageSmall/989.png?lm=1457991811,in,,Alex Paulsen,,,,,,,23,GK,Goalkeeper,New Zealand,https://tmssl.akamaized.net//images/flagge/tiny/120.png?lm=1520611569,Lechia Gdansk,,loan-return,,€500k,0.5,End of loan,,
England,en,2026-08-01 15:48 UTC,"Transfermarkt · England Premier League/Championship/League One/League Two (fees & values are estimates, EUR)",€,Premier League|Championship|League One|League Two,Premier League,AFC Bournemouth,,,https://tmssl.akamaized.net//images/wappen/homepageSmall/989.png?lm=1457991811,in,,Luis Sinisterra,,,,,,,27,LW,Left Winger,Colombia,https://tmssl.akamaized.net//images/flagge/tiny/83.png?lm=1520611569,Cruzeiro,,loan-return,,€11.00m,11.0,End of loan,,
England,en,2026-08-01 15:48 UTC,"Transfermarkt · England Premier League/Championship/League One/League Two (fees & values are estimates, EUR)",€,Premier League|Championship|League One|League Two,Premier League,AFC Bournemouth,,,https://tmssl.akamaized.net//images/wappen/homepageSmall/989.png?lm=1457991811,in,,Max Aarons,,,,,,,26,RB,Right-Back,England,https://tmssl.akamaized.net//images/flagge/tiny/189.png?lm=1520611569,Rangers,,loan-return,,€2.50m,2.5,End of loan,,
England,en,2026-08-01 15:48 UTC,"Transfermarkt · England Premier League/Championship/League One/League Two (fees & values are estimates, EUR)",€,Premier League|Championship|League One|League Two,Premier League,AFC Bournemouth,,,https://tmssl.akamaized.net//images/wappen/homepageSmall/989.png?lm=1457991811,out,,Hamed Traoré,,,,,,,26,LW,Left Winger,Cote d'Ivoire,https://tmssl.akamaized.net//images/flagge/tiny/38.png?lm=1520611569,Marseille,,transfer,,€15.00m,15.0,€7.70m,7.7,
England,en,2026-08-01 15:48 UTC,"Transfermarkt · England Premier League/Championship/League One/League Two (fees & values are estimates, EUR)",€,Premier League|Championship|League One|League Two,Premier League,AFC Bournemouth,,,https://tmssl.akamaized.net//images/wappen/homepageSmall/989.png?lm=1457991811,out,,Luis Sinisterra,,,,,,,27,LW,Left Winger,Colombia,https://tmssl.akamaized.net//images/flagge/tiny/83.png?lm=1520611569,Cruzeiro,,transfer,,€11.00m,11.0,€3.70m,3.7,
England,en,2026-08-01 15:48 UTC,"Transfermarkt · England Premier League/Championship/League One/League Two (fees & values are estimates, EUR)",€,Premier League|Championship|League One|League Two,Premier League,AFC Bournemouth,,,https://tmssl.akamaized.net//images/wappen/homepageSmall/989.png?lm=1457991811,out,,Marcos Senesi,,,,,,,29,CB,Centre-Back,Argentina,https://tmssl.akamaized.net//images/flagge/tiny/9.png?lm=1520611569,Tottenham,,free,,€25.00m,25.0,Free,0.0,
England,en,2026-08-01 15:48 UTC,"Transfermarkt · England Premier League/Championship/League One/League Two (fees & values are estimates, EUR)",€,Premier League|Championship|League One|League Two,Premier League,AFC Bournemouth,,,https://tmssl.akamaized.net//images/wappen/homepageSmall/989.png?lm=1457991811,out,,Álex Jiménez,,,,,,,21,RB,Right-Back,Spain,https://tmssl.akamaized.net//images/flagge/tiny/157.png?lm=1520611569,Fiorentina,,loan,,€22.00m,22.0,Loan,,
England,en,2026-08-01 15:48 UTC,"Transfermarkt · England Premier League/Championship/League One/League Two (fees & values are estimates, EUR)",€,Premier League|Championship|League One|League Two,Premier League,AFC Bournemouth,,,https://tmssl.akamaized.net//images/wappen/homepageSmall/989.png?lm=1457991811,out,,Alex Paulsen,,,,,,,24,GK,Goalkeeper,New Zealand,https://tmssl.akamaized.net//images/flagge/tiny/120.png?lm=1520611569,Motherwell FC,,loan,,€500k,0.5,Loan,,
England,en,2026-08-01 15:48 UTC,"Transfermarkt · England Premier League/Championship/League One/League Two (fees & values are estimates, EUR)",€,Premier League|Championship|League One|League Two,Premier League,AFC Bournemouth,,,https://tmssl.akamaized.net//images/wappen/homepageSmall/989.png?lm=1457991811,out,,Christos Mandas,,,,,,,24,GK,Goalkeeper,Greece,https://tmssl.akamaized.net//images/flagge/tiny/56.png?lm=1520611569,Lazio,,loan-return,,€8.00m,8.0,End of loan,,
England,en,2026-08-01 15:48 UTC,"Transfermarkt · England Premier League/Championship/League One/League Two (fees & values are estimates, EUR)",€,Premier League|Championship|League One|League Two,Premier League,AFC Bournemouth,,,https://tmssl.akamaized.net//images/wappen/homepageSmall/989.png?lm=1457991811,out,,Álex Jiménez,,,,,,,21,RB,Right-Back,Spain,https://tmssl.akamaized.net//images/flagge/tiny/157.png?lm=1520611569,AC Milan,,loan-return,,€22.00m,22.0,End of loan,,
England,en,2026-08-01 15:48 UTC,"Transfermarkt · England Premier League/Championship/League One/League Two (fees & values are estimates, EUR)",€,Premier League|Championship|League One|League Two,Premier League,Brentford FC,,,https://tmssl.akamaized.net//images/wappen/homepageSmall/1148.png?lm=1625150543,in,,Jannik Schuster,,,,,,,20,CB,Centre-Back,Austria,https://tmssl.akamaized.net//images/flagge/tiny/127.png?lm=1520611569,Salzburg,,transfer,,€18.00m,18.0,€18.00m,18.0,
England,en,2026-08-01 15:48 UTC,"Transfermarkt · England Premier League/Championship/League One/League Two (fees & values are estimates, EUR)",€,Premier League|Championship|League One|League Two,Premier League,Brentford FC,,,https://tmssl.akamaized.net//images/wappen/homepageSmall/1148.png?lm=1625150543,in,,Jaidon Anthony,,,,,,,26,LW,Left Winger,England,https://tmssl.akamaized.net//images/flagge/tiny/189.png?lm=1520611569,Burnley,,transfer,,€20.00m,20.0,€17.50m,17.5,
England,en,2026-08-01 15:48 UTC,"Transfermarkt · England Premier League/Championship/League One/League Two (fees & values are estimates, EUR)",€,Premier League|Championship|League One|League Two,Premier League,Brentford FC,,,https://tmssl.akamaized.net//images/wappen/homepageSmall/1148.png?lm=1625150543,in,,Callum Wilson,,,,,,,34,CF,Centre-Forward,England,https://tmssl.akamaized.net//images/flagge/tiny/189.png?lm=1520611569,West Ham,,free,,€4.00m,4.0,Free,0.0,
England,en,2026-08-01 15:48 UTC,"Transfermarkt · England Premier League/Championship/League One/League Two (fees & values are estimates, EUR)",€,Premier League|Championship|League One|League Two,Premier League,Brentford FC,,,https://tmssl.akamaized.net//images/wappen/homepageSmall/1148.png?lm=1625150543,in,,Benjamin Fredrick,,,,,,,21,CB,Centre-Back,Nigeria,https://tmssl.akamaized.net//images/flagge/tiny/124.png?lm=1520611569,Brentford B,,promotion,,€600k,0.6,Promotion,,
England,en,2026-08-01 15:48 UTC,"Transfermarkt · England Premier League/Championship/League One/League Two (fees & values are estimates, EUR)",€,Premier League|Championship|League One|League Two,Premier League,Brentford FC,,,https://tmssl.akamaized.net//images/wappen/homepageSmall/1148.png?lm=1625150543,in,,Ji-soo Kim,,,,,,,21,CB,Centre-Back,"Korea, South",https://tmssl.akamaized.net//images/flagge/tiny/87.png?lm=1520611569,1.FC K'lautern,,loan-return,,€1.80m,1.8,End of loan,,
England,en,2026-08-01 15:48 UTC,"Transfermarkt · England Premier League/Championship/League One/League Two (fees & values are estimates, EUR)",€,Premier League|Championship|League One|League Two,Premier League,Brentford FC,,,https://tmssl.akamaized.net//images/wappen/homepageSmall/1148.png?lm=1625150543,in,,Gustavo Nunes,,,,,,,20,LW,Left Winger,Brazil,https://tmssl.akamaized.net//images/flagge/tiny/26.png?lm=1520611569,Swansea,,loan-return,,€8.00m,8.0,End of loan,,
England,en,2026-08-01 15:48 UTC,"Transfermarkt · England Premier League/Championship/League One/League Two (fees & values are estimates, EUR)",€,Premier League|Championship|League One|League Two,Premier League,Brentford FC,,,https://tmssl.akamaized.net//images/wappen/homepageSmall/1148.png?lm=1625150543,in,,Benjamin Arthur,,,,,,,20,CB,Centre-Back,England,https://tmssl.akamaized.net//images/flagge/tiny/189.png?lm=1520611569,Celtic,,loan-return,,€100k,0.1,End of loan,,
England,en,2026-08-01 15:48 UTC,"Transfermarkt · England Premier League/Championship/League One/League Two (fees & values are estimates, EUR)",€,Premier League|Championship|League One|League Two,Premier League,Brentford FC,,,https://tmssl.akamaized.net//images/wappen/homepageSmall/1148.png?lm=1625150543,in,,Romelle Donovan,,,,,,,20,RW,Right Winger,England,https://tmssl.akamaized.net//images/flagge/tiny/189.png?lm=1520611569,Sheff Utd,,loan-return,,€3.50m,3.5,End of loan,,
England,en,2026-08-01 15:48 UTC,"Transfermarkt · England Premier League/Championship/League One/League Two (fees & values are estimates, EUR)",€,Premier League|Championship|League One|League Two,Premier League,Brentford FC,,,https://tmssl.akamaized.net//images/wappen/homepageSmall/1148.png?lm=1625150543,in,,Matthew Cox,,,,,,,24,GK,Goalkeeper,England,https://tmssl.akamaized.net//images/flagge/tiny/189.png?lm=1520611569,Barnet,,loan-return,,€700k,0.7,End of loan,,
England,en,2026-08-01 15:48 UTC,"Transfermarkt · England Premier League/Championship/League One/League Two (fees & values are estimates, EUR)",€,Premier League|Championship|League One|League Two,Premier League,Brentford FC,,,https://tmssl.akamaized.net//images/wappen/homepageSmall/1148.png?lm=1625150543,out,,Frank Onyeka,,,,,,,28,CM,Central Midfield,Nigeria,https://tmssl.akamaized.net//images/flagge/tiny/124.png?lm=1520611569,Coventry,,transfer,,€8.00m,8.0,€7.00m,7.0,
England,en,2026-08-01 15:48 UTC,"Transfermarkt · England Premier League/Championship/League One/League Two (fees & values are estimates, EUR)",€,Premier League|Championship|League One|League Two,Premier League,Brentford FC,,,https://tmssl.akamaized.net//images/wappen/homepageSmall/1148.png?lm=1625150543,out,,Ryan Trevitt,,,,,,,23,CM,Central Midfield,England,https://tmssl.akamaized.net//images/flagge/tiny/189.png?lm=1520611569,Wigan,,free,,€275k,0.275,Free,0.0,
England,en,2026-08-01 15:48 UTC,"Transfermarkt · England Premier League/Championship/League One/League Two (fees & values are estimates, EUR)",€,Premier League|Championship|League One|League Two,Premier League,Brentford FC,,,https://tmssl.akamaized.net//images/wappen/homepageSmall/1148.png?lm=1625150543,out,,Romelle Donovan,,,,,,,19,RW,Right Winger,England,https://tmssl.akamaized.net//images/flagge/tiny/189.png?lm=1520611569,Sheff Utd,,loan,,€3.50m,3.5,Loan,,
England,en,2026-08-01 15:48 UTC,"Transfermarkt · England Premier League/Championship/League One/League Two (fees & values are estimates, EUR)",€,Premier League|Championship|League One|League Two,Premier League,Brentford FC,,,https://tmssl.akamaized.net//images/wappen/homepageSmall/1148.png?lm=1625150543,out,,Matthew Cox,,,,,,,23,GK,Goalkeeper,England,https://tmssl.akamaized.net//images/flagge/tiny/189.png?lm=1520611569,Barnet,,loan,,€700k,0.7,Loan,,
England,en,2026-08-01 15:48 UTC,"Transfermarkt · England Premier League/Championship/League One/League Two (fees & values are estimates, EUR)",€,Premier League|Championship|League One|League Two,Premier League,Brentford FC,,,https://tmssl.akamaized.net//images/wappen/homepageSmall/1148.png?lm=1625150543,out,,Jordan Henderson,,,,,,,36,DM,Defensive Midfield,England,https://tmssl.akamaized.net//images/flagge/tiny/189.png?lm=1520611569,Without Club,,other,,€1.20m,1.2,?,,
England,en,2026-08-01 15:48 UTC,"Transfermarkt · England Premier League/Championship/League One/League Two (fees & values are estimates, EUR)",€,Premier League|Championship|League One|League Two,Premier League,Brentford FC,,,https://tmssl.akamaized.net//images/wappen/homepageSmall/1148.png?lm=1625150543,out,,Reiss Nelson,,,,,,,26,LW,Left Winger,England,https://tmssl.akamaized.net//images/flagge/tiny/189.png?lm=1520611569,Arsenal,,loan-return,,€8.00m,8.0,End of loan,,
England,en,2026-08-01 15:48 UTC,"Transfermarkt · England Premier League/Championship/League One/League Two (fees & values are estimates, EUR)",€,Premier League|Championship|League One|League Two,Premier League,Brighton & Hove Albion,,,https://tmssl.akamaized.net//images/wappen/homepageSmall/1237.png?lm=1492718902,in,,Luka Vuskovic,,,,,,,19,CB,Centre-Back,Croatia,https://tmssl.akamaized.net//images/flagge/tiny/37.png?lm=1520611569,Tottenham,,transfer,,€60.00m,60.0,€54.00m,54.0,
England,en,2026-08-01 15:48 UTC,"Transfermarkt · England Premier League/Championship/League One/League Two (fees & values are estimates, EUR)",€,Premier League|Championship|League One|League Two,Premier League,Brighton & Hove Albion,,,https://tmssl.akamaized.net//images/wappen/homepageSmall/1237.png?lm=1492718902,in,,Zadok Yohanna,,,,,,,19,RW,Right Winger,Nigeria,https://tmssl.akamaized.net//images/flagge/tiny/124.png?lm=1520611569,AIK,,transfer,,€18.00m,18.0,€28.00m,28.0,
England,en,2026-08-01 15:48 UTC,"Transfermarkt · England Premier League/Championship/League One/League Two (fees & values are estimates, EUR)",€,Premier League|Championship|League One|League Two,Premier League,Brighton & Hove Albion,,,https://tmssl.akamaized.net//images/wappen/homepageSmall/1237.png?lm=1492718902,in,,Pascal Struijk,,,,,,,26,CB,Centre-Back,Netherlands,https://tmssl.akamaized.net//images/flagge/tiny/122.png?lm=1520611569,Leeds,,transfer,,€22.00m,22.0,€23.20m,23.2,
England,en,2026-08-01 15:48 UTC,"Transfermarkt · England Premier League/Championship/League One/League Two (fees & values are estimates, EUR)",€,Premier League|Championship|League One|League Two,Premier League,Brighton & Hove Albion,,,https://tmssl.akamaized.net//images/wappen/homepageSmall/1237.png?lm=1492718902,in,,Costinha,,,,,,,26,RB,Right-Back,Portugal,https://tmssl.akamaized.net//images/flagge/tiny/136.png?lm=1520611569,Olympiacos,,transfer,,€7.00m,7.0,€12.70m,12.7,
England,en,2026-08-01 15:48 UTC,"Transfermarkt · England Premier League/Championship/League One/League Two (fees & values are estimates, EUR)",€,Premier League|Championship|League One|League Two,Premier League,Brighton & Hove Albion,,,https://tmssl.akamaized.net//images/wappen/homepageSmall/1237.png?lm=1492718902,in,,Michael Svoboda,,,,,,,27,CB,Centre-Back,Austria,https://tmssl.akamaized.net//images/flagge/tiny/127.png?lm=1520611569,Venezia,,transfer,,€3.50m,3.5,€5.00m,5.0,
England,en,2026-08-01 15:48 UTC,"Transfermarkt · England Premier League/Championship/League One/League Two (fees & values are estimates, EUR)",€,Premier League|Championship|League One|League Two,Premier League,Brighton & Hove Albion,,,https://tmssl.akamaized.net//images/wappen/homepageSmall/1237.png?lm=1492718902,in,,Rodrigo Rêgo,,,,,,,21,RW,Right Winger,Portugal,https://tmssl.akamaized.net//images/flagge/tiny/136.png?lm=1520611569,Benfica B,,transfer,,€1.50m,1.5,€3.50m,3.5,
England,en,2026-08-01 15:48 UTC,"Transfermarkt · England Premier League/Championship/League One/League Two (fees & values are estimates, EUR)",€,Premier League|Championship|League One|League Two,Premier League,Brighton & Hove Albion,,,https://tmssl.akamaized.net//images/wappen/homepageSmall/1237.png?lm=1492718902,in,,Diego Coppola,,,,,,,22,CB,Centre-Back,Italy,https://tmssl.akamaized.net//images/flagge/tiny/75.png?lm=1520611569,Paris FC,,loan-return,,€18.00m,18.0,End of loan,,
England,en,2026-08-01 15:48 UTC,"Transfermarkt · England Premier League/Championship/League One/League Two (fees & values are estimates, EUR)",€,Premier League|Championship|League One|League Two,Premier League,Brighton & Hove Albion,,,https://tmssl.akamaized.net//images/wappen/homepageSmall/1237.png?lm=1492718902,in,,Jeremy Sarmiento,,,,,,,24,LW,Left Winger,Ecuador,https://tmssl.akamaized.net//images/flagge/tiny/44.png?lm=1520611569,Middlesbrough,,loan-return,,€5.00m,5.0,End of loan,,
England,en,2026-08-01 15:48 UTC,"Transfermarkt · England Premier League/Championship/League One/League Two (fees & values are estimates, EUR)",€,Premier League|Championship|League One|League Two,Premier League,Brighton & Hove Albion,,,https://tmssl.akamaized.net//images/wappen/homepageSmall/1237.png?lm=1492718902,in,,Facundo Buonanotte,,,,,,,21,AM,Attacking Midfield,Argentina,https://tmssl.akamaized.net//images/flagge/tiny/9.png?lm=1520611569,Leeds,,loan-return,,€12.00m,12.0,End of loan,,
England,en,2026-08-01 15:48 UTC,"Transfermarkt · England Premier League/Championship/League One/League Two (fees & values are estimates, EUR)",€,Premier League|Championship|League One|League Two,Premier League,Brighton & Hove Albion,,,https://tmssl.akamaized.net//images/wappen/homepageSmall/1237.png?lm=1492718902,in,,Do-young Yoon,,,,,,,19,RW,Right Winger,"Korea, South",https://tmssl.akamaized.net//images/flagge/tiny/87.png?lm=1520611569,FC Dordrecht,,loan-return,,€700k,0.7,End of loan,,
England,en,2026-08-01 15:48 UTC,"Transfermarkt · England Premier League/Championship/League One/League Two (fees & values are estimates, EUR)",€,Premier League|Championship|League One|League Two,Premier League,Brighton & Hove Albion,,,https://tmssl.akamaized.net//images/wappen/homepageSmall/1237.png?lm=1492718902,in,,James Beadle,,,,,,,22,GK,Goalkeeper,England,https://tmssl.akamaized.net//images/flagge/tiny/189.png?lm=1520611569,Birmingham,,loan-return,,€6.00m,6.0,End of loan,,
England,en,2026-08-01 15:48 UTC,"Transfermarkt · England Premier League/Championship/League One/League Two (fees & values are estimates, EUR)",€,Premier League|Championship|League One|League Two,Premier League,Brighton & Hove Albion,,,https://tmssl.akamaized.net//images/wappen/homepageSmall/1237.png?lm=1492718902,in,,Evan Ferguson,,,,,,,21,CF,Centre-Forward,Ireland,https://tmssl.akamaized.net//images/flagge/tiny/72.png?lm=1520611569,Roma,,loan-return,,€20.00m,20.0,End of loan,,
England,en,2026-08-01 15:48 UTC,"Transfermarkt · England Premier League/Championship/League One/League Two (fees & values are estimates, EUR)",€,Premier League|Championship|League One|League Two,Premier League,Brighton & Hove Albion,,,https://tmssl.akamaized.net//images/wappen/homepageSmall/1237.png?lm=1492718902,out,,Jan Paul van Hecke,,,,,,,26,CB,Centre-Back,Netherlands,https://tmssl.akamaized.net//images/flagge/tiny/122.png?lm=1520611569,Tottenham,,transfer,,€45.00m,45.0,€60.00m,60.0,
England,en,2026-08-01 15:48 UTC,"Transfermarkt · England Premier League/Championship/League One/League Two (fees & values are estimates, EUR)",€,Premier League|Championship|League One|League Two,Premier League,Brighton & Hove Albion,,,https://tmssl.akamaized.net//images/wappen/homepageSmall/1237.png?lm=1492718902,out,,Diego Coppola,,,,,,,22,CB,Centre-Back,Italy,https://tmssl.akamaized.net//images/flagge/tiny/75.png?lm=1520611569,Paris FC,,transfer,,€18.00m,18.0,€17.50m,17.5,
England,en,2026-08-01 15:48 UTC,"Transfermarkt · England Premier League/Championship/League One/League Two (fees & values are estimates, EUR)",€,Premier League|Championship|League One|League Two,Premier League,Brighton & Hove Albion,,,https://tmssl.akamaized.net//images/wappen/homepageSmall/1237.png?lm=1492718902,out,,Jeremy Sarmiento,,,,,,,24,LW,Left Winger,Ecuador,https://tmssl.akamaized.net//images/flagge/tiny/44.png?lm=1520611569,Middlesbrough,,transfer,,€5.00m,5.0,€3.70m,3.7,
England,en,2026-08-01 15:48 UTC,"Transfermarkt · England Premier League/Championship/League One/League Two (fees & values are estimates, EUR)",€,Premier League|Championship|League One|League Two,Premier League,Brighton & Hove Albion,,,https://tmssl.akamaized.net//images/wappen/homepageSmall/1237.png?lm=1492718902,out,,Rodrigo Rêgo,,,,,,,21,RW,Right Winger,Portugal,https://tmssl.akamaized.net//images/flagge/tiny/136.png?lm=1520611569,Castellón,,loan,,€1.50m,1.5,Loan,,
England,en,2026-08-01 15:48 UTC,"Transfermarkt · England Premier League/Championship/League One/League Two (fees & values are estimates, EUR)",€,Premier League|Championship|League One|League Two,Premier League,Brighton & Hove Albion,,,https://tmssl.akamaized.net//images/wappen/homepageSmall/1237.png?lm=1492718902,out,,James Beadle,,,,,,,22,GK,Goalkeeper,England,https://tmssl.akamaized.net//images/flagge/tiny/189.png?lm=1520611569,Birmingham,,loan,,€6.00m,6.0,Loan,,
England,en,2026-08-01 15:48 UTC,"Transfermarkt · England Premier League/Championship/League One/League Two (fees & values are estimates, EUR)",€,Premier League|Championship|League One|League Two,Premier League,Brighton & Hove Albion,,,https://tmssl.akamaized.net//images/wappen/homepageSmall/1237.png?lm=1492718902,out,,Do-young Yoon,,,,,,,19,RW,Right Winger,"Korea, South",https://tmssl.akamaized.net//images/flagge/tiny/87.png?lm=1520611569,1.FC Magdeburg,,loan,,€700k,0.7,Loan,,
England,en,2026-08-01 15:48 UTC,"Transfermarkt · England Premier League/Championship/League One/League Two (fees & values are estimates, EUR)",€,Premier League|Championship|League One|League Two,Premier League,Brighton & Hove Albion,,,https://tmssl.akamaized.net//images/wappen/homepageSmall/1237.png?lm=1492718902,out,,Joël Veltman,,,,,,,34,RB,Right-Back,Netherlands,https://tmssl.akamaized.net//images/flagge/tiny/122.png?lm=1520611569,Without Club,,other,,€1.50m,1.5,?,,
England,en,2026-08-01 15:48 UTC,"Transfermarkt · England Premier League/Championship/League One/League Two (fees & values are estimates, EUR)",€,Premier League|Championship|League One|League Two,Premier League,Brighton & Hove Albion,,,https://tmssl.akamaized.net//images/wappen/homepageSmall/1237.png?lm=1492718902,out,,James Milner,,,,,,,40,CM,Central Midfield,England,https://tmssl.akamaized.net//images/flagge/tiny/189.png?lm=1520611569,Retired,,other,,€500k,0.5,?,,
England,en,2026-08-01 15:48 UTC,"Transfermarkt · England Premier League/Championship/League One/League Two (fees & values are estimates, EUR)",€,Premier League|Championship|League One|League Two,Premier League,Brighton & Hove Albion,,,https://tmssl.akamaized.net//images/wappen/homepageSmall/1237.png?lm=1492718902,out,,Adam Webster,,,,,,,31,CB,Centre-Back,England,https://tmssl.akamaized.net//images/flagge/tiny/189.png?lm=1520611569,Without Club,,other,,€3.00m,3.0,?,,
England,en,2026-08-01 15:48 UTC,"Transfermarkt · England Premier League/Championship/League One/League Two (fees & values are estimates, EUR)",€,Premier League|Championship|League One|League Two,Premier League,Brighton & Hove Albion,,,https://tmssl.akamaized.net//images/wappen/homepageSmall/1237.png?lm=1492718902,out,,Solly March,,,,,,,31,RW,Right Winger,England,https://tmssl.akamaized.net//images/flagge/tiny/189.png?lm=1520611569,Without Club,,other,,€1.00m,1.0,?,,
England,en,2026-08-01 15:48 UTC,"Transfermarkt · England Premier League/Championship/League One/League Two (fees & values are estimates, EUR)",€,Premier League|Championship|League One|League Two,Premier League,Chelsea FC,,,https://tmssl.akamaized.net//images/wappen/homepageSmall/631.png?lm=1782931342,in,,Morgan Rogers,,,,,,,23,AM,Attacking Midfield,England,https://tmssl.akamaized.net//images/flagge/tiny/189.png?lm=1520611569,Aston Villa,,transfer,,€90.00m,90.0,€138.00m,138.0,
England,en,2026-08-01 15:48 UTC,"Transfermarkt · England Premier League/Championship/League One/League Two (fees & values are estimates, EUR)",€,Premier League|Championship|League One|League Two,Premier League,Chelsea FC,,,https://tmssl.akamaized.net//images/wappen/homepageSmall/631.png?lm=1782931342,in,,Maxence Lacroix,,,,,,,26,CB,Centre-Back,France,https://tmssl.akamaized.net//images/flagge/tiny/50.png?lm=1520611569,Crystal Palace,,transfer,,€50.00m,50.0,€60.70m,60.7,
England,en,2026-08-01 15:48 UTC,"Transfermarkt · England Premier League/Championship/League One/League Two (fees & values are estimates, EUR)",€,Premier League|Championship|League One|League Two,Premier League,Chelsea FC,,,https://tmssl.akamaized.net//images/wappen/homepageSmall/631.png?lm=1782931342,in,,Marco Palestra,,,,,,,21,RB,Right-Back,Italy,https://tmssl.akamaized.net//images/flagge/tiny/75.png?lm=1520611569,Atalanta,,transfer,,€35.00m,35.0,€57.00m,57.0,
England,en,2026-08-01 15:48 UTC,"Transfermarkt · England Premier League/Championship/League One/League Two (fees & values are estimates, EUR)",€,Premier League|Championship|League One|League Two,Premier League,Chelsea FC,,,https://tmssl.akamaized.net//images/wappen/homepageSmall/631.png?lm=1782931342,in,,Geovany Quenda,,,,,,,19,RW,Right Winger,Portugal,https://tmssl.akamaized.net//images/flagge/tiny/136.png?lm=1520611569,Sporting,,transfer,,€42.00m,42.0,€50.00m,50.0,
England,en,2026-08-01 15:48 UTC,"Transfermarkt · England Premier League/Championship/League One/League Two (fees & values are estimates, EUR)",€,Premier League|Championship|League One|League Two,Premier League,Chelsea FC,,,https://tmssl.akamaized.net//images/wappen/homepageSmall/631.png?lm=1782931342,in,,Emmanuel Emegha,,,,,,,23,CF,Centre-Forward,Netherlands,https://tmssl.akamaized.net//images/flagge/tiny/122.png?lm=1520611569,R. Strasbourg,,transfer,,€25.00m,25.0,€25.30m,25.3,
England,en,2026-08-01 15:48 UTC,"Transfermarkt · England Premier League/Championship/League One/League Two (fees & values are estimates, EUR)",€,Premier League|Championship|League One|League Two,Premier League,Chelsea FC,,,https://tmssl.akamaized.net//images/wappen/homepageSmall/631.png?lm=1782931342,in,,Denner,,,,,,,18,LB,Left-Back,Brazil,https://tmssl.akamaized.net//images/flagge/tiny/26.png?lm=1520611569,Corinthians U20,,transfer,,?,,€10.00m,10.0,
England,en,2026-08-01 15:48 UTC,"Transfermarkt · England Premier League/Championship/League One/League Two (fees & values are estimates, EUR)",€,Premier League|Championship|League One|League Two,Premier League,Chelsea FC,,,https://tmssl.akamaized.net//images/wappen/homepageSmall/631.png?lm=1782931342,in,,Dastan Satpaev,,,,,,,18,CF,Centre-Forward,Kazakhstan,https://tmssl.akamaized.net//images/flagge/tiny/81.png?lm=1520611569,Kairat Almaty,,transfer,,€3.50m,3.5,€2.40m,2.4,
England,en,2026-08-01 15:48 UTC,"Transfermarkt · England Premier League/Championship/League One/League Two (fees & values are estimates, EUR)",€,Premier League|Championship|League One|League Two,Premier League,Chelsea FC,,,https://tmssl.akamaized.net//images/wappen/homepageSmall/631.png?lm=1782931342,in,,Aarón Anselmino,,,,,,,21,CB,Centre-Back,Argentina,https://tmssl.akamaized.net//images/flagge/tiny/9.png?lm=1520611569,R. Strasbourg,,loan-return,,€10.00m,10.0,End of loan,,
England,en,2026-08-01 15:48 UTC,"Transfermarkt · England Premier League/Championship/League One/League Two (fees & values are estimates, EUR)",€,Premier League|Championship|League One|League Two,Premier League,Chelsea FC,,,https://tmssl.akamaized.net//images/wappen/homepageSmall/631.png?lm=1782931342,in,,David Datro Fofana,,,,,,,23,CF,Centre-Forward,Cote d'Ivoire,https://tmssl.akamaized.net//images/flagge/tiny/38.png?lm=1520611569,R. Strasbourg,,loan-return,,€4.00m,4.0,End of loan,,
England,en,2026-08-01 15:48 UTC,"Transfermarkt · England Premier League/Championship/League One/League Two (fees & values are estimates, EUR)",€,Premier League|Championship|League One|League Two,Premier League,Chelsea FC,,,https://tmssl.akamaized.net//images/wappen/homepageSmall/631.png?lm=1782931342,in,,Tyrique George,,,,,,,20,LW,Left Winger,England,https://tmssl.akamaized.net//images/flagge/tiny/189.png?lm=1520611569,Everton,,loan-return,,€20.00m,20.0,End of loan,,
England,en,2026-08-01 15:48 UTC,"Transfermarkt · England Premier League/Championship/League One/League Two (fees & values are estimates, EUR)",€,Premier League|Championship|League One|League Two,Premier League,Chelsea FC,,,https://tmssl.akamaized.net//images/wappen/homepageSmall/631.png?lm=1782931342,in,,Axel Disasi,,,,,,,28,CB,Centre-Back,France,https://tmssl.akamaized.net//images/flagge/tiny/50.png?lm=1520611569,West Ham,,loan-return,,€15.00m,15.0,End of loan,,
England,en,2026-08-01 15:48 UTC,"Transfermarkt · England Premier League/Championship/League One/League Two (fees & values are estimates, EUR)",€,Premier League|Championship|League One|League Two,Premier League,Chelsea FC,,,https://tmssl.akamaized.net//images/wappen/homepageSmall/631.png?lm=1782931342,in,,Nicolas Jackson,,,,,,,25,CF,Centre-Forward,Senegal,https://tmssl.akamaized.net//images/flagge/tiny/149.png?lm=1520611569,Bayern Munich,,loan-return,,€40.00m,40.0,End of loan,,
England,en,2026-08-01 15:48 UTC,"Transfermarkt · England Premier League/Championship/League One/League Two (fees & values are estimates, EUR)",€,Premier League|Championship|League One|League Two,Premier League,Chelsea FC,,,https://tmssl.akamaized.net//images/wappen/homepageSmall/631.png?lm=1782931342,in,,Mike Penders,,,,,,,20,GK,Goalkeeper,Belgium,https://tmssl.akamaized.net//images/flagge/tiny/19.png?lm=1520611569,R. Strasbourg,,loan-return,,€25.00m,25.0,End of loan,,
England,en,2026-08-01 15:48 UTC,"Transfermarkt · England Premier League/Championship/League One/League Two (fees & values are estimates, EUR)",€,Premier League|Championship|League One|League Two,Premier League,Chelsea FC,,,https://tmssl.akamaized.net//images/wappen/homepageSmall/631.png?lm=1782931342,out,,Andrey Santos,,,,,,,22,DM,Defensive Midfield,Brazil,https://tmssl.akamaized.net//images/flagge/tiny/26.png?lm=1520611569,Man Utd,,transfer,,€40.00m,40.0,€56.30m,56.3,
England,en,2026-08-01 15:48 UTC,"Transfermarkt · England Premier League/Championship/League One/League Two (fees & values are estimates, EUR)",€,Premier League|Championship|League One|League Two,Premier League,Chelsea FC,,,https://tmssl.akamaized.net//images/wappen/homepageSmall/631.png?lm=1782931342,out,,Marc Cucurella,,,,,,,27,LB,Left-Back,Spain,https://tmssl.akamaized.net//images/flagge/tiny/157.png?lm=1520611569,Real Madrid,,transfer,,€50.00m,50.0,€55.00m,55.0,
England,en,2026-08-01 15:48 UTC,"Transfermarkt · England Premier League/Championship/League One/League Two (fees & values are estimates, EUR)",€,Premier League|Championship|League One|League Two,Premier League,Chelsea FC,,,https://tmssl.akamaized.net//images/wappen/homepageSmall/631.png?lm=1782931342,out,,Tyrique George,,,,,,,20,LW,Left Winger,England,https://tmssl.akamaized.net//images/flagge/tiny/189.png?lm=1520611569,Everton,,transfer,,€20.00m,20.0,€21.00m,21.0,
England,en,2026-08-01 15:48 UTC,"Transfermarkt · England Premier League/Championship/League One/League Two (fees & values are estimates, EUR)",€,Premier League|Championship|League One|League Two,Premier League,Chelsea FC,,,https://tmssl.akamaized.net//images/wappen/homepageSmall/631.png?lm=1782931342,out,,Alejandro Garnacho,,,,,,,22,LW,Left Winger,Argentina,https://tmssl.akamaized.net//images/flagge/tiny/9.png?lm=1520611569,Aston Villa,,loan,,€28.00m,28.0,Loan,,
England,en,2026-08-01 15:48 UTC,"Transfermarkt · England Premier League/Championship/League One/League Two (fees & values are estimates, EUR)",€,Premier League|Championship|League One|League Two,Premier League,Coventry City,,,https://tmssl.akamaized.net//images/wappen/homepageSmall/990.png?lm=1684518179,in,,Loum Tchaouna,,,,,,,22,RW,Right Winger,France,https://tmssl.akamaized.net//images/flagge/tiny/50.png?lm=1520611569,Burnley,,transfer,,€13.00m,13.0,€23.00m,23.0,
England,en,2026-08-01 15:48 UTC,"Transfermarkt · England Premier League/Championship/League One/League Two (fees & values are estimates, EUR)",€,Premier League|Championship|League One|League Two,Premier League,Coventry City,,,https://tmssl.akamaized.net//images/wappen/homepageSmall/990.png?lm=1684518179,in,,Aurèle Amenda,,,,,,,22,CB,Centre-Back,Switzerland,https://tmssl.akamaized.net//images/flagge/tiny/148.png?lm=1520611569,Frankfurt,,transfer,,€10.00m,10.0,€18.00m,18.0,
England,en,2026-08-01 15:48 UTC,"Transfermarkt · England Premier League/Championship/League One/League Two (fees & values are estimates, EUR)",€,Premier League|Championship|League One|League Two,Premier League,Coventry City,,,https://tmssl.akamaized.net//images/wappen/homepageSmall/990.png?lm=1684518179,in,,Frank Onyeka,,,,,,,28,CM,Central Midfield,Nigeria,https://tmssl.akamaized.net//images/flagge/tiny/124.png?lm=1520611569,Brentford,,transfer,,€8.00m,8.0,€7.00m,7.0,
England,en,2026-08-01 15:48 UTC,"Transfermarkt · England Premier League/Championship/League One/League Two (fees & values are estimates, EUR)",€,Premier League|Championship|League One|League Two,Premier League,Coventry City,,,https://tmssl.akamaized.net//images/wappen/homepageSmall/990.png?lm=1684518179,in,,Norman Bassette,,,,,,,21,CF,Centre-Forward,Belgium,https://tmssl.akamaized.net//images/flagge/tiny/19.png?lm=1520611569,1.FC K'lautern,,loan-return,,€1.50m,1.5,End of loan,,
England,en,2026-08-01 15:48 UTC,"Transfermarkt · England Premier League/Championship/League One/League Two (fees & values are estimates, EUR)",€,Premier League|Championship|League One|League Two,Premier League,Coventry City,,,https://tmssl.akamaized.net//images/wappen/homepageSmall/990.png?lm=1684518179,out,,Brad Collins,,,,,,,29,GK,Goalkeeper,England,https://tmssl.akamaized.net//images/flagge/tiny/189.png?lm=1520611569,Bristol City,,free,,€900k,0.9,Free,0.0,
England,en,2026-08-01 15:48 UTC,"Transfermarkt · England Premier League/Championship/League One/League Two (fees & values are estimates, EUR)",€,Premier League|Championship|League One|League Two,Premier League,Coventry City,,,https://tmssl.akamaized.net//images/wappen/homepageSmall/990.png?lm=1684518179,out,,Norman Bassette,,,,,,,21,CF,Centre-Forward,Belgium,https://tmssl.akamaized.net//images/flagge/tiny/19.png?lm=1520611569,KVC Westerlo,,loan,,€1.50m,1.5,Loan,,
England,en,2026-08-01 15:48 UTC,"Transfermarkt · England Premier League/Championship/League One/League Two (fees & values are estimates, EUR)",€,Premier League|Championship|League One|League Two,Premier League,Coventry City,,,https://tmssl.akamaized.net//images/wappen/homepageSmall/990.png?lm=1684518179,out,,Jamie Allen,,,,,,,31,CM,Central Midfield,England,https://tmssl.akamaized.net//images/flagge/tiny/189.png?lm=1520611569,Without Club,,other,,€500k,0.5,?,,
England,en,2026-08-01 15:48 UTC,"Transfermarkt · England Premier League/Championship/League One/League Two (fees & values are estimates, EUR)",€,Premier League|Championship|League One|League Two,Premier League,Coventry City,,,https://tmssl.akamaized.net//images/wappen/homepageSmall/990.png?lm=1684518179,out,,Min-hyeok Yang,,,,,,,20,RW,Right Winger,"Korea, South",https://tmssl.akamaized.net//images/flagge/tiny/87.png?lm=1520611569,Tottenham,,loan-return,,€3.00m,3.0,End of loan,,
England,en,2026-08-01 15:48 UTC,"Transfermarkt · England Premier League/Championship/League One/League Two (fees & values are estimates, EUR)",€,Premier League|Championship|League One|League Two,Premier League,Crystal Palace,,,https://tmssl.akamaized.net//images/wappen/homepageSmall/873.png?lm=1457723287,in,,Óscar Mingueza,,,,,,,27,RB,Right-Back,Spain,https://tmssl.akamaized.net//images/flagge/tiny/157.png?lm=1520611569,Celta de Vigo,,free,,€18.00m,18.0,Free,0.0,
England,en,2026-08-01 15:48 UTC,"Transfermarkt · England Premier League/Championship/League One/League Two (fees & values are estimates, EUR)",€,Premier League|Championship|League One|League Two,Premier League,Crystal Palace,,,https://tmssl.akamaized.net//images/wappen/homepageSmall/873.png?lm=1457723287,in,,Matheus França,,,,,,,22,AM,Attacking Midfield,Brazil,https://tmssl.akamaized.net//images/flagge/tiny/26.png?lm=1520611569,Vasco da Gama,,loan-return,,€6.00m,6.0,End of loan,,
England,en,2026-08-01 15:48 UTC,"Transfermarkt · England Premier League/Championship/League One/League Two (fees & values are estimates, EUR)",€,Premier League|Championship|League One|League Two,Premier League,Crystal Palace,,,https://tmssl.akamaized.net//images/wappen/homepageSmall/873.png?lm=1457723287,in,,Owen Goodman,,,,,,,22,GK,Goalkeeper,Canada,https://tmssl.akamaized.net//images/flagge/tiny/80.png?lm=1520611569,Barnsley,,loan-return,,€550k,0.55,End of loan,,
England,en,2026-08-01 15:48 UTC,"Transfermarkt · England Premier League/Championship/League One/League Two (fees & values are estimates, EUR)",€,Premier League|Championship|League One|League Two,Premier League,Crystal Palace,,,https://tmssl.akamaized.net//images/wappen/homepageSmall/873.png?lm=1457723287,out,,Maxence Lacroix,,,,,,,26,CB,Centre-Back,France,https://tmssl.akamaized.net//images/flagge/tiny/50.png?lm=1520611569,Chelsea,,transfer,,€50.00m,50.0,€60.70m,60.7,
England,en,2026-08-01 15:48 UTC,"Transfermarkt · England Premier League/Championship/League One/League Two (fees & values are estimates, EUR)",€,Premier League|Championship|League One|League Two,Premier League,Crystal Palace,,,https://tmssl.akamaized.net//images/wappen/homepageSmall/873.png?lm=1457723287,out,,Danny Imray,,,,,,,23,RB,Right-Back,England,https://tmssl.akamaized.net//images/flagge/tiny/189.png?lm=1520611569,Wrexham,,other,,€800k,0.8,?,,
England,en,2026-08-01 15:48 UTC,"Transfermarkt · England Premier League/Championship/League One/League Two (fees & values are estimates, EUR)",€,Premier League|Championship|League One|League Two,Premier League,Crystal Palace,,,https://tmssl.akamaized.net//images/wappen/homepageSmall/873.png?lm=1457723287,out,,Owen Goodman,,,,,,,22,GK,Goalkeeper,Canada,https://tmssl.akamaized.net//images/flagge/tiny/80.png?lm=1520611569,Dundee FC,,loan,,€550k,0.55,Loan,,
England,en,2026-08-01 15:48 UTC,"Transfermarkt · England Premier League/Championship/League One/League Two (fees & values are estimates, EUR)",€,Premier League|Championship|League One|League Two,Premier League,Crystal Palace,,,https://tmssl.akamaized.net//images/wappen/homepageSmall/873.png?lm=1457723287,out,,Nathaniel Clyne,,,,,,,35,RB,Right-Back,England,https://tmssl.akamaized.net//images/flagge/tiny/189.png?lm=1520611569,Without Club,,other,,€300k,0.3,?,,
England,en,2026-08-01 15:48 UTC,"Transfermarkt · England Premier League/Championship/League One/League Two (fees & values are estimates, EUR)",€,Premier League|Championship|League One|League Two,Premier League,Crystal Palace,,,https://tmssl.akamaized.net//images/wappen/homepageSmall/873.png?lm=1457723287,out,,Christantus Uche,,,,,,,23,CF,Centre-Forward,Nigeria,https://tmssl.akamaized.net//images/flagge/tiny/124.png?lm=1520611569,Getafe,,loan-return,,€12.00m,12.0,End of loan,,
England,en,2026-08-01 15:48 UTC,"Transfermarkt · England Premier League/Championship/League One/League Two (fees & values are estimates, EUR)",€,Premier League|Championship|League One|League Two,Premier League,Crystal Palace,,,https://tmssl.akamaized.net//images/wappen/homepageSmall/873.png?lm=1457723287,out,,Evann Guessand,,,,,,,24,RW,Right Winger,Cote d'Ivoire,https://tmssl.akamaized.net//images/flagge/tiny/38.png?lm=1520611569,Aston Villa,,loan-return,,€25.00m,25.0,End of loan,,
England,en,2026-08-01 15:48 UTC,"Transfermarkt · England Premier League/Championship/League One/League Two (fees & values are estimates, EUR)",€,Premier League|Championship|League One|League Two,Premier League,Everton FC,,,https://tmssl.akamaized.net//images/wappen/homepageSmall/29.png?lm=1445949846,in,,Merlin Röhl,,,,,,,23,AM,Attacking Midfield,Germany,https://tmssl.akamaized.net//images/flagge/tiny/40.png?lm=1520612525,Freiburg,,transfer,,€16.00m,16.0,€25.00m,25.0,
England,en,2026-08-01 15:48 UTC,"Transfermarkt · England Premier League/Championship/League One/League Two (fees & values are estimates, EUR)",€,Premier League|Championship|League One|League Two,Premier League,Everton FC,,,https://tmssl.akamaized.net//images/wappen/homepageSmall/29.png?lm=1445949846,in,,Tyrique George,,,,,,,20,LW,Left Winger,England,https://tmssl.akamaized.net//images/flagge/tiny/189.png?lm=1520611569,Chelsea,,transfer,,€20.00m,20.0,€21.00m,21.0,
England,en,2026-08-01 15:48 UTC,"Transfermarkt · England Premier League/Championship/League One/League Two (fees & values are estimates, EUR)",€,Premier League|Championship|League One|League Two,Premier League,Everton FC,,,https://tmssl.akamaized.net//images/wappen/homepageSmall/29.png?lm=1445949846,in,,Hayden Hackney,,,,,,,24,DM,Defensive Midfield,England,https://tmssl.akamaized.net//images/flagge/tiny/189.png?lm=1520611569,Middlesbrough,,transfer,,€32.00m,32.0,€19.30m,19.3,
England,en,2026-08-01 15:48 UTC,"Transfermarkt · England Premier League/Championship/League One/League Two (fees & values are estimates, EUR)",€,Premier League|Championship|League One|League Two,Premier League,Everton FC,,,https://tmssl.akamaized.net//images/wappen/homepageSmall/29.png?lm=1445949846,out,,Séamus Coleman,,,,,,,37,RB,Right-Back,Ireland,https://tmssl.akamaized.net//images/flagge/tiny/72.png?lm=1520611569,Without Club,,other,,€200k,0.2,?,,
England,en,2026-08-01 15:48 UTC,"Transfermarkt · England Premier League/Championship/League One/League Two (fees & values are estimates, EUR)",€,Premier League|Championship|League One|League Two,Premier League,Everton FC,,,https://tmssl.akamaized.net//images/wappen/homepageSmall/29.png?lm=1445949846,out,,Tyler Onyango,,,,,,,23,CM,Central Midfield,England,https://tmssl.akamaized.net//images/flagge/tiny/189.png?lm=1520611569,Without Club,,other,,€350k,0.35,?,,
England,en,2026-08-01 15:48 UTC,"Transfermarkt · England Premier League/Championship/League One/League Two (fees & values are estimates, EUR)",€,Premier League|Championship|League One|League Two,Premier League,Everton FC,,,https://tmssl.akamaized.net//images/wappen/homepageSmall/29.png?lm=1445949846,out,,Idrissa Gueye,,,,,,,36,DM,Defensive Midfield,Senegal,https://tmssl.akamaized.net//images/flagge/tiny/149.png?lm=1520611569,Without Club,,other,,€500k,0.5,?,,
England,en,2026-08-01 15:48 UTC,"Transfermarkt · England Premier League/Championship/League One/League Two (fees & values are estimates, EUR)",€,Premier League|Championship|League One|League Two,Premier League,Everton FC,,,https://tmssl.akamaized.net//images/wappen/homepageSmall/29.png?lm=1445949846,out,,Merlin Röhl,,,,,,,23,AM,Attacking Midfield,Germany,https://tmssl.akamaized.net//images/flagge/tiny/40.png?lm=1520612525,Freiburg,,loan-return,,€16.00m,16.0,End of loan,,
England,en,2026-08-01 15:48 UTC,"Transfermarkt · England Premier League/Championship/League One/League Two (fees & values are estimates, EUR)",€,Premier League|Championship|League One|League Two,Premier League,Everton FC,,,https://tmssl.akamaized.net//images/wappen/homepageSmall/29.png?lm=1445949846,out,,Tyrique George,,,,,,,20,LW,Left Winger,England,https://tmssl.akamaized.net//images/flagge/tiny/189.png?lm=1520611569,Chelsea,,loan-return,,€20.00m,20.0,End of loan,,
England,en,2026-08-01 15:48 UTC,"Transfermarkt · England Premier League/Championship/League One/League Two (fees & values are estimates, EUR)",€,Premier League|Championship|League One|League Two,Premier League,Fulham FC,,,https://tmssl.akamaized.net//images/wappen/homepageSmall/931.png?lm=1556831687,in,,Jonah Kusi-Asare,,,,,,,18,CF,Centre-Forward,Sweden,https://tmssl.akamaized.net//images/flagge/tiny/147.png?lm=1520611569,Bayern Munich,,transfer,,€3.00m,3.0,€6.00m,6.0,
England,en,2026-08-01 15:48 UTC,"Transfermarkt · England Premier League/Championship/League One/League Two (fees & values are estimates, EUR)",€,Premier League|Championship|League One|League Two,Premier League,Fulham FC,,,https://tmssl.akamaized.net//images/wappen/homepageSmall/931.png?lm=1556831687,in,,Steven Benda,,,,,,,27,GK,Goalkeeper,Germany,https://tmssl.akamaized.net//images/flagge/tiny/40.png?lm=1520612525,Feyenoord,,loan-return,,€1.00m,1.0,End of loan,,
England,en,2026-08-01 15:48 UTC,"Transfermarkt · England Premier League/Championship/League One/League Two (fees & values are estimates, EUR)",€,Premier League|Championship|League One|League Two,Premier League,Fulham FC,,,https://tmssl.akamaized.net//images/wappen/homepageSmall/931.png?lm=1556831687,out,,Issa Diop,,,,,,,29,CB,Centre-Back,Morocco,https://tmssl.akamaized.net//images/flagge/tiny/107.png?lm=1520611569,Ipswich,,transfer,,€8.00m,8.0,€10.00m,10.0,
England,en,2026-08-01 15:48 UTC,"Transfermarkt · England Premier League/Championship/League One/League Two (fees & values are estimates, EUR)",€,Premier League|Championship|League One|League Two,Premier League,Fulham FC,,,https://tmssl.akamaized.net//images/wappen/homepageSmall/931.png?lm=1556831687,out,,Raúl Jiménez,,,,,,,35,CF,Centre-Forward,Mexico,https://tmssl.akamaized.net//images/flagge/tiny/110.png?lm=1520611569,Wolves,,free,,€3.00m,3.0,Free,0.0,
England,en,2026-08-01 15:48 UTC,"Transfermarkt · England Premier League/Championship/League One/League Two (fees & values are estimates, EUR)",€,Premier League|Championship|League One|League Two,Premier League,Fulham FC,,,https://tmssl.akamaized.net//images/wappen/homepageSmall/931.png?lm=1556831687,out,,Harry Wilson,,,,,,,29,RW,Right Winger,Wales,https://tmssl.akamaized.net//images/flagge/tiny/191.png?lm=1520611569,Leeds,,free,,€25.00m,25.0,Free,0.0,
England,en,2026-08-01 15:48 UTC,"Transfermarkt · England Premier League/Championship/League One/League Two (fees & values are estimates, EUR)",€,Premier League|Championship|League One|League Two,Premier League,Fulham FC,,,https://tmssl.akamaized.net//images/wappen/homepageSmall/931.png?lm=1556831687,out,,Steven Benda,,,,,,,27,GK,Goalkeeper,Germany,https://tmssl.akamaized.net//images/flagge/tiny/40.png?lm=1520612525,Without Club,,other,,€1.00m,1.0,?,,
England,en,2026-08-01 15:48 UTC,"Transfermarkt · England Premier League/Championship/League One/League Two (fees & values are estimates, EUR)",€,Premier League|Championship|League One|League Two,Premier League,Fulham FC,,,https://tmssl.akamaized.net//images/wappen/homepageSmall/931.png?lm=1556831687,out,,Samuel Chukwueze,,,,,,,27,RW,Right Winger,Nigeria,https://tmssl.akamaized.net//images/flagge/tiny/124.png?lm=1520611569,AC Milan,,loan-return,,€18.00m,18.0,End of loan,,
England,en,2026-08-01 15:48 UTC,"Transfermarkt · England Premier League/Championship/League One/League Two (fees & values are estimates, EUR)",€,Premier League|Championship|League One|League Two,Premier League,Fulham FC,,,https://tmssl.akamaized.net//images/wappen/homepageSmall/931.png?lm=1556831687,out,,Jonah Kusi-Asare,,,,,,,18,CF,Centre-Forward,Sweden,https://tmssl.akamaized.net//images/flagge/tiny/147.png?lm=1520611569,Bayern Munich,,loan-return,,€3.00m,3.0,End of loan,,
England,en,2026-08-01 15:48 UTC,"Transfermarkt · England Premier League/Championship/League One/League Two (fees & values are estimates, EUR)",€,Premier League|Championship|League One|League Two,Premier League,Hull City,,,https://tmssl.akamaized.net//images/wappen/homepageSmall/3008.png?lm=1562662491,in,,Jack Butland,,,,,,,33,GK,Goalkeeper,England,https://tmssl.akamaized.net//images/flagge/tiny/189.png?lm=1520611569,Rangers,,transfer,,€1.50m,1.5,€3.50m,3.5,
England,en,2026-08-01 15:48 UTC,"Transfermarkt · England Premier League/Championship/League One/League Two (fees & values are estimates, EUR)",€,Premier League|Championship|League One|League Two,Premier League,Hull City,,,https://tmssl.akamaized.net//images/wappen/homepageSmall/3008.png?lm=1562662491,in,,Hidemasa Morita,,,,,,,31,CM,Central Midfield,Japan,https://tmssl.akamaized.net//images/flagge/tiny/77.png?lm=1520611569,Sporting,,free,,€8.00m,8.0,Free,0.0,
England,en,2026-08-01 15:48 UTC,"Transfermarkt · England Premier League/Championship/League One/League Two (fees & values are estimates, EUR)",€,Premier League|Championship|League One|League Two,Premier League,Hull City,,,https://tmssl.akamaized.net//images/wappen/homepageSmall/3008.png?lm=1562662491,in,,Matt Targett,,,,,,,30,LB,Left-Back,England,https://tmssl.akamaized.net//images/flagge/tiny/189.png?lm=1520611569,Newcastle,,free,,€3.00m,3.0,Free,0.0,
England,en,2026-08-01 15:48 UTC,"Transfermarkt · England Premier League/Championship/League One/League Two (fees & values are estimates, EUR)",€,Premier League|Championship|League One|League Two,Premier League,Hull City,,,https://tmssl.akamaized.net//images/wappen/homepageSmall/3008.png?lm=1562662491,in,,Óscar Zambrano,,,,,,,22,DM,Defensive Midfield,Ecuador,https://tmssl.akamaized.net//images/flagge/tiny/44.png?lm=1520611569,NK Maribor,,other,,€1.50m,1.5,?,,
England,en,2026-08-01 15:48 UTC,"Transfermarkt · England Premier League/Championship/League One/League Two (fees & values are estimates, EUR)",€,Premier League|Championship|League One|League Two,Premier League,Hull City,,,https://tmssl.akamaized.net//images/wappen/homepageSmall/3008.png?lm=1562662491,in,,Thimothée Lo-Tutala,,,,,,,23,GK,Goalkeeper,France,https://tmssl.akamaized.net//images/flagge/tiny/50.png?lm=1520611569,Doncaster,,loan-return,,€400k,0.4,End of loan,,
England,en,2026-08-01 15:48 UTC,"Transfermarkt · England Premier League/Championship/League One/League Two (fees & values are estimates, EUR)",€,Premier League|Championship|League One|League Two,Premier League,Hull City,,,https://tmssl.akamaized.net//images/wappen/homepageSmall/3008.png?lm=1562662491,in,,Enis Destan,,,,,,,24,CF,Centre-Forward,Türkiye,https://tmssl.akamaized.net//images/flagge/tiny/174.png?lm=1520611569,KVC Westerlo,,loan-return,,€2.00m,2.0,End of loan,,
England,en,2026-08-01 15:48 UTC,"Transfermarkt · England Premier League/Championship/League One/League Two (fees & values are estimates, EUR)",€,Premier League|Championship|League One|League Two,Premier League,Hull City,,,https://tmssl.akamaized.net//images/wappen/homepageSmall/3008.png?lm=1562662491,in,,Kasey Palmer,,,,,,,29,AM,Attacking Midfield,Jamaica,https://tmssl.akamaized.net//images/flagge/tiny/76.png?lm=1520611569,Luton,,loan-return,,€900k,0.9,End of loan,,
England,en,2026-08-01 15:48 UTC,"Transfermarkt · England Premier League/Championship/League One/League Two (fees & values are estimates, EUR)",€,Premier League|Championship|League One|League Two,Premier League,Hull City,,,https://tmssl.akamaized.net//images/wappen/homepageSmall/3008.png?lm=1562662491,in,,Harry Vaughan,,,,,,,22,AM,Attacking Midfield,Ireland,https://tmssl.akamaized.net//images/flagge/tiny/72.png?lm=1520611569,Bohemians,,loan-return,,€400k,0.4,End of loan,,
England,en,2026-08-01 15:48 UTC,"Transfermarkt · England Premier League/Championship/League One/League Two (fees & values are estimates, EUR)",€,Premier League|Championship|League One|League Two,Premier League,Hull City,,,https://tmssl.akamaized.net//images/wappen/homepageSmall/3008.png?lm=1562662491,in,,Abu Kamara,,,,,,,22,RW,Right Winger,England,https://tmssl.akamaized.net//images/flagge/tiny/189.png?lm=1520611569,Getafe,,loan-return,,€2.50m,2.5,End of loan,,
England,en,2026-08-01 15:48 UTC,"Transfermarkt · England Premier League/Championship/League One/League Two (fees & values are estimates, EUR)",€,Premier League|Championship|League One|League Two,Premier League,Hull City,,,https://tmssl.akamaized.net//images/wappen/homepageSmall/3008.png?lm=1562662491,in,,Harvey Cartwright,,,,,,,24,GK,Goalkeeper,England,https://tmssl.akamaized.net//images/flagge/tiny/189.png?lm=1520611569,Hartlepool,,loan-return,,€150k,0.15,End of loan,,
England,en,2026-08-01 15:48 UTC,"Transfermarkt · England Premier League/Championship/League One/League Two (fees & values are estimates, EUR)",€,Premier League|Championship|League One|League Two,Premier League,Hull City,,,https://tmssl.akamaized.net//images/wappen/homepageSmall/3008.png?lm=1562662491,in,,Mason Burstow,,,,,,,22,CF,Centre-Forward,England,https://tmssl.akamaized.net//images/flagge/tiny/189.png?lm=1520611569,Bolton,,loan-return,,€2.80m,2.8,End of loan,,
England,en,2026-08-01 15:48 UTC,"Transfermarkt · England Premier League/Championship/League One/League Two (fees & values are estimates, EUR)",€,Premier League|Championship|League One|League Two,Premier League,Hull City,,,https://tmssl.akamaized.net//images/wappen/homepageSmall/3008.png?lm=1562662491,in,,Abdülkadir Ömür,,,,,,,27,RM,Right Midfield,Türkiye,https://tmssl.akamaized.net//images/flagge/tiny/174.png?lm=1520611569,Antalyaspor,,loan-return,,€1.50m,1.5,End of loan,,
England,en,2026-08-01 15:48 UTC,"Transfermarkt · England Premier League/Championship/League One/League Two (fees & values are estimates, EUR)",€,Premier League|Championship|League One|League Two,Premier League,Hull City,,,https://tmssl.akamaized.net//images/wappen/homepageSmall/3008.png?lm=1562662491,out,,Ivor Pandur,,,,,,,26,GK,Goalkeeper,Croatia,https://tmssl.akamaized.net//images/flagge/tiny/37.png?lm=1520611569,Rangers,,transfer,,€4.50m,4.5,€7.00m,7.0,
England,en,2026-08-01 15:48 UTC,"Transfermarkt · England Premier League/Championship/League One/League Two (fees & values are estimates, EUR)",€,Premier League|Championship|League One|League Two,Premier League,Hull City,,,https://tmssl.akamaized.net//images/wappen/homepageSmall/3008.png?lm=1562662491,out,,Kyle Joseph,,,,,,,24,CF,Centre-Forward,Scotland,https://tmssl.akamaized.net//images/flagge/tiny/190.png?lm=1520611569,Middlesbrough,,transfer,,€6.00m,6.0,€4.70m,4.7,
England,en,2026-08-01 15:48 UTC,"Transfermarkt · England Premier League/Championship/League One/League Two (fees & values are estimates, EUR)",€,Premier League|Championship|League One|League Two,Premier League,Hull City,,,https://tmssl.akamaized.net//images/wappen/homepageSmall/3008.png?lm=1562662491,out,,Kasey Palmer,,,,,,,29,AM,Attacking Midfield,Jamaica,https://tmssl.akamaized.net//images/flagge/tiny/76.png?lm=1520611569,Luton,,transfer,,€900k,0.9,€580k,0.58,
England,en,2026-08-01 15:48 UTC,"Transfermarkt · England Premier League/Championship/League One/League Two (fees & values are estimates, EUR)",€,Premier League|Championship|League One|League Two,Premier League,Hull City,,,https://tmssl.akamaized.net//images/wappen/homepageSmall/3008.png?lm=1562662491,out,,Harry Vaughan,,,,,,,22,AM,Attacking Midfield,Ireland,https://tmssl.akamaized.net//images/flagge/tiny/72.png?lm=1520611569,Bohemians,,free,,€400k,0.4,Free,0.0,
England,en,2026-08-01 15:48 UTC,"Transfermarkt · England Premier League/Championship/League One/League Two (fees & values are estimates, EUR)",€,Premier League|Championship|League One|League Two,Premier League,Hull City,,,https://tmssl.akamaized.net//images/wappen/homepageSmall/3008.png?lm=1562662491,out,,Akin Famewo,,,,,,,27,CB,Centre-Back,England,https://tmssl.akamaized.net//images/flagge/tiny/189.png?lm=1520611569,Bolton,,other,,€800k,0.8,?,,
England,en,2026-08-01 15:48 UTC,"Transfermarkt · England Premier League/Championship/League One/League Two (fees & values are estimates, EUR)",€,Premier League|Championship|League One|League Two,Premier League,Hull City,,,https://tmssl.akamaized.net//images/wappen/homepageSmall/3008.png?lm=1562662491,out,,Mason Burstow,,,,,,,22,CF,Centre-Forward,England,https://tmssl.akamaized.net//images/flagge/tiny/189.png?lm=1520611569,Sheff Wed,,loan,,€2.80m,2.8,Loan,,
England,en,2026-08-01 15:48 UTC,"Transfermarkt · England Premier League/Championship/League One/League Two (fees & values are estimates, EUR)",€,Premier League|Championship|League One|League Two,Premier League,Hull City,,,https://tmssl.akamaized.net//images/wappen/homepageSmall/3008.png?lm=1562662491,out,,Harvey Cartwright,,,,,,,24,GK,Goalkeeper,England,https://tmssl.akamaized.net//images/flagge/tiny/189.png?lm=1520611569,Grimsby Town,,loan,,€150k,0.15,Loan,,
England,en,2026-08-01 15:48 UTC,"Transfermarkt · England Premier League/Championship/League One/League Two (fees & values are estimates, EUR)",€,Premier League|Championship|League One|League Two,Premier League,Hull City,,,https://tmssl.akamaized.net//images/wappen/homepageSmall/3008.png?lm=1562662491,out,,Lewis Koumas,,,,,,,20,LW,Left Winger,Wales,https://tmssl.akamaized.net//images/flagge/tiny/191.png?lm=1520611569,Liverpool U21,,loan-return,,€4.00m,4.0,End of loan,,
England,en,2026-08-01 15:48 UTC,"Transfermarkt · England Premier League/Championship/League One/League Two (fees & values are estimates, EUR)",€,Premier League|Championship|League One|League Two,Premier League,Hull City,,,https://tmssl.akamaized.net//images/wappen/homepageSmall/3008.png?lm=1562662491,out,,Toby Collyer,,,,,,,22,DM,Defensive Midfield,England,https://tmssl.akamaized.net//images/flagge/tiny/189.png?lm=1520611569,Man Utd,,loan-return,,€5.00m,5.0,End of loan,,
England,en,2026-08-01 15:48 UTC,"Transfermarkt · England Premier League/Championship/League One/League Two (fees & values are estimates, EUR)",€,Premier League|Championship|League One|League Two,Premier League,Hull City,,,https://tmssl.akamaized.net//images/wappen/homepageSmall/3008.png?lm=1562662491,out,,Yu Hirakawa,,,,,,,25,RW,Right Winger,Japan,https://tmssl.akamaized.net//images/flagge/tiny/77.png?lm=1520611569,Bristol City,,loan-return,,€1.00m,1.0,End of loan,,
England,en,2026-08-01 15:48 UTC,"Transfermarkt · England Premier League/Championship/League One/League Two (fees & values are estimates, EUR)",€,Premier League|Championship|League One|League Two,Premier League,Hull City,,,https://tmssl.akamaized.net//images/wappen/homepageSmall/3008.png?lm=1562662491,out,,Amir Hadziahmetovic,,,,,,,29,DM,Defensive Midfield,Bosnia-Herzegovina,https://tmssl.akamaized.net//images/flagge/tiny/24.png?lm=1569523290,Besiktas,,loan-return,,€4.00m,4.0,End of loan,,
England,en,2026-08-01 15:48 UTC,"Transfermarkt · England Premier League/Championship/League One/League Two (fees & values are estimates, EUR)",€,Premier League|Championship|League One|League Two,Premier League,Hull City,,,https://tmssl.akamaized.net//images/wappen/homepageSmall/3008.png?lm=1562662491,out,,Joe Gelhardt,,,,,,,24,CF,Centre-Forward,England,https://tmssl.akamaized.net//images/flagge/tiny/189.png?lm=1520611569,Leeds,,loan-return,,€14.00m,14.0,End of loan,,
England,en,2026-08-01 15:48 UTC,"Transfermarkt · England Premier League/Championship/League One/League Two (fees & values are estimates, EUR)",€,Premier League|Championship|League One|League Two,Premier League,Hull City,,,https://tmssl.akamaized.net//images/wappen/homepageSmall/3008.png?lm=1562662491,out,,John Lundstram,,,,,,,32,DM,Defensive Midfield,England,https://tmssl.akamaized.net//images/flagge/tiny/189.png?lm=1520611569,Trabzonspor,,loan-return,,€1.30m,1.3,End of loan,,
England,en,2026-08-01 15:48 UTC,"Transfermarkt · England Premier League/Championship/League One/League Two (fees & values are estimates, EUR)",€,Premier League|Championship|League One|League Two,Premier League,Ipswich Town,,,https://tmssl.akamaized.net//images/wappen/homepageSmall/677.png?lm=1407655249,in,,Emersonn,,,,,,,21,CF,Centre-Forward,Brazil,https://tmssl.akamaized.net//images/flagge/tiny/26.png?lm=1520611569,Toulouse,,transfer,,€8.00m,8.0,€28.00m,28.0,
England,en,2026-08-01 15:48 UTC,"Transfermarkt · England Premier League/Championship/League One/League Two (fees & values are estimates, EUR)",€,Premier League|Championship|League One|League Two,Premier League,Ipswich Town,,,https://tmssl.akamaized.net//images/wappen/homepageSmall/677.png?lm=1407655249,in,,Abdul Fatawu,,,,,,,22,RW,Right Winger,Ghana,https://tmssl.akamaized.net//images/flagge/tiny/54.png?lm=1520611569,Leicester,,transfer,,€20.00m,20.0,€23.45m,23.45,
England,en,2026-08-01 15:48 UTC,"Transfermarkt · England Premier League/Championship/League One/League Two (fees & values are estimates, EUR)",€,Premier League|Championship|League One|League Two,Premier League,Ipswich Town,,,https://tmssl.akamaized.net//images/wappen/homepageSmall/677.png?lm=1407655249,in,,Kjell Scherpen,,,,,,,26,GK,Goalkeeper,Netherlands,https://tmssl.akamaized.net//images/flagge/tiny/122.png?lm=1520611569,Union SG,,transfer,,€8.00m,8.0,€10.00m,10.0,
England,en,2026-08-01 15:48 UTC,"Transfermarkt · England Premier League/Championship/League One/League Two (fees & values are estimates, EUR)",€,Premier League|Championship|League One|League Two,Premier League,Ipswich Town,,,https://tmssl.akamaized.net//images/wappen/homepageSmall/677.png?lm=1407655249,in,,Issa Diop,,,,,,,29,CB,Centre-Back,Morocco,https://tmssl.akamaized.net//images/flagge/tiny/107.png?lm=1520611569,Fulham,,transfer,,€8.00m,8.0,€10.00m,10.0,
England,en,2026-08-01 15:48 UTC,"Transfermarkt · England Premier League/Championship/League One/League Two (fees & values are estimates, EUR)",€,Premier League|Championship|League One|League Two,Premier League,Ipswich Town,,,https://tmssl.akamaized.net//images/wappen/homepageSmall/677.png?lm=1407655249,in,,Daizen Maeda,,,,,,,28,LW,Left Winger,Japan,https://tmssl.akamaized.net//images/flagge/tiny/77.png?lm=1520611569,Celtic,,transfer,,€13.00m,13.0,€9.40m,9.4,
England,en,2026-08-01 15:48 UTC,"Transfermarkt · England Premier League/Championship/League One/League Two (fees & values are estimates, EUR)",€,Premier League|Championship|League One|League Two,Premier League,Ipswich Town,,,https://tmssl.akamaized.net//images/wappen/homepageSmall/677.png?lm=1407655249,in,,Chuba Akpom,,,,,,,30,CF,Centre-Forward,England,https://tmssl.akamaized.net//images/flagge/tiny/189.png?lm=1520611569,Ajax,,transfer,,€3.50m,3.5,€9.30m,9.3,
England,en,2026-08-01 15:48 UTC,"Transfermarkt · England Premier League/Championship/League One/League Two (fees & values are estimates, EUR)",€,Premier League|Championship|League One|League Two,Premier League,Ipswich Town,,,https://tmssl.akamaized.net//images/wappen/homepageSmall/677.png?lm=1407655249,in,,Cédric Kipré,,,,,,,29,CB,Centre-Back,Cote d'Ivoire,https://tmssl.akamaized.net//images/flagge/tiny/38.png?lm=1520611569,Stade Reims,,transfer,,€2.00m,2.0,€4.50m,4.5,
England,en,2026-08-01 15:48 UTC,"Transfermarkt · England Premier League/Championship/League One/League Two (fees & values are estimates, EUR)",€,Premier League|Championship|League One|League Two,Premier League,Ipswich Town,,,https://tmssl.akamaized.net//images/wappen/homepageSmall/677.png?lm=1407655249,in,,Kayne van Oevelen,,,,,,,22,GK,Goalkeeper,Netherlands,https://tmssl.akamaized.net//images/flagge/tiny/122.png?lm=1520611569,FC Volendam,,transfer,,€2.00m,2.0,€4.00m,4.0,
England,en,2026-08-01 15:48 UTC,"Transfermarkt · England Premier League/Championship/League One/League Two (fees & values are estimates, EUR)",€,Premier League|Championship|League One|League Two,Premier League,Ipswich Town,,,https://tmssl.akamaized.net//images/wappen/homepageSmall/677.png?lm=1407655249,in,,Somto Boniface,,,,,,,21,LB,Left-Back,England,https://tmssl.akamaized.net//images/flagge/tiny/189.png?lm=1520611569,Leyton Orient,,loan-return,,?,,End of loan,,
England,en,2026-08-01 15:48 UTC,"Transfermarkt · England Premier League/Championship/League One/League Two (fees & values are estimates, EUR)",€,Premier League|Championship|League One|League Two,Premier League,Ipswich Town,,,https://tmssl.akamaized.net//images/wappen/homepageSmall/677.png?lm=1407655249,in,,Cieran Slicker,,,,,,,24,GK,Goalkeeper,Scotland,https://tmssl.akamaized.net//images/flagge/tiny/190.png?lm=1520611569,Barnsley,,loan-return,,€350k,0.35,End of loan,,
England,en,2026-08-01 15:48 UTC,"Transfermarkt · England Premier League/Championship/League One/League Two (fees & values are estimates, EUR)",€,Premier League|Championship|League One|League Two,Premier League,Ipswich Town,,,https://tmssl.akamaized.net//images/wappen/homepageSmall/677.png?lm=1407655249,in,,Conor Chaplin,,,,,,,29,SS,Second Striker,England,https://tmssl.akamaized.net//images/flagge/tiny/189.png?lm=1520611569,Portsmouth,,loan-return,,€2.20m,2.2,End of loan,,
England,en,2026-08-01 15:48 UTC,"Transfermarkt · England Premier League/Championship/League One/League Two (fees & values are estimates, EUR)",€,Premier League|Championship|League One|League Two,Premier League,Ipswich Town,,,https://tmssl.akamaized.net//images/wappen/homepageSmall/677.png?lm=1407655249,in,,Ali Al-Hamadi,,,,,,,24,CF,Centre-Forward,Iraq,https://tmssl.akamaized.net//images/flagge/tiny/70.png?lm=1520611569,Luton,,loan-return,,€1.50m,1.5,End of loan,,
England,en,2026-08-01 15:48 UTC,"Transfermarkt · England Premier League/Championship/League One/League Two (fees & values are estimates, EUR)",€,Premier League|Championship|League One|League Two,Premier League,Ipswich Town,,,https://tmssl.akamaized.net//images/wappen/homepageSmall/677.png?lm=1407655249,in,,Arijanet Murić,,,,,,,27,GK,Goalkeeper,Kosovo,https://tmssl.akamaized.net//images/flagge/tiny/244.png?lm=1520611569,Sassuolo,,loan-return,,€7.50m,7.5,End of loan,,
England,en,2026-08-01 15:48 UTC,"Transfermarkt · England Premier League/Championship/League One/League Two (fees & values are estimates, EUR)",€,Premier League|Championship|League One|League Two,Premier League,Ipswich Town,,,https://tmssl.akamaized.net//images/wappen/homepageSmall/677.png?lm=1407655249,out,,Arijanet Murić,,,,,,,27,GK,Goalkeeper,Kosovo,https://tmssl.akamaized.net//images/flagge/tiny/244.png?lm=1520611569,Sassuolo,,transfer,,€7.50m,7.5,€7.00m,7.0,
England,en,2026-08-01 15:48 UTC,"Transfermarkt · England Premier League/Championship/League One/League Two (fees & values are estimates, EUR)",€,Premier League|Championship|League One|League Two,Premier League,Ipswich Town,,,https://tmssl.akamaized.net//images/wappen/homepageSmall/677.png?lm=1407655249,out,,Elkan Baggott,,,,,,,23,CB,Centre-Back,Indonesia,https://tmssl.akamaized.net//images/flagge/tiny/68.png?lm=1520611569,Millwall,,transfer,,€200k,0.2,€1.17m,1.17,
England,en,2026-08-01 15:48 UTC,"Transfermarkt · England Premier League/Championship/League One/League Two (fees & values are estimates, EUR)",€,Premier League|Championship|League One|League Two,Premier League,Ipswich Town,,,https://tmssl.akamaized.net//images/wappen/homepageSmall/677.png?lm=1407655249,out,,Conor Townsend,,,,,,,33,LB,Left-Back,England,https://tmssl.akamaized.net//images/flagge/tiny/189.png?lm=1520611569,West Brom,,free,,€350k,0.35,Free,0.0,
England,en,2026-08-01 15:48 UTC,"Transfermarkt · England Premier League/Championship/League One/League Two (fees & values are estimates, EUR)",€,Premier League|Championship|League One|League Two,Premier League,Ipswich Town,,,https://tmssl.akamaized.net//images/wappen/homepageSmall/677.png?lm=1407655249,out,,Conor Chaplin,,,,,,,29,SS,Second Striker,England,https://tmssl.akamaized.net//images/flagge/tiny/189.png?lm=1520611569,Leicester,,free,,€2.20m,2.2,Free,0.0,
England,en,2026-08-01 15:48 UTC,"Transfermarkt · England Premier League/Championship/League One/League Two (fees & values are estimates, EUR)",€,Premier League|Championship|League One|League Two,Premier League,Ipswich Town,,,https://tmssl.akamaized.net//images/wappen/homepageSmall/677.png?lm=1407655249,out,,Cieran Slicker,,,,,,,23,GK,Goalkeeper,Scotland,https://tmssl.akamaized.net//images/flagge/tiny/190.png?lm=1520611569,Barnsley,,loan,,€350k,0.35,Loan,,
England,en,2026-08-01 15:48 UTC,"Transfermarkt · England Premier League/Championship/League One/League Two (fees & values are estimates, EUR)",€,Premier League|Championship|League One|League Two,Premier League,Ipswich Town,,,https://tmssl.akamaized.net//images/wappen/homepageSmall/677.png?lm=1407655249,out,,Ashley Young,,,,,,,40,RB,Right-Back,England,https://tmssl.akamaized.net//images/flagge/tiny/189.png?lm=1520611569,Retired,,other,,€400k,0.4,?,,
England,en,2026-08-01 15:48 UTC,"Transfermarkt · England Premier League/Championship/League One/League Two (fees & values are estimates, EUR)",€,Premier League|Championship|League One|League Two,Premier League,Ipswich Town,,,https://tmssl.akamaized.net//images/wappen/homepageSmall/677.png?lm=1407655249,out,,Cédric Kipré,,,,,,,29,CB,Centre-Back,Cote d'Ivoire,https://tmssl.akamaized.net//images/flagge/tiny/38.png?lm=1520611569,Stade Reims,,loan-return,,€2.00m,2.0,End of loan,,
England,en,2026-08-01 15:48 UTC,"Transfermarkt · England Premier League/Championship/League One/League Two (fees & values are estimates, EUR)",€,Premier League|Championship|League One|League Two,Premier League,Ipswich Town,,,https://tmssl.akamaized.net//images/wappen/homepageSmall/677.png?lm=1407655249,out,,Dan Neil,,,,,,,24,CM,Central Midfield,England,https://tmssl.akamaized.net//images/flagge/tiny/189.png?lm=1520611569,Sunderland,,loan-return,,€4.50m,4.5,End of loan,,
England,en,2026-08-01 15:48 UTC,"Transfermarkt · England Premier League/Championship/League One/League Two (fees & values are estimates, EUR)",€,Premier League|Championship|League One|League Two,Premier League,Ipswich Town,,,https://tmssl.akamaized.net//images/wappen/homepageSmall/677.png?lm=1407655249,out,,Iván Azón,,,,,,,23,CF,Centre-Forward,Spain,https://tmssl.akamaized.net//images/flagge/tiny/157.png?lm=1520611569,Como,,loan-return,,€5.00m,5.0,End of loan,,
England,en,2026-08-01 15:48 UTC,"Transfermarkt · England Premier League/Championship/League One/League Two (fees & values are estimates, EUR)",€,Premier League|Championship|League One|League Two,Premier League,Ipswich Town,,,https://tmssl.akamaized.net//images/wappen/homepageSmall/677.png?lm=1407655249,out,,Chuba Akpom,,,,,,,30,CF,Centre-Forward,England,https://tmssl.akamaized.net//images/flagge/tiny/189.png?lm=1520611569,Ajax,,loan-return,,€3.50m,3.5,End of loan,,
England,en,2026-08-01 15:48 UTC,"Transfermarkt · England Premier League/Championship/League One/League Two (fees & values are estimates, EUR)",€,Premier League|Championship|League One|League Two,Premier League,Ipswich Town,,,https://tmssl.akamaized.net//images/wappen/homepageSmall/677.png?lm=1407655249,out,,Jens Cajuste,,,,,,,26,DM,Defensive Midfield,Sweden,https://tmssl.akamaized.net//images/flagge/tiny/147.png?lm=1520611569,Napoli,,loan-return,,€7.00m,7.0,End of loan,,
England,en,2026-08-01 15:48 UTC,"Transfermarkt · England Premier League/Championship/League One/League Two (fees & values are estimates, EUR)",€,Premier League|Championship|League One|League Two,Premier League,Leeds United,,,https://tmssl.akamaized.net//images/wappen/homepageSmall/399.png?lm=1645652224,in,,Tarik Muharemović,,,,,,,23,CB,Centre-Back,Bosnia-Herzegovina,https://tmssl.akamaized.net//images/flagge/tiny/24.png?lm=1569523290,Sassuolo,,transfer,,€25.00m,25.0,€37.00m,37.0,
England,en,2026-08-01 15:48 UTC,"Transfermarkt · England Premier League/Championship/League One/League Two (fees & values are estimates, EUR)",€,Premier League|Championship|League One|League Two,Premier League,Leeds United,,,https://tmssl.akamaized.net//images/wappen/homepageSmall/399.png?lm=1645652224,in,,Harry Wilson,,,,,,,29,RW,Right Winger,Wales,https://tmssl.akamaized.net//images/flagge/tiny/191.png?lm=1520611569,Fulham,,free,,€25.00m,25.0,Free,0.0,
England,en,2026-08-01 15:48 UTC,"Transfermarkt · England Premier League/Championship/League One/League Two (fees & values are estimates, EUR)",€,Premier League|Championship|League One|League Two,Premier League,Leeds United,,,https://tmssl.akamaized.net//images/wappen/homepageSmall/399.png?lm=1645652224,in,,Maximilian Wöber,,,,,,,28,CB,Centre-Back,Austria,https://tmssl.akamaized.net//images/flagge/tiny/127.png?lm=1520611569,Werder Bremen,,loan-return,,€3.00m,3.0,End of loan,,
England,en,2026-08-01 15:48 UTC,"Transfermarkt · England Premier League/Championship/League One/League Two (fees & values are estimates, EUR)",€,Premier League|Championship|League One|League Two,Premier League,Leeds United,,,https://tmssl.akamaized.net//images/wappen/homepageSmall/399.png?lm=1645652224,in,,Mateo Joseph,,,,,,,22,CF,Centre-Forward,Spain,https://tmssl.akamaized.net//images/flagge/tiny/157.png?lm=1520611569,RCD Mallorca,,loan-return,,€3.50m,3.5,End of loan,,
England,en,2026-08-01 15:48 UTC,"Transfermarkt · England Premier League/Championship/League One/League Two (fees & values are estimates, EUR)",€,Premier League|Championship|League One|League Two,Premier League,Leeds United,,,https://tmssl.akamaized.net//images/wappen/homepageSmall/399.png?lm=1645652224,in,,Joe Gelhardt,,,,,,,24,CF,Centre-Forward,England,https://tmssl.akamaized.net//images/flagge/tiny/189.png?lm=1520611569,Hull City,,loan-return,,€14.00m,14.0,End of loan,,
England,en,2026-08-01 15:48 UTC,"Transfermarkt · England Premier League/Championship/League One/League Two (fees & values are estimates, EUR)",€,Premier League|Championship|League One|League Two,Premier League,Leeds United,,,https://tmssl.akamaized.net//images/wappen/homepageSmall/399.png?lm=1645652224,in,,Isaac Schmidt,,,,,,,26,RB,Right-Back,Switzerland,https://tmssl.akamaized.net//images/flagge/tiny/148.png?lm=1520611569,Werder Bremen,,loan-return,,€2.20m,2.2,End of loan,,
England,en,2026-08-01 15:48 UTC,"Transfermarkt · England Premier League/Championship/League One/League Two (fees & values are estimates, EUR)",€,Premier League|Championship|League One|League Two,Premier League,Leeds United,,,https://tmssl.akamaized.net//images/wappen/homepageSmall/399.png?lm=1645652224,in,,Largie Ramazani,,,,,,,25,LW,Left Winger,Belgium,https://tmssl.akamaized.net//images/flagge/tiny/19.png?lm=1520611569,Valencia,,loan-return,,€8.00m,8.0,End of loan,,
England,en,2026-08-01 15:48 UTC,"Transfermarkt · England Premier League/Championship/League One/League Two (fees & values are estimates, EUR)",€,Premier League|Championship|League One|League Two,Premier League,Leeds United,,,https://tmssl.akamaized.net//images/wappen/homepageSmall/399.png?lm=1645652224,in,,Jack Harrison,,,,,,,29,LW,Left Winger,England,https://tmssl.akamaized.net//images/flagge/tiny/189.png?lm=1520611569,Fiorentina,,loan-return,,€6.50m,6.5,End of loan,,
England,en,2026-08-01 15:48 UTC,"Transfermarkt · England Premier League/Championship/League One/League Two (fees & values are estimates, EUR)",€,Premier League|Championship|League One|League Two,Premier League,Leeds United,,,https://tmssl.akamaized.net//images/wappen/homepageSmall/399.png?lm=1645652224,out,,Pascal Struijk,,,,,,,26,CB,Centre-Back,Netherlands,https://tmssl.akamaized.net//images/flagge/tiny/122.png?lm=1520611569,Brighton,,transfer,,€22.00m,22.0,€23.20m,23.2,
England,en,2026-08-01 15:48 UTC,"Transfermarkt · England Premier League/Championship/League One/League Two (fees & values are estimates, EUR)",€,Premier League|Championship|League One|League Two,Premier League,Leeds United,,,https://tmssl.akamaized.net//images/wappen/homepageSmall/399.png?lm=1645652224,out,,Isaac Schmidt,,,,,,,26,RB,Right-Back,Switzerland,https://tmssl.akamaized.net//images/flagge/tiny/148.png?lm=1520611569,Young Boys,,transfer,,€2.20m,2.2,€1.30m,1.3,
England,en,2026-08-01 15:48 UTC,"Transfermarkt · England Premier League/Championship/League One/League Two (fees & values are estimates, EUR)",€,Premier League|Championship|League One|League Two,Premier League,Leeds United,,,https://tmssl.akamaized.net//images/wappen/homepageSmall/399.png?lm=1645652224,out,,Jack Harrison,,,,,,,29,LW,Left Winger,England,https://tmssl.akamaized.net//images/flagge/tiny/189.png?lm=1520611569,New England,,transfer,,€6.50m,6.5,€1.00m,1.0,
England,en,2026-08-01 15:48 UTC,"Transfermarkt · England Premier League/Championship/League One/League Two (fees & values are estimates, EUR)",€,Premier League|Championship|League One|League Two,Premier League,Leeds United,,,https://tmssl.akamaized.net//images/wappen/homepageSmall/399.png?lm=1645652224,out,,Karl Darlow,,,,,,,35,GK,Goalkeeper,Wales,https://tmssl.akamaized.net//images/flagge/tiny/191.png?lm=1520611569,Man Utd,,free,,€200k,0.2,Free,0.0,
England,en,2026-08-01 15:48 UTC,"Transfermarkt · England Premier League/Championship/League One/League Two (fees & values are estimates, EUR)",€,Premier League|Championship|League One|League Two,Premier League,Leeds United,,,https://tmssl.akamaized.net//images/wappen/homepageSmall/399.png?lm=1645652224,out,,Illan Meslier,,,,,,,26,GK,Goalkeeper,France,https://tmssl.akamaized.net//images/flagge/tiny/50.png?lm=1520611569,Arsenal,,free,,€8.00m,8.0,Free,0.0,
England,en,2026-08-01 15:48 UTC,"Transfermarkt · England Premier League/Championship/League One/League Two (fees & values are estimates, EUR)",€,Premier League|Championship|League One|League Two,Premier League,Leeds United,,,https://tmssl.akamaized.net//images/wappen/homepageSmall/399.png?lm=1645652224,out,,Maximilian Wöber,,,,,,,28,CB,Centre-Back,Austria,https://tmssl.akamaized.net//images/flagge/tiny/127.png?lm=1520611569,FC Schalke 04,,free,,€3.00m,3.0,Free,0.0,
England,en,2026-08-01 15:48 UTC,"Transfermarkt · England Premier League/Championship/League One/League Two (fees & values are estimates, EUR)",€,Premier League|Championship|League One|League Two,Premier League,Leeds United,,,https://tmssl.akamaized.net//images/wappen/homepageSmall/399.png?lm=1645652224,out,,Facundo Buonanotte,,,,,,,21,AM,Attacking Midfield,Argentina,https://tmssl.akamaized.net//images/flagge/tiny/9.png?lm=1520611569,Brighton,,loan-return,,€12.00m,12.0,End of loan,,
England,en,2026-08-01 15:48 UTC,"Transfermarkt · England Premier League/Championship/League One/League Two (fees & values are estimates, EUR)",€,Premier League|Championship|League One|League Two,Premier League,Liverpool FC,,,https://tmssl.akamaized.net//images/wappen/homepageSmall/31.png?lm=1727873452,in,,Jérémy Jacquet,,,,,,,20,CB,Centre-Back,France,https://tmssl.akamaized.net//images/flagge/tiny/50.png?lm=1520611569,Stade Rennais,,transfer,,€55.00m,55.0,€63.60m,63.6,
England,en,2026-08-01 15:48 UTC,"Transfermarkt · England Premier League/Championship/League One/League Two (fees & values are estimates, EUR)",€,Premier League|Championship|League One|League Two,Premier League,Liverpool FC,,,https://tmssl.akamaized.net//images/wappen/homepageSmall/31.png?lm=1727873452,in,,Víctor Muñoz,,,,,,,22,LW,Left Winger,Spain,https://tmssl.akamaized.net//images/flagge/tiny/157.png?lm=1520611569,CA Osasuna,,transfer,,€30.00m,30.0,€40.00m,40.0,
England,en,2026-08-01 15:48 UTC,"Transfermarkt · England Premier League/Championship/League One/League Two (fees & values are estimates, EUR)",€,Premier League|Championship|League One|League Two,Premier League,Liverpool FC,,,https://tmssl.akamaized.net//images/wappen/homepageSmall/31.png?lm=1727873452,in,,Vitezslav Jaros,,,,,,,24,GK,Goalkeeper,Czech Republic,https://tmssl.akamaized.net//images/flagge/tiny/172.png?lm=1520611569,Ajax,,loan-return,,€5.00m,5.0,End of loan,,
England,en,2026-08-01 15:48 UTC,"Transfermarkt · England Premier League/Championship/League One/League Two (fees & values are estimates, EUR)",€,Premier League|Championship|League One|League Two,Premier League,Liverpool FC,,,https://tmssl.akamaized.net//images/wappen/homepageSmall/31.png?lm=1727873452,in,,Konstantinos Tsimikas,,,,,,,30,LB,Left-Back,Greece,https://tmssl.akamaized.net//images/flagge/tiny/56.png?lm=1520611569,Roma,,loan-return,,€4.50m,4.5,End of loan,,
England,en,2026-08-01 15:48 UTC,"Transfermarkt · England Premier League/Championship/League One/League Two (fees & values are estimates, EUR)",€,Premier League|Championship|League One|League Two,Premier League,Liverpool FC,,,https://tmssl.akamaized.net//images/wappen/homepageSmall/31.png?lm=1727873452,in,,Harvey Elliott,,,,,,,23,AM,Attacking Midfield,England,https://tmssl.akamaized.net//images/flagge/tiny/189.png?lm=1520611569,Aston Villa,,loan-return,,€20.00m,20.0,End of loan,,
England,en,2026-08-01 15:48 UTC,"Transfermarkt · England Premier League/Championship/League One/League Two (fees & values are estimates, EUR)",€,Premier League|Championship|League One|League Two,Premier League,Liverpool FC,,,https://tmssl.akamaized.net//images/wappen/homepageSmall/31.png?lm=1727873452,out,,Andrew Robertson,,,,,,,32,LB,Left-Back,Scotland,https://tmssl.akamaized.net//images/flagge/tiny/190.png?lm=1520611569,Tottenham,,free,,€7.00m,7.0,Free,0.0,
England,en,2026-08-01 15:48 UTC,"Transfermarkt · England Premier League/Championship/League One/League Two (fees & values are estimates, EUR)",€,Premier League|Championship|League One|League Two,Premier League,Liverpool FC,,,https://tmssl.akamaized.net//images/wappen/homepageSmall/31.png?lm=1727873452,out,,Ibrahima Konaté,,,,,,,27,CB,Centre-Back,France,https://tmssl.akamaized.net//images/flagge/tiny/50.png?lm=1520611569,Real Madrid,,free,,€45.00m,45.0,Free,0.0,
England,en,2026-08-01 15:48 UTC,"Transfermarkt · England Premier League/Championship/League One/League Two (fees & values are estimates, EUR)",€,Premier League|Championship|League One|League Two,Premier League,Liverpool FC,,,https://tmssl.akamaized.net//images/wappen/homepageSmall/31.png?lm=1727873452,out,,Ármin Pécsi,,,,,,,21,GK,Goalkeeper,Hungary,https://tmssl.akamaized.net//images/flagge/tiny/178.png?lm=1521635893,TSV Hartberg,,loan,,€800k,0.8,Loan,,
England,en,2026-08-01 15:48 UTC,"Transfermarkt · England Premier League/Championship/League One/League Two (fees & values are estimates, EUR)",€,Premier League|Championship|League One|League Two,Premier League,Liverpool FC,,,https://tmssl.akamaized.net//images/wappen/homepageSmall/31.png?lm=1727873452,out,,Mohamed Salah,,,,,,,34,RW,Right Winger,Egypt,https://tmssl.akamaized.net//images/flagge/tiny/2.png?lm=1520611569,Without Club,,other,,€22.00m,22.0,?,,
England,en,2026-08-01 15:48 UTC,"Transfermarkt · England Premier League/Championship/League One/League Two (fees & values are estimates, EUR)",€,Premier League|Championship|League One|League Two,Premier League,Liverpool FC,,,https://tmssl.akamaized.net//images/wappen/homepageSmall/31.png?lm=1727873452,out,,Rhys Williams,,,,,,,25,CB,Centre-Back,England,https://tmssl.akamaized.net//images/flagge/tiny/189.png?lm=1520611569,Without Club,,other,,€500k,0.5,?,,
England,en,2026-08-01 15:48 UTC,"Transfermarkt · England Premier League/Championship/League One/League Two (fees & values are estimates, EUR)",€,Premier League|Championship|League One|League Two,Premier League,Manchester City,,,https://tmssl.akamaized.net//images/wappen/homepageSmall/281.png?lm=1467356331,in,,Elliot Anderson,,,,,,,23,CM,Central Midfield,England,https://tmssl.akamaized.net//images/flagge/tiny/189.png?lm=1520611569,Nott'm Forest,,transfer,,€110.00m,110.0,€135.00m,135.0,
England,en,2026-08-01 15:48 UTC,"Transfermarkt · England Premier League/Championship/League One/League Two (fees & values are estimates, EUR)",€,Premier League|Championship|League One|League Two,Premier League,Manchester City,,,https://tmssl.akamaized.net//images/wappen/homepageSmall/281.png?lm=1467356331,in,,Mathys Detourbet,,,,,,,19,LW,Left Winger,France,https://tmssl.akamaized.net//images/flagge/tiny/50.png?lm=1520611569,Troyes,,transfer,,€15.00m,15.0,€25.00m,25.0,
England,en,2026-08-01 15:48 UTC,"Transfermarkt · England Premier League/Championship/League One/League Two (fees & values are estimates, EUR)",€,Premier League|Championship|League One|League Two,Premier League,Manchester City,,,https://tmssl.akamaized.net//images/wappen/homepageSmall/281.png?lm=1467356331,in,,Jeremy Monga,,,,,,,17,LW,Left Winger,England,https://tmssl.akamaized.net//images/flagge/tiny/189.png?lm=1520611569,Leicester,,transfer,,€15.00m,15.0,€11.70m,11.7,
England,en,2026-08-01 15:48 UTC,"Transfermarkt · England Premier League/Championship/League One/League Two (fees & values are estimates, EUR)",€,Premier League|Championship|League One|League Two,Premier League,Manchester City,,,https://tmssl.akamaized.net//images/wappen/homepageSmall/281.png?lm=1467356331,in,,Pierce Charles,,,,,,,20,GK,Goalkeeper,Northern Ireland,https://tmssl.akamaized.net//images/flagge/tiny/192.png?lm=1520611569,Sheff Wed,,transfer,,€900k,0.9,€3.50m,3.5,
England,en,2026-08-01 15:48 UTC,"Transfermarkt · England Premier League/Championship/League One/League Two (fees & values are estimates, EUR)",€,Premier League|Championship|League One|League Two,Premier League,Manchester City,,,https://tmssl.akamaized.net//images/wappen/homepageSmall/281.png?lm=1467356331,in,,Kalvin Phillips,,,,,,,30,DM,Defensive Midfield,England,https://tmssl.akamaized.net//images/flagge/tiny/189.png?lm=1520611569,Sheff Utd,,loan-return,,€2.50m,2.5,End of loan,,
England,en,2026-08-01 15:48 UTC,"Transfermarkt · England Premier League/Championship/League One/League Two (fees & values are estimates, EUR)",€,Premier League|Championship|League One|League Two,Premier League,Manchester City,,,https://tmssl.akamaized.net//images/wappen/homepageSmall/281.png?lm=1467356331,in,,Claudio Echeverri,,,,,,,20,AM,Attacking Midfield,Argentina,https://tmssl.akamaized.net//images/flagge/tiny/9.png?lm=1520611569,Girona,,loan-return,,€15.00m,15.0,End of loan,,
England,en,2026-08-01 15:48 UTC,"Transfermarkt · England Premier League/Championship/League One/League Two (fees & values are estimates, EUR)",€,Premier League|Championship|League One|League Two,Premier League,Manchester City,,,https://tmssl.akamaized.net//images/wappen/homepageSmall/281.png?lm=1467356331,in,,Josh Wilson-Esbrand,,,,,,,23,LB,Left-Back,England,https://tmssl.akamaized.net//images/flagge/tiny/189.png?lm=1520611569,Radomiak,,loan-return,,€2.50m,2.5,End of loan,,
England,en,2026-08-01 15:48 UTC,"Transfermarkt · England Premier League/Championship/League One/League Two (fees & values are estimates, EUR)",€,Premier League|Championship|League One|League Two,Premier League,Manchester City,,,https://tmssl.akamaized.net//images/wappen/homepageSmall/281.png?lm=1467356331,in,,Issa Kaboré,,,,,,,25,RB,Right-Back,Burkina Faso,https://tmssl.akamaized.net//images/flagge/tiny/29.png?lm=1520611569,Wrexham,,loan-return,,€4.00m,4.0,End of loan,,
England,en,2026-08-01 15:48 UTC,"Transfermarkt · England Premier League/Championship/League One/League Two (fees & values are estimates, EUR)",€,Premier League|Championship|League One|League Two,Premier League,Manchester City,,,https://tmssl.akamaized.net//images/wappen/homepageSmall/281.png?lm=1467356331,in,,Pierce Charles,,,,,,,21,GK,Goalkeeper,Northern Ireland,https://tmssl.akamaized.net//images/flagge/tiny/192.png?lm=1520611569,QPR,,loan-return,,€900k,0.9,End of loan,,
England,en,2026-08-01 15:48 UTC,"Transfermarkt · England Premier League/Championship/League One/League Two (fees & values are estimates, EUR)",€,Premier League|Championship|League One|League Two,Premier League,Manchester City,,,https://tmssl.akamaized.net//images/wappen/homepageSmall/281.png?lm=1467356331,in,,Manuel Akanji,,,,,,,30,CB,Centre-Back,Switzerland,https://tmssl.akamaized.net//images/flagge/tiny/148.png?lm=1520611569,Inter,,loan-return,,€17.00m,17.0,End of loan,,
England,en,2026-08-01 15:48 UTC,"Transfermarkt · England Premier League/Championship/League One/League Two (fees & values are estimates, EUR)",€,Premier League|Championship|League One|League Two,Premier League,Manchester City,,,https://tmssl.akamaized.net//images/wappen/homepageSmall/281.png?lm=1467356331,in,,Vitor Reis,,,,,,,20,CB,Centre-Back,Brazil,https://tmssl.akamaized.net//images/flagge/tiny/26.png?lm=1520611569,Girona,,loan-return,,€30.00m,30.0,End of loan,,
England,en,2026-08-01 15:48 UTC,"Transfermarkt · England Premier League/Championship/League One/League Two (fees & values are estimates, EUR)",€,Premier League|Championship|League One|League Two,Premier League,Manchester City,,,https://tmssl.akamaized.net//images/wappen/homepageSmall/281.png?lm=1467356331,in,,Juma Bah,,,,,,,20,CB,Centre-Back,Sierra Leone,https://tmssl.akamaized.net//images/flagge/tiny/152.png?lm=1520611569,Nice,,loan-return,,€10.00m,10.0,End of loan,,
England,en,2026-08-01 15:48 UTC,"Transfermarkt · England Premier League/Championship/League One/League Two (fees & values are estimates, EUR)",€,Premier League|Championship|League One|League Two,Premier League,Manchester City,,,https://tmssl.akamaized.net//images/wappen/homepageSmall/281.png?lm=1467356331,out,,Manuel Akanji,,,,,,,30,CB,Centre-Back,Switzerland,https://tmssl.akamaized.net//images/flagge/tiny/148.png?lm=1520611569,Inter,,transfer,,€17.00m,17.0,€15.00m,15.0,
England,en,2026-08-01 15:48 UTC,"Transfermarkt · England Premier League/Championship/League One/League Two (fees & values are estimates, EUR)",€,Premier League|Championship|League One|League Two,Premier League,Manchester City,,,https://tmssl.akamaized.net//images/wappen/homepageSmall/281.png?lm=1467356331,out,,Nathan Aké,,,,,,,31,CB,Centre-Back,Netherlands,https://tmssl.akamaized.net//images/flagge/tiny/122.png?lm=1520611569,Fenerbahçe,,transfer,,€12.00m,12.0,€8.17m,8.17,
England,en,2026-08-01 15:48 UTC,"Transfermarkt · England Premier League/Championship/League One/League Two (fees & values are estimates, EUR)",€,Premier League|Championship|League One|League Two,Premier League,Manchester City,,,https://tmssl.akamaized.net//images/wappen/homepageSmall/281.png?lm=1467356331,out,,John Stones,,,,,,,32,CB,Centre-Back,England,https://tmssl.akamaized.net//images/flagge/tiny/189.png?lm=1520611569,Inter,,free,,€12.00m,12.0,Free,0.0,
England,en,2026-08-01 15:48 UTC,"Transfermarkt · England Premier League/Championship/League One/League Two (fees & values are estimates, EUR)",€,Premier League|Championship|League One|League Two,Premier League,Manchester City,,,https://tmssl.akamaized.net//images/wappen/homepageSmall/281.png?lm=1467356331,out,,Bernardo Silva,,,,,,,31,AM,Attacking Midfield,Portugal,https://tmssl.akamaized.net//images/flagge/tiny/136.png?lm=1520611569,Real Madrid,,free,,€22.00m,22.0,Free,0.0,
England,en,2026-08-01 15:48 UTC,"Transfermarkt · England Premier League/Championship/League One/League Two (fees & values are estimates, EUR)",€,Premier League|Championship|League One|League Two,Premier League,Manchester City,,,https://tmssl.akamaized.net//images/wappen/homepageSmall/281.png?lm=1467356331,out,,Mathys Detourbet,,,,,,,19,LW,Left Winger,France,https://tmssl.akamaized.net//images/flagge/tiny/50.png?lm=1520611569,Monaco,,loan,,€15.00m,15.0,Loan,,
England,en,2026-08-01 15:48 UTC,"Transfermarkt · England Premier League/Championship/League One/League Two (fees & values are estimates, EUR)",€,Premier League|Championship|League One|League Two,Premier League,Manchester City,,,https://tmssl.akamaized.net//images/wappen/homepageSmall/281.png?lm=1467356331,out,,Sverre Nypan,,,,,,,19,CM,Central Midfield,Norway,https://tmssl.akamaized.net//images/flagge/tiny/125.png?lm=1520611569,Lommel SK,,loan,,€13.00m,13.0,Loan,,
England,en,2026-08-01 15:48 UTC,"Transfermarkt · England Premier League/Championship/League One/League Two (fees & values are estimates, EUR)",€,Premier League|Championship|League One|League Two,Premier League,Manchester City,,,https://tmssl.akamaized.net//images/wappen/homepageSmall/281.png?lm=1467356331,out,,Pierce Charles,,,,,,,20,GK,Goalkeeper,Northern Ireland,https://tmssl.akamaized.net//images/flagge/tiny/192.png?lm=1520611569,QPR,,loan,,€900k,0.9,Loan,,
England,en,2026-08-01 15:48 UTC,"Transfermarkt · England Premier League/Championship/League One/League Two (fees & values are estimates, EUR)",€,Premier League|Championship|League One|League Two,Premier League,Manchester United,,,https://tmssl.akamaized.net//images/wappen/homepageSmall/985.png?lm=1457975903,in,,Andrey Santos,,,,,,,22,DM,Defensive Midfield,Brazil,https://tmssl.akamaized.net//images/flagge/tiny/26.png?lm=1520611569,Chelsea,,transfer,,€40.00m,40.0,€56.30m,56.3,
England,en,2026-08-01 15:48 UTC,"Transfermarkt · England Premier League/Championship/League One/League Two (fees & values are estimates, EUR)",€,Premier League|Championship|League One|League Two,Premier League,Manchester United,,,https://tmssl.akamaized.net//images/wappen/homepageSmall/985.png?lm=1457975903,in,,Youri Tielemans,,,,,,,29,CM,Central Midfield,Belgium,https://tmssl.akamaized.net//images/flagge/tiny/19.png?lm=1520611569,Aston Villa,,transfer,,€30.00m,30.0,€41.00m,41.0,
England,en,2026-08-01 15:48 UTC,"Transfermarkt · England Premier League/Championship/League One/League Two (fees & values are estimates, EUR)",€,Premier League|Championship|League One|League Two,Premier League,Manchester United,,,https://tmssl.akamaized.net//images/wappen/homepageSmall/985.png?lm=1457975903,in,,Karl Darlow,,,,,,,35,GK,Goalkeeper,Wales,https://tmssl.akamaized.net//images/flagge/tiny/191.png?lm=1520611569,Leeds,,free,,€200k,0.2,Free,0.0,
England,en,2026-08-01 15:48 UTC,"Transfermarkt · England Premier League/Championship/League One/League Two (fees & values are estimates, EUR)",€,Premier League|Championship|League One|League Two,Premier League,Manchester United,,,https://tmssl.akamaized.net//images/wappen/homepageSmall/985.png?lm=1457975903,in,,Shea Lacey,,,,,,,19,RW,Right Winger,England,https://tmssl.akamaized.net//images/flagge/tiny/189.png?lm=1520611569,Man Utd U21,,promotion,,€5.00m,5.0,Promotion,,
England,en,2026-08-01 15:48 UTC,"Transfermarkt · England Premier League/Championship/League One/League Two (fees & values are estimates, EUR)",€,Premier League|Championship|League One|League Two,Premier League,Manchester United,,,https://tmssl.akamaized.net//images/wappen/homepageSmall/985.png?lm=1457975903,in,,Dermot Mee,,,,,,,23,GK,Goalkeeper,Northern Ireland,https://tmssl.akamaized.net//images/flagge/tiny/192.png?lm=1520611569,Man Utd U21,,promotion,,?,,Promotion,,
England,en,2026-08-01 15:48 UTC,"Transfermarkt · England Premier League/Championship/League One/League Two (fees & values are estimates, EUR)",€,Premier League|Championship|League One|League Two,Premier League,Manchester United,,,https://tmssl.akamaized.net//images/wappen/homepageSmall/985.png?lm=1457975903,in,,Jack Fletcher,,,,,,,19,AM,Attacking Midfield,England,https://tmssl.akamaized.net//images/flagge/tiny/189.png?lm=1520611569,Man Utd U21,,promotion,,€1.50m,1.5,Promotion,,
England,en,2026-08-01 15:48 UTC,"Transfermarkt · England Premier League/Championship/League One/League Two (fees & values are estimates, EUR)",€,Premier League|Championship|League One|League Two,Premier League,Manchester United,,,https://tmssl.akamaized.net//images/wappen/homepageSmall/985.png?lm=1457975903,in,,Tyler Fletcher,,,,,,,19,CM,Central Midfield,Scotland,https://tmssl.akamaized.net//images/flagge/tiny/190.png?lm=1520611569,Man Utd U21,,promotion,,€1.50m,1.5,Promotion,,
England,en,2026-08-01 15:48 UTC,"Transfermarkt · England Premier League/Championship/League One/League Two (fees & values are estimates, EUR)",€,Premier League|Championship|League One|League Two,Premier League,Manchester United,,,https://tmssl.akamaized.net//images/wappen/homepageSmall/985.png?lm=1457975903,in,,Toby Collyer,,,,,,,22,DM,Defensive Midfield,England,https://tmssl.akamaized.net//images/flagge/tiny/189.png?lm=1520611569,Hull City,,loan-return,,€5.00m,5.0,End of loan,,
England,en,2026-08-01 15:48 UTC,"Transfermarkt · England Premier League/Championship/League One/League Two (fees & values are estimates, EUR)",€,Premier League|Championship|League One|League Two,Premier League,Manchester United,,,https://tmssl.akamaized.net//images/wappen/homepageSmall/985.png?lm=1457975903,in,,Harry Amass,,,,,,,19,LB,Left-Back,England,https://tmssl.akamaized.net//images/flagge/tiny/189.png?lm=1520611569,Norwich,,loan-return,,€7.00m,7.0,End of loan,,
England,en,2026-08-01 15:48 UTC,"Transfermarkt · England Premier League/Championship/League One/League Two (fees & values are estimates, EUR)",€,Premier League|Championship|League One|League Two,Premier League,Manchester United,,,https://tmssl.akamaized.net//images/wappen/homepageSmall/985.png?lm=1457975903,in,,Jadon Sancho,,,,,,,26,LW,Left Winger,England,https://tmssl.akamaized.net//images/flagge/tiny/189.png?lm=1520611569,Aston Villa,,loan-return,,€18.00m,18.0,End of loan,,
England,en,2026-08-01 15:48 UTC,"Transfermarkt · England Premier League/Championship/League One/League Two (fees & values are estimates, EUR)",€,Premier League|Championship|League One|League Two,Premier League,Manchester United,,,https://tmssl.akamaized.net//images/wappen/homepageSmall/985.png?lm=1457975903,in,,Rasmus Højlund,,,,,,,23,CF,Centre-Forward,Denmark,https://tmssl.akamaized.net//images/flagge/tiny/39.png?lm=1520611569,Napoli,,loan-return,,€60.00m,60.0,End of loan,,
England,en,2026-08-01 15:48 UTC,"Transfermarkt · England Premier League/Championship/League One/League Two (fees & values are estimates, EUR)",€,Premier League|Championship|League One|League Two,Premier League,Manchester United,,,https://tmssl.akamaized.net//images/wappen/homepageSmall/985.png?lm=1457975903,in,,Radek Vítek,,,,,,,22,GK,Goalkeeper,Czech Republic,https://tmssl.akamaized.net//images/flagge/tiny/172.png?lm=1520611569,Bristol City,,loan-return,,€6.00m,6.0,End of loan,,
England,en,2026-08-01 15:48 UTC,"Transfermarkt · England Premier League/Championship/League One/League Two (fees & values are estimates, EUR)",€,Premier League|Championship|League One|League Two,Premier League,Manchester United,,,https://tmssl.akamaized.net//images/wappen/homepageSmall/985.png?lm=1457975903,in,,Marcus Rashford,,,,,,,28,LW,Left Winger,England,https://tmssl.akamaized.net//images/flagge/tiny/189.png?lm=1520611569,Barcelona,,loan-return,,€40.00m,40.0,End of loan,,
England,en,2026-08-01 15:48 UTC,"Transfermarkt · England Premier League/Championship/League One/League Two (fees & values are estimates, EUR)",€,Premier League|Championship|League One|League Two,Premier League,Manchester United,,,https://tmssl.akamaized.net//images/wappen/homepageSmall/985.png?lm=1457975903,out,,Rasmus Højlund,,,,,,,23,CF,Centre-Forward,Denmark,https://tmssl.akamaized.net//images/flagge/tiny/39.png?lm=1520611569,Napoli,,transfer,,€60.00m,60.0,€44.00m,44.0,
England,en,2026-08-01 15:48 UTC,"Transfermarkt · England Premier League/Championship/League One/League Two (fees & values are estimates, EUR)",€,Premier League|Championship|League One|League Two,Premier League,Manchester United,,,https://tmssl.akamaized.net//images/wappen/homepageSmall/985.png?lm=1457975903,out,,Casemiro,,,,,,,34,DM,Defensive Midfield,Brazil,https://tmssl.akamaized.net//images/flagge/tiny/26.png?lm=1520611569,Miami,,free,,€6.00m,6.0,Free,0.0,
England,en,2026-08-01 15:48 UTC,"Transfermarkt · England Premier League/Championship/League One/League Two (fees & values are estimates, EUR)",€,Premier League|Championship|League One|League Two,Premier League,Manchester United,,,https://tmssl.akamaized.net//images/wappen/homepageSmall/985.png?lm=1457975903,out,,Tyler Fredricson,,,,,,,21,CB,Centre-Back,England,https://tmssl.akamaized.net//images/flagge/tiny/189.png?lm=1520611569,Lausanne-Sport,,other,,€3.00m,3.0,?,,
England,en,2026-08-01 15:48 UTC,"Transfermarkt · England Premier League/Championship/League One/League Two (fees & values are estimates, EUR)",€,Premier League|Championship|League One|League Two,Premier League,Manchester United,,,https://tmssl.akamaized.net//images/wappen/homepageSmall/985.png?lm=1457975903,out,,Tyrell Malacia,,,,,,,26,LB,Left-Back,Netherlands,https://tmssl.akamaized.net//images/flagge/tiny/122.png?lm=1520611569,Without Club,,other,,€4.00m,4.0,?,,
England,en,2026-08-01 15:48 UTC,"Transfermarkt · England Premier League/Championship/League One/League Two (fees & values are estimates, EUR)",€,Premier League|Championship|League One|League Two,Premier League,Manchester United,,,https://tmssl.akamaized.net//images/wappen/homepageSmall/985.png?lm=1457975903,out,,Chido Obi,,,,,,,18,CF,Centre-Forward,Denmark,https://tmssl.akamaized.net//images/flagge/tiny/39.png?lm=1520611569,Man Utd U21,,other,,€5.00m,5.0,?,,
England,en,2026-08-01 15:48 UTC,"Transfermarkt · England Premier League/Championship/League One/League Two (fees & values are estimates, EUR)",€,Premier League|Championship|League One|League Two,Premier League,Manchester United,,,https://tmssl.akamaized.net//images/wappen/homepageSmall/985.png?lm=1457975903,out,,Jadon Sancho,,,,,,,26,LW,Left Winger,England,https://tmssl.akamaized.net//images/flagge/tiny/189.png?lm=1520611569,Without Club,,other,,€18.00m,18.0,?,,
England,en,2026-08-01 15:48 UTC,"Transfermarkt · England Premier League/Championship/League One/League Two (fees & values are estimates, EUR)",€,Premier League|Championship|League One|League Two,Premier League,Newcastle United,,,https://tmssl.akamaized.net//images/wappen/homepageSmall/762.png?lm=1472921161,in,,Bazoumana Touré,,,,,,,20,LW,Left Winger,Cote d'Ivoire,https://tmssl.akamaized.net//images/flagge/tiny/38.png?lm=1520611569,Hoffenheim,,transfer,,€40.00m,40.0,€50.00m,50.0,
England,en,2026-08-01 15:48 UTC,"Transfermarkt · England Premier League/Championship/League One/League Two (fees & values are estimates, EUR)",€,Premier League|Championship|League One|League Two,Premier League,Newcastle United,,,https://tmssl.akamaized.net//images/wappen/homepageSmall/762.png?lm=1472921161,in,,Aladji Bamba,,,,,,,20,DM,Defensive Midfield,France,https://tmssl.akamaized.net//images/flagge/tiny/50.png?lm=1520611569,Monaco,,transfer,,€18.00m,18.0,€35.50m,35.5,
England,en,2026-08-01 15:48 UTC,"Transfermarkt · England Premier League/Championship/League One/League Two (fees & values are estimates, EUR)",€,Premier League|Championship|League One|League Two,Premier League,Newcastle United,,,https://tmssl.akamaized.net//images/wappen/homepageSmall/762.png?lm=1472921161,in,,Sean Steur,,,,,,,18,CM,Central Midfield,Netherlands,https://tmssl.akamaized.net//images/flagge/tiny/122.png?lm=1520611569,Ajax,,transfer,,€7.00m,7.0,€23.50m,23.5,
England,en,2026-08-01 15:48 UTC,"Transfermarkt · England Premier League/Championship/League One/League Two (fees & values are estimates, EUR)",€,Premier League|Championship|League One|League Two,Premier League,Newcastle United,,,https://tmssl.akamaized.net//images/wappen/homepageSmall/762.png?lm=1472921161,in,,Ewen Jaouen,,,,,,,20,GK,Goalkeeper,France,https://tmssl.akamaized.net//images/flagge/tiny/50.png?lm=1520611569,Stade Reims,,transfer,,€12.00m,12.0,€21.50m,21.5,
England,en,2026-08-01 15:48 UTC,"Transfermarkt · England Premier League/Championship/League One/League Two (fees & values are estimates, EUR)",€,Premier League|Championship|League One|League Two,Premier League,Newcastle United,,,https://tmssl.akamaized.net//images/wappen/homepageSmall/762.png?lm=1472921161,in,,Aidan Harris,,,,,,,19,GK,Goalkeeper,England,https://tmssl.akamaized.net//images/flagge/tiny/189.png?lm=1520611569,Newcastle U21,,promotion,,€200k,0.2,Promotion,,
England,en,2026-08-01 15:48 UTC,"Transfermarkt · England Premier League/Championship/League One/League Two (fees & values are estimates, EUR)",€,Premier League|Championship|League One|League Two,Premier League,Newcastle United,,,https://tmssl.akamaized.net//images/wappen/homepageSmall/762.png?lm=1472921161,in,,Leo Shahar,,,,,,,19,RB,Right-Back,England,https://tmssl.akamaized.net//images/flagge/tiny/189.png?lm=1520611569,Newcastle U21,,promotion,,?,,Promotion,,
England,en,2026-08-01 15:48 UTC,"Transfermarkt · England Premier League/Championship/League One/League Two (fees & values are estimates, EUR)",€,Premier League|Championship|League One|League Two,Premier League,Newcastle United,,,https://tmssl.akamaized.net//images/wappen/homepageSmall/762.png?lm=1472921161,in,,Joe White,,,,,,,23,AM,Attacking Midfield,England,https://tmssl.akamaized.net//images/flagge/tiny/189.png?lm=1520611569,Bradford,,loan-return,,€200k,0.2,End of loan,,
England,en,2026-08-01 15:48 UTC,"Transfermarkt · England Premier League/Championship/League One/League Two (fees & values are estimates, EUR)",€,Premier League|Championship|League One|League Two,Premier League,Newcastle United,,,https://tmssl.akamaized.net//images/wappen/homepageSmall/762.png?lm=1472921161,in,,Harrison Ashby,,,,,,,25,RB,Right-Back,Scotland,https://tmssl.akamaized.net//images/flagge/tiny/190.png?lm=1520611569,Luton,,loan-return,,€1.20m,1.2,End of loan,,
England,en,2026-08-01 15:48 UTC,"Transfermarkt · England Premier League/Championship/League One/League Two (fees & values are estimates, EUR)",€,Premier League|Championship|League One|League Two,Premier League,Newcastle United,,,https://tmssl.akamaized.net//images/wappen/homepageSmall/762.png?lm=1472921161,out,,Sandro Tonali,,,,,,,26,DM,Defensive Midfield,Italy,https://tmssl.akamaized.net//images/flagge/tiny/75.png?lm=1520611569,Tottenham,,transfer,,€80.00m,80.0,€108.00m,108.0,
England,en,2026-08-01 15:48 UTC,"Transfermarkt · England Premier League/Championship/League One/League Two (fees & values are estimates, EUR)",€,Premier League|Championship|League One|League Two,Premier League,Newcastle United,,,https://tmssl.akamaized.net//images/wappen/homepageSmall/762.png?lm=1472921161,out,,Anthony Gordon,,,,,,,25,LW,Left Winger,England,https://tmssl.akamaized.net//images/flagge/tiny/189.png?lm=1520611569,Barcelona,,transfer,,€65.00m,65.0,€80.00m,80.0,
England,en,2026-08-01 15:48 UTC,"Transfermarkt · England Premier League/Championship/League One/League Two (fees & values are estimates, EUR)",€,Premier League|Championship|League One|League Two,Premier League,Newcastle United,,,https://tmssl.akamaized.net//images/wappen/homepageSmall/762.png?lm=1472921161,out,,Matt Targett,,,,,,,30,LB,Left-Back,England,https://tmssl.akamaized.net//images/flagge/tiny/189.png?lm=1520611569,Hull City,,free,,€3.00m,3.0,Free,0.0,
England,en,2026-08-01 15:48 UTC,"Transfermarkt · England Premier League/Championship/League One/League Two (fees & values are estimates, EUR)",€,Premier League|Championship|League One|League Two,Premier League,Newcastle United,,,https://tmssl.akamaized.net//images/wappen/homepageSmall/762.png?lm=1472921161,out,,Kieran Trippier,,,,,,,35,RB,Right-Back,England,https://tmssl.akamaized.net//images/flagge/tiny/189.png?lm=1520611569,Wolves,,free,,€1.50m,1.5,Free,0.0,
England,en,2026-08-01 15:48 UTC,"Transfermarkt · England Premier League/Championship/League One/League Two (fees & values are estimates, EUR)",€,Premier League|Championship|League One|League Two,Premier League,Newcastle United,,,https://tmssl.akamaized.net//images/wappen/homepageSmall/762.png?lm=1472921161,out,,Joe White,,,,,,,23,AM,Attacking Midfield,England,https://tmssl.akamaized.net//images/flagge/tiny/189.png?lm=1520611569,Crewe Alexandra,,other,,€200k,0.2,?,,
England,en,2026-08-01 15:48 UTC,"Transfermarkt · England Premier League/Championship/League One/League Two (fees & values are estimates, EUR)",€,Premier League|Championship|League One|League Two,Premier League,Newcastle United,,,https://tmssl.akamaized.net//images/wappen/homepageSmall/762.png?lm=1472921161,out,,Harrison Ashby,,,,,,,24,RB,Right-Back,Scotland,https://tmssl.akamaized.net//images/flagge/tiny/190.png?lm=1520611569,Luton,,loan,,€1.20m,1.2,Loan,,
England,en,2026-08-01 15:48 UTC,"Transfermarkt · England Premier League/Championship/League One/League Two (fees & values are estimates, EUR)",€,Premier League|Championship|League One|League Two,Premier League,Newcastle United,,,https://tmssl.akamaized.net//images/wappen/homepageSmall/762.png?lm=1472921161,out,,John Ruddy,,,,,,,39,GK,Goalkeeper,England,https://tmssl.akamaized.net//images/flagge/tiny/189.png?lm=1520611569,Without Club,,other,,€100k,0.1,?,,
England,en,2026-08-01 15:48 UTC,"Transfermarkt · England Premier League/Championship/League One/League Two (fees & values are estimates, EUR)",€,Premier League|Championship|League One|League Two,Premier League,Newcastle United,,,https://tmssl.akamaized.net//images/wappen/homepageSmall/762.png?lm=1472921161,out,,Emil Krafth,,,,,,,31,RB,Right-Back,Sweden,https://tmssl.akamaized.net//images/flagge/tiny/147.png?lm=1520611569,Without Club,,other,,€750k,0.75,?,,
England,en,2026-08-01 15:48 UTC,"Transfermarkt · England Premier League/Championship/League One/League Two (fees & values are estimates, EUR)",€,Premier League|Championship|League One|League Two,Premier League,Newcastle United,,,https://tmssl.akamaized.net//images/wappen/homepageSmall/762.png?lm=1472921161,out,,Aaron Ramsdale,,,,,,,28,GK,Goalkeeper,England,https://tmssl.akamaized.net//images/flagge/tiny/189.png?lm=1520611569,Southampton,,loan-return,,€12.00m,12.0,End of loan,,
England,en,2026-08-01 15:48 UTC,"Transfermarkt · England Premier League/Championship/League One/League Two (fees & values are estimates, EUR)",€,Premier League|Championship|League One|League Two,Premier League,Nottingham Forest,,,https://tmssl.akamaized.net//images/wappen/homepageSmall/703.png?lm=1598890289,in,,Gustavo Sá,,,,,,,21,AM,Attacking Midfield,Portugal,https://tmssl.akamaized.net//images/flagge/tiny/136.png?lm=1520611569,Famalicão,,transfer,,€25.00m,25.0,€20.00m,20.0,
England,en,2026-08-01 15:48 UTC,"Transfermarkt · England Premier League/Championship/League One/League Two (fees & values are estimates, EUR)",€,Premier League|Championship|League One|League Two,Premier League,Nottingham Forest,,,https://tmssl.akamaized.net//images/wappen/homepageSmall/703.png?lm=1598890289,in,,Xaver Schlager,,,,,,,28,CM,Central Midfield,Austria,https://tmssl.akamaized.net//images/flagge/tiny/127.png?lm=1520611569,Leipzig,,free,,€10.00m,10.0,Free,0.0,
England,en,2026-08-01 15:48 UTC,"Transfermarkt · England Premier League/Championship/League One/League Two (fees & values are estimates, EUR)",€,Premier League|Championship|League One|League Two,Premier League,Nottingham Forest,,,https://tmssl.akamaized.net//images/wappen/homepageSmall/703.png?lm=1598890289,in,,Tyler Bindon,,,,,,,21,CB,Centre-Back,New Zealand,https://tmssl.akamaized.net//images/flagge/tiny/120.png?lm=1520611569,Sheff Utd,,loan-return,,€3.50m,3.5,End of loan,,
England,en,2026-08-01 15:48 UTC,"Transfermarkt · England Premier League/Championship/League One/League Two (fees & values are estimates, EUR)",€,Premier League|Championship|League One|League Two,Premier League,Nottingham Forest,,,https://tmssl.akamaized.net//images/wappen/homepageSmall/703.png?lm=1598890289,in,,David Carmo,,,,,,,26,CB,Centre-Back,Angola,https://tmssl.akamaized.net//images/flagge/tiny/6.png?lm=1520611569,Real Oviedo,,loan-return,,€5.00m,5.0,End of loan,,
England,en,2026-08-01 15:48 UTC,"Transfermarkt · England Premier League/Championship/League One/League Two (fees & values are estimates, EUR)",€,Premier League|Championship|League One|League Two,Premier League,Nottingham Forest,,,https://tmssl.akamaized.net//images/wappen/homepageSmall/703.png?lm=1598890289,in,,Omar Richards,,,,,,,28,LB,Left-Back,England,https://tmssl.akamaized.net//images/flagge/tiny/189.png?lm=1520611569,Rio Ave,,loan-return,,€2.00m,2.0,End of loan,,
England,en,2026-08-01 15:48 UTC,"Transfermarkt · England Premier League/Championship/League One/League Two (fees & values are estimates, EUR)",€,Premier League|Championship|League One|League Two,Premier League,Nottingham Forest,,,https://tmssl.akamaized.net//images/wappen/homepageSmall/703.png?lm=1598890289,in,,Jota Silva,,,,,,,26,LW,Left Winger,Portugal,https://tmssl.akamaized.net//images/flagge/tiny/136.png?lm=1520611569,Besiktas,,loan-return,,€10.00m,10.0,End of loan,,
England,en,2026-08-01 15:48 UTC,"Transfermarkt · England Premier League/Championship/League One/League Two (fees & values are estimates, EUR)",€,Premier League|Championship|League One|League Two,Premier League,Nottingham Forest,,,https://tmssl.akamaized.net//images/wappen/homepageSmall/703.png?lm=1598890289,in,,Arnaud Kalimuendo,,,,,,,24,CF,Centre-Forward,France,https://tmssl.akamaized.net//images/flagge/tiny/50.png?lm=1520611569,Frankfurt,,loan-return,,€25.00m,25.0,End of loan,,
England,en,2026-08-01 15:48 UTC,"Transfermarkt · England Premier League/Championship/League One/League Two (fees & values are estimates, EUR)",€,Premier League|Championship|League One|League Two,Premier League,Nottingham Forest,,,https://tmssl.akamaized.net//images/wappen/homepageSmall/703.png?lm=1598890289,in,,Cuiabano,,,,,,,23,LB,Left-Back,Brazil,https://tmssl.akamaized.net//images/flagge/tiny/26.png?lm=1520611569,Vasco da Gama,,loan-return,,€10.00m,10.0,End of loan,,
England,en,2026-08-01 15:48 UTC,"Transfermarkt · England Premier League/Championship/League One/League Two (fees & values are estimates, EUR)",€,Premier League|Championship|League One|League Two,Premier League,Nottingham Forest,,,https://tmssl.akamaized.net//images/wappen/homepageSmall/703.png?lm=1598890289,out,,Elliot Anderson,,,,,,,23,CM,Central Midfield,England,https://tmssl.akamaized.net//images/flagge/tiny/189.png?lm=1520611569,Man City,,transfer,,€110.00m,110.0,€135.00m,135.0,
England,en,2026-08-01 15:48 UTC,"Transfermarkt · England Premier League/Championship/League One/League Two (fees & values are estimates, EUR)",€,Premier League|Championship|League One|League Two,Premier League,Nottingham Forest,,,https://tmssl.akamaized.net//images/wappen/homepageSmall/703.png?lm=1598890289,out,,David Carmo,,,,,,,26,CB,Centre-Back,Angola,https://tmssl.akamaized.net//images/flagge/tiny/6.png?lm=1520611569,Olympiacos,,transfer,,€5.00m,5.0,€9.00m,9.0,
England,en,2026-08-01 15:48 UTC,"Transfermarkt · England Premier League/Championship/League One/League Two (fees & values are estimates, EUR)",€,Premier League|Championship|League One|League Two,Premier League,Nottingham Forest,,,https://tmssl.akamaized.net//images/wappen/homepageSmall/703.png?lm=1598890289,out,,Angus Gunn,,,,,,,30,GK,Goalkeeper,Scotland,https://tmssl.akamaized.net//images/flagge/tiny/190.png?lm=1520611569,SJ Earthquakes,,free,,€1.00m,1.0,Free,0.0,
England,en,2026-08-01 15:48 UTC,"Transfermarkt · England Premier League/Championship/League One/League Two (fees & values are estimates, EUR)",€,Premier League|Championship|League One|League Two,Premier League,Nottingham Forest,,,https://tmssl.akamaized.net//images/wappen/homepageSmall/703.png?lm=1598890289,out,,Stefan Ortega,,,,,,,33,GK,Goalkeeper,Germany,https://tmssl.akamaized.net//images/flagge/tiny/40.png?lm=1520612525,Olympiacos,,free,,€4.00m,4.0,Free,0.0,
England,en,2026-08-01 15:48 UTC,"Transfermarkt · England Premier League/Championship/League One/League Two (fees & values are estimates, EUR)",€,Premier League|Championship|League One|League Two,Premier League,Nottingham Forest,,,https://tmssl.akamaized.net//images/wappen/homepageSmall/703.png?lm=1598890289,out,,Jota Silva,,,,,,,26,LW,Left Winger,Portugal,https://tmssl.akamaized.net//images/flagge/tiny/136.png?lm=1520611569,Olympiacos,,loan,,€10.00m,10.0,Loan,,
England,en,2026-08-01 15:48 UTC,"Transfermarkt · England Premier League/Championship/League One/League Two (fees & values are estimates, EUR)",€,Premier League|Championship|League One|League Two,Premier League,Nottingham Forest,,,https://tmssl.akamaized.net//images/wappen/homepageSmall/703.png?lm=1598890289,out,,Gustavo Sá,,,,,,,21,AM,Attacking Midfield,Portugal,https://tmssl.akamaized.net//images/flagge/tiny/136.png?lm=1520611569,Olympiacos,,loan,,€25.00m,25.0,Loan,,
England,en,2026-08-01 15:48 UTC,"Transfermarkt · England Premier League/Championship/League One/League Two (fees & values are estimates, EUR)",€,Premier League|Championship|League One|League Two,Premier League,Nottingham Forest,,,https://tmssl.akamaized.net//images/wappen/homepageSmall/703.png?lm=1598890289,out,,Willy Boly,,,,,,,35,CB,Centre-Back,Cote d'Ivoire,https://tmssl.akamaized.net//images/flagge/tiny/38.png?lm=1520611569,Without Club,,other,,€300k,0.3,?,,
England,en,2026-08-01 15:48 UTC,"Transfermarkt · England Premier League/Championship/League One/League Two (fees & values are estimates, EUR)",€,Premier League|Championship|League One|League Two,Premier League,Nottingham Forest,,,https://tmssl.akamaized.net//images/wappen/homepageSmall/703.png?lm=1598890289,out,,Lorenzo Lucca,,,,,,,25,CF,Centre-Forward,Italy,https://tmssl.akamaized.net//images/flagge/tiny/75.png?lm=1520611569,Napoli,,loan-return,,€20.00m,20.0,End of loan,,
England,en,2026-08-01 15:48 UTC,"Transfermarkt · England Premier League/Championship/League One/League Two (fees & values are estimates, EUR)",€,Premier League|Championship|League One|League Two,Premier League,Sunderland AFC,,,https://tmssl.akamaized.net//images/wappen/homepageSmall/289.png?lm=1485645633,in,,Thomas Meunier,,,,,,,34,RB,Right-Back,Belgium,https://tmssl.akamaized.net//images/flagge/tiny/19.png?lm=1520611569,Lille,,free,,€1.50m,1.5,Free,0.0,
England,en,2026-08-01 15:48 UTC,"Transfermarkt · England Premier League/Championship/League One/League Two (fees & values are estimates, EUR)",€,Premier League|Championship|League One|League Two,Premier League,Sunderland AFC,,,https://tmssl.akamaized.net//images/wappen/homepageSmall/289.png?lm=1485645633,in,,Anthony Patterson,,,,,,,26,GK,Goalkeeper,England,https://tmssl.akamaized.net//images/flagge/tiny/189.png?lm=1520611569,Millwall,,loan-return,,€8.00m,8.0,End of loan,,
England,en,2026-08-01 15:48 UTC,"Transfermarkt · England Premier League/Championship/League One/League Two (fees & values are estimates, EUR)",€,Premier League|Championship|League One|League Two,Premier League,Sunderland AFC,,,https://tmssl.akamaized.net//images/wappen/homepageSmall/289.png?lm=1485645633,in,,Simon Adingra,,,,,,,24,LW,Left Winger,Cote d'Ivoire,https://tmssl.akamaized.net//images/flagge/tiny/38.png?lm=1520611569,Monaco,,loan-return,,€22.00m,22.0,End of loan,,
England,en,2026-08-01 15:48 UTC,"Transfermarkt · England Premier League/Championship/League One/League Two (fees & values are estimates, EUR)",€,Premier League|Championship|League One|League Two,Premier League,Sunderland AFC,,,https://tmssl.akamaized.net//images/wappen/homepageSmall/289.png?lm=1485645633,in,,Leo Hjelde,,,,,,,22,CB,Centre-Back,Norway,https://tmssl.akamaized.net//images/flagge/tiny/125.png?lm=1520611569,Sheff Utd,,loan-return,,€1.50m,1.5,End of loan,,
England,en,2026-08-01 15:48 UTC,"Transfermarkt · England Premier League/Championship/League One/League Two (fees & values are estimates, EUR)",€,Premier League|Championship|League One|League Two,Premier League,Sunderland AFC,,,https://tmssl.akamaized.net//images/wappen/homepageSmall/289.png?lm=1485645633,in,,Luís Semedo,,,,,,,22,CF,Centre-Forward,Portugal,https://tmssl.akamaized.net//images/flagge/tiny/136.png?lm=1520611569,Moreirense,,loan-return,,€600k,0.6,End of loan,,
England,en,2026-08-01 15:48 UTC,"Transfermarkt · England Premier League/Championship/League One/League Two (fees & values are estimates, EUR)",€,Premier League|Championship|League One|League Two,Premier League,Sunderland AFC,,,https://tmssl.akamaized.net//images/wappen/homepageSmall/289.png?lm=1485645633,in,,Aji Alese,,,,,,,25,CB,Centre-Back,England,https://tmssl.akamaized.net//images/flagge/tiny/189.png?lm=1520611569,Portsmouth,,loan-return,,€700k,0.7,End of loan,,
England,en,2026-08-01 15:48 UTC,"Transfermarkt · England Premier League/Championship/League One/League Two (fees & values are estimates, EUR)",€,Premier League|Championship|League One|League Two,Premier League,Sunderland AFC,,,https://tmssl.akamaized.net//images/wappen/homepageSmall/289.png?lm=1485645633,in,,Arthur Masuaku,,,,,,,32,LB,Left-Back,DR Congo,https://tmssl.akamaized.net//images/flagge/tiny/193.png?lm=1520611569,Lens,,loan-return,,€2.00m,2.0,End of loan,,
England,en,2026-08-01 15:48 UTC,"Transfermarkt · England Premier League/Championship/League One/League Two (fees & values are estimates, EUR)",€,Premier League|Championship|League One|League Two,Premier League,Sunderland AFC,,,https://tmssl.akamaized.net//images/wappen/homepageSmall/289.png?lm=1485645633,in,,Dan Neil,,,,,,,24,CM,Central Midfield,England,https://tmssl.akamaized.net//images/flagge/tiny/189.png?lm=1520611569,Ipswich,,loan-return,,€4.50m,4.5,End of loan,,
England,en,2026-08-01 15:48 UTC,"Transfermarkt · England Premier League/Championship/League One/League Two (fees & values are estimates, EUR)",€,Premier League|Championship|League One|League Two,Premier League,Sunderland AFC,,,https://tmssl.akamaized.net//images/wappen/homepageSmall/289.png?lm=1485645633,in,,Timothée Pembélé,,,,,,,23,RB,Right-Back,France,https://tmssl.akamaized.net//images/flagge/tiny/50.png?lm=1520611569,Le Havre AC,,loan-return,,€1.80m,1.8,End of loan,,
England,en,2026-08-01 15:48 UTC,"Transfermarkt · England Premier League/Championship/League One/League Two (fees & values are estimates, EUR)",€,Premier League|Championship|League One|League Two,Premier League,Sunderland AFC,,,https://tmssl.akamaized.net//images/wappen/homepageSmall/289.png?lm=1485645633,in,,Nazariy Rusyn,,,,,,,27,CF,Centre-Forward,Ukraine,https://tmssl.akamaized.net//images/flagge/tiny/177.png?lm=1520611569,Arka Gdynia,,loan-return,,€600k,0.6,End of loan,,
England,en,2026-08-01 15:48 UTC,"Transfermarkt · England Premier League/Championship/League One/League Two (fees & values are estimates, EUR)",€,Premier League|Championship|League One|League Two,Premier League,Sunderland AFC,,,https://tmssl.akamaized.net//images/wappen/homepageSmall/289.png?lm=1485645633,in,,Niall Huggins,,,,,,,25,RB,Right-Back,Wales,https://tmssl.akamaized.net//images/flagge/tiny/191.png?lm=1520611569,Wycombe,,loan-return,,€600k,0.6,End of loan,,
England,en,2026-08-01 15:48 UTC,"Transfermarkt · England Premier League/Championship/League One/League Two (fees & values are estimates, EUR)",€,Premier League|Championship|League One|League Two,Premier League,Sunderland AFC,,,https://tmssl.akamaized.net//images/wappen/homepageSmall/289.png?lm=1485645633,in,,Jenson Seelt,,,,,,,23,CB,Centre-Back,Netherlands,https://tmssl.akamaized.net//images/flagge/tiny/122.png?lm=1520611569,Wolfsburg,,loan-return,,€5.00m,5.0,End of loan,,
England,en,2026-08-01 15:48 UTC,"Transfermarkt · England Premier League/Championship/League One/League Two (fees & values are estimates, EUR)",€,Premier League|Championship|League One|League Two,Premier League,Sunderland AFC,,,https://tmssl.akamaized.net//images/wappen/homepageSmall/289.png?lm=1485645633,in,,Alan Browne,,,,,,,31,CM,Central Midfield,Ireland,https://tmssl.akamaized.net//images/flagge/tiny/72.png?lm=1520611569,Middlesbrough,,loan-return,,€2.00m,2.0,End of loan,,
England,en,2026-08-01 15:48 UTC,"Transfermarkt · England Premier League/Championship/League One/League Two (fees & values are estimates, EUR)",€,Premier League|Championship|League One|League Two,Premier League,Sunderland AFC,,,https://tmssl.akamaized.net//images/wappen/homepageSmall/289.png?lm=1485645633,out,,Eliezer Mayenda,,,,,,,21,CF,Centre-Forward,Spain,https://tmssl.akamaized.net//images/flagge/tiny/157.png?lm=1520611569,Stade Rennais,,transfer,,€16.00m,16.0,€22.00m,22.0,
England,en,2026-08-01 15:48 UTC,"Transfermarkt · England Premier League/Championship/League One/League Two (fees & values are estimates, EUR)",€,Premier League|Championship|League One|League Two,Premier League,Sunderland AFC,,,https://tmssl.akamaized.net//images/wappen/homepageSmall/289.png?lm=1485645633,out,,Timothée Pembélé,,,,,,,23,RB,Right-Back,France,https://tmssl.akamaized.net//images/flagge/tiny/50.png?lm=1520611569,Le Havre AC,,free,,€1.80m,1.8,Free,0.0,
England,en,2026-08-01 15:48 UTC,"Transfermarkt · England Premier League/Championship/League One/League Two (fees & values are estimates, EUR)",€,Premier League|Championship|League One|League Two,Premier League,Sunderland AFC,,,https://tmssl.akamaized.net//images/wappen/homepageSmall/289.png?lm=1485645633,out,,Nazariy Rusyn,,,,,,,27,CF,Centre-Forward,Ukraine,https://tmssl.akamaized.net//images/flagge/tiny/177.png?lm=1520611569,Karpaty Lviv,,free,,€600k,0.6,Free,0.0,
England,en,2026-08-01 15:48 UTC,"Transfermarkt · England Premier League/Championship/League One/League Two (fees & values are estimates, EUR)",€,Premier League|Championship|League One|League Two,Premier League,Sunderland AFC,,,https://tmssl.akamaized.net//images/wappen/homepageSmall/289.png?lm=1485645633,out,,Harrison Jones,,,,,,,21,AM,Attacking Midfield,England,https://tmssl.akamaized.net//images/flagge/tiny/189.png?lm=1520611569,Peterborough,,free,,€150k,0.15,Free,0.0,
England,en,2026-08-01 15:48 UTC,"Transfermarkt · England Premier League/Championship/League One/League Two (fees & values are estimates, EUR)",€,Premier League|Championship|League One|League Two,Premier League,Sunderland AFC,,,https://tmssl.akamaized.net//images/wappen/homepageSmall/289.png?lm=1485645633,out,,Dan Neil,,,,,,,24,CM,Central Midfield,England,https://tmssl.akamaized.net//images/flagge/tiny/189.png?lm=1520611569,Rangers,,free,,€4.50m,4.5,Free,0.0,
England,en,2026-08-01 15:48 UTC,"Transfermarkt · England Premier League/Championship/League One/League Two (fees & values are estimates, EUR)",€,Premier League|Championship|League One|League Two,Premier League,Sunderland AFC,,,https://tmssl.akamaized.net//images/wappen/homepageSmall/289.png?lm=1485645633,out,,Milan Aleksic,,,,,,,20,AM,Attacking Midfield,Serbia,https://tmssl.akamaized.net//images/flagge/tiny/215.png?lm=1520611569,Partizan,,loan,,€700k,0.7,Loan,,
England,en,2026-08-01 15:48 UTC,"Transfermarkt · England Premier League/Championship/League One/League Two (fees & values are estimates, EUR)",€,Premier League|Championship|League One|League Two,Premier League,Sunderland AFC,,,https://tmssl.akamaized.net//images/wappen/homepageSmall/289.png?lm=1485645633,out,,Niall Huggins,,,,,,,25,RB,Right-Back,Wales,https://tmssl.akamaized.net//images/flagge/tiny/191.png?lm=1520611569,Without Club,,other,,€600k,0.6,?,,
England,en,2026-08-01 15:48 UTC,"Transfermarkt · England Premier League/Championship/League One/League Two (fees & values are estimates, EUR)",€,Premier League|Championship|League One|League Two,Premier League,Sunderland AFC,,,https://tmssl.akamaized.net//images/wappen/homepageSmall/289.png?lm=1485645633,out,,Bertrand Traoré,,,,,,,30,RW,Right Winger,Burkina Faso,https://tmssl.akamaized.net//images/flagge/tiny/29.png?lm=1520611569,Without Club,,other,,€4.00m,4.0,?,,
England,en,2026-08-01 15:48 UTC,"Transfermarkt · England Premier League/Championship/League One/League Two (fees & values are estimates, EUR)",€,Premier League|Championship|League One|League Two,Premier League,Sunderland AFC,,,https://tmssl.akamaized.net//images/wappen/homepageSmall/289.png?lm=1485645633,out,,Dennis Cirkin,,,,,,,24,LB,Left-Back,Latvia,https://tmssl.akamaized.net//images/flagge/tiny/92.png?lm=1520611569,Without Club,,other,,€6.00m,6.0,?,,
England,en,2026-08-01 15:48 UTC,"Transfermarkt · England Premier League/Championship/League One/League Two (fees & values are estimates, EUR)",€,Premier League|Championship|League One|League Two,Premier League,Sunderland AFC,,,https://tmssl.akamaized.net//images/wappen/homepageSmall/289.png?lm=1485645633,out,,Lutsharel Geertruida,,,,,,,25,RB,Right-Back,Netherlands,https://tmssl.akamaized.net//images/flagge/tiny/122.png?lm=1520611569,Leipzig,,loan-return,,€20.00m,20.0,End of loan,,
England,en,2026-08-01 15:48 UTC,"Transfermarkt · England Premier League/Championship/League One/League Two (fees & values are estimates, EUR)",€,Premier League|Championship|League One|League Two,Premier League,Tottenham Hotspur,,,https://tmssl.akamaized.net//images/wappen/homepageSmall/148.png?lm=1732011953,in,,Sandro Tonali,,,,,,,26,DM,Defensive Midfield,Italy,https://tmssl.akamaized.net//images/flagge/tiny/75.png?lm=1520611569,Newcastle,,transfer,,€80.00m,80.0,€108.00m,108.0,
England,en,2026-08-01 15:48 UTC,"Transfermarkt · England Premier League/Championship/League One/League Two (fees & values are estimates, EUR)",€,Premier League|Championship|League One|League Two,Premier League,Tottenham Hotspur,,,https://tmssl.akamaized.net//images/wappen/homepageSmall/148.png?lm=1732011953,in,,Mateus Fernandes,,,,,,,21,CM,Central Midfield,Portugal,https://tmssl.akamaized.net//images/flagge/tiny/136.png?lm=1520611569,West Ham,,transfer,,€50.00m,50.0,€99.00m,99.0,
England,en,2026-08-01 15:48 UTC,"Transfermarkt · England Premier League/Championship/League One/League Two (fees & values are estimates, EUR)",€,Premier League|Championship|League One|League Two,Premier League,Tottenham Hotspur,,,https://tmssl.akamaized.net//images/wappen/homepageSmall/148.png?lm=1732011953,in,,Jan Paul van Hecke,,,,,,,26,CB,Centre-Back,Netherlands,https://tmssl.akamaized.net//images/flagge/tiny/122.png?lm=1520611569,Brighton,,transfer,,€45.00m,45.0,€60.00m,60.0,
England,en,2026-08-01 15:48 UTC,"Transfermarkt · England Premier League/Championship/League One/League Two (fees & values are estimates, EUR)",€,Premier League|Championship|League One|League Two,Premier League,Tottenham Hotspur,,,https://tmssl.akamaized.net//images/wappen/homepageSmall/148.png?lm=1732011953,in,,Marcos Senesi,,,,,,,29,CB,Centre-Back,Argentina,https://tmssl.akamaized.net//images/flagge/tiny/9.png?lm=1520611569,Bournemouth,,free,,€25.00m,25.0,Free,0.0,
England,en,2026-08-01 15:48 UTC,"Transfermarkt · England Premier League/Championship/League One/League Two (fees & values are estimates, EUR)",€,Premier League|Championship|League One|League Two,Premier League,Tottenham Hotspur,,,https://tmssl.akamaized.net//images/wappen/homepageSmall/148.png?lm=1732011953,in,,Martin Dúbravka,,,,,,,37,GK,Goalkeeper,Slovakia,https://tmssl.akamaized.net//images/flagge/tiny/154.png?lm=1520611569,Burnley,,free,,€500k,0.5,Free,0.0,
England,en,2026-08-01 15:48 UTC,"Transfermarkt · England Premier League/Championship/League One/League Two (fees & values are estimates, EUR)",€,Premier League|Championship|League One|League Two,Premier League,Tottenham Hotspur,,,https://tmssl.akamaized.net//images/wappen/homepageSmall/148.png?lm=1732011953,in,,Andrew Robertson,,,,,,,32,LB,Left-Back,Scotland,https://tmssl.akamaized.net//images/flagge/tiny/190.png?lm=1520611569,Liverpool,,free,,€7.00m,7.0,Free,0.0,
England,en,2026-08-01 15:48 UTC,"Transfermarkt · England Premier League/Championship/League One/League Two (fees & values are estimates, EUR)",€,Premier League|Championship|League One|League Two,Premier League,Tottenham Hotspur,,,https://tmssl.akamaized.net//images/wappen/homepageSmall/148.png?lm=1732011953,in,,Will Lankshear,,,,,,,21,CF,Centre-Forward,England,https://tmssl.akamaized.net//images/flagge/tiny/189.png?lm=1520611569,Tottenham U21,,promotion,,€7.00m,7.0,Promotion,,
England,en,2026-08-01 15:48 UTC,"Transfermarkt · England Premier League/Championship/League One/League Two (fees & values are estimates, EUR)",€,Premier League|Championship|League One|League Two,Premier League,Tottenham Hotspur,,,https://tmssl.akamaized.net//images/wappen/homepageSmall/148.png?lm=1732011953,in,,Alejo Veliz,,,,,,,22,CF,Centre-Forward,Argentina,https://tmssl.akamaized.net//images/flagge/tiny/9.png?lm=1520611569,Rosario Central,,loan-return,,€4.00m,4.0,End of loan,,
England,en,2026-08-01 15:48 UTC,"Transfermarkt · England Premier League/Championship/League One/League Two (fees & values are estimates, EUR)",€,Premier League|Championship|League One|League Two,Premier League,Tottenham Hotspur,,,https://tmssl.akamaized.net//images/wappen/homepageSmall/148.png?lm=1732011953,in,,Min-hyeok Yang,,,,,,,20,RW,Right Winger,"Korea, South",https://tmssl.akamaized.net//images/flagge/tiny/87.png?lm=1520611569,Coventry,,loan-return,,€3.00m,3.0,End of loan,,
England,en,2026-08-01 15:48 UTC,"Transfermarkt · England Premier League/Championship/League One/League Two (fees & values are estimates, EUR)",€,Premier League|Championship|League One|League Two,Premier League,Tottenham Hotspur,,,https://tmssl.akamaized.net//images/wappen/homepageSmall/148.png?lm=1732011953,in,,Manor Solomon,,,,,,,26,LW,Left Winger,Israel,https://tmssl.akamaized.net//images/flagge/tiny/74.png?lm=1520611569,Fiorentina,,loan-return,,€8.00m,8.0,End of loan,,
England,en,2026-08-01 15:48 UTC,"Transfermarkt · England Premier League/Championship/League One/League Two (fees & values are estimates, EUR)",€,Premier League|Championship|League One|League Two,Premier League,Tottenham Hotspur,,,https://tmssl.akamaized.net//images/wappen/homepageSmall/148.png?lm=1732011953,in,,Kota Takai,,,,,,,21,CB,Centre-Back,Japan,https://tmssl.akamaized.net//images/flagge/tiny/77.png?lm=1520611569,Mönchengladbach,,loan-return,,€5.00m,5.0,End of loan,,
England,en,2026-08-01 15:48 UTC,"Transfermarkt · England Premier League/Championship/League One/League Two (fees & values are estimates, EUR)",€,Premier League|Championship|League One|League Two,Premier League,Tottenham Hotspur,,,https://tmssl.akamaized.net//images/wappen/homepageSmall/148.png?lm=1732011953,in,,Luka Vuskovic,,,,,,,19,CB,Centre-Back,Croatia,https://tmssl.akamaized.net//images/flagge/tiny/37.png?lm=1520611569,Hamburg,,loan-return,,€60.00m,60.0,End of loan,,
England,en,2026-08-01 15:48 UTC,"Transfermarkt · England Premier League/Championship/League One/League Two (fees & values are estimates, EUR)",€,Premier League|Championship|League One|League Two,Premier League,Tottenham Hotspur,,,https://tmssl.akamaized.net//images/wappen/homepageSmall/148.png?lm=1732011953,in,,Alfie Devine,,,,,,,21,AM,Attacking Midfield,England,https://tmssl.akamaized.net//images/flagge/tiny/189.png?lm=1520611569,Preston,,loan-return,,€8.00m,8.0,End of loan,,
England,en,2026-08-01 15:48 UTC,"Transfermarkt · England Premier League/Championship/League One/League Two (fees & values are estimates, EUR)",€,Premier League|Championship|League One|League Two,Premier League,Tottenham Hotspur,,,https://tmssl.akamaized.net//images/wappen/homepageSmall/148.png?lm=1732011953,in,,Mikey Moore,,,,,,,18,LW,Left Winger,England,https://tmssl.akamaized.net//images/flagge/tiny/189.png?lm=1520611569,Rangers,,loan-return,,€18.00m,18.0,End of loan,,
England,en,2026-08-01 15:48 UTC,"Transfermarkt · England Premier League/Championship/League One/League Two (fees & values are estimates, EUR)",€,Premier League|Championship|League One|League Two,Premier League,Tottenham Hotspur,,,https://tmssl.akamaized.net//images/wappen/homepageSmall/148.png?lm=1732011953,out,,Luka Vuskovic,,,,,,,19,CB,Centre-Back,Croatia,https://tmssl.akamaized.net//images/flagge/tiny/37.png?lm=1520611569,Brighton,,transfer,,€60.00m,60.0,€54.00m,54.0,
England,en,2026-08-01 15:48 UTC,"Transfermarkt · England Premier League/Championship/League One/League Two (fees & values are estimates, EUR)",€,Premier League|Championship|League One|League Two,Premier League,Tottenham Hotspur,,,https://tmssl.akamaized.net//images/wappen/homepageSmall/148.png?lm=1732011953,out,,Will Lankshear,,,,,,,21,CF,Centre-Forward,England,https://tmssl.akamaized.net//images/flagge/tiny/189.png?lm=1520611569,Middlesbrough,,transfer,,€7.00m,7.0,€11.70m,11.7,
England,en,2026-08-01 15:48 UTC,"Transfermarkt · England Premier League/Championship/League One/League Two (fees & values are estimates, EUR)",€,Premier League|Championship|League One|League Two,Premier League,Tottenham Hotspur,,,https://tmssl.akamaized.net//images/wappen/homepageSmall/148.png?lm=1732011953,out,,Alejo Veliz,,,,,,,22,CF,Centre-Forward,Argentina,https://tmssl.akamaized.net//images/flagge/tiny/9.png?lm=1520611569,EC Bahia,,transfer,,€4.00m,4.0,€9.00m,9.0,
England,en,2026-08-01 15:48 UTC,"Transfermarkt · England Premier League/Championship/League One/League Two (fees & values are estimates, EUR)",€,Premier League|Championship|League One|League Two,Premier League,Tottenham Hotspur,,,https://tmssl.akamaized.net//images/wappen/homepageSmall/148.png?lm=1732011953,out,,Alfie Devine,,,,,,,21,AM,Attacking Midfield,England,https://tmssl.akamaized.net//images/flagge/tiny/189.png?lm=1520611569,Preston,,transfer,,€8.00m,8.0,€5.30m,5.3,
England,en,2026-08-01 15:48 UTC,"Transfermarkt · England Premier League/Championship/League One/League Two (fees & values are estimates, EUR)",€,Premier League|Championship|League One|League Two,Premier League,Tottenham Hotspur,,,https://tmssl.akamaized.net//images/wappen/homepageSmall/148.png?lm=1732011953,out,,Radu Drăgușin,,,,,,,24,CB,Centre-Back,Romania,https://tmssl.akamaized.net//images/flagge/tiny/140.png?lm=1520611569,Fiorentina,,loan,,€16.00m,16.0,Loan €1.50m,1.5,
England,en,2026-08-01 15:48 UTC,"Transfermarkt · England Premier League/Championship/League One/League Two (fees & values are estimates, EUR)",€,Premier League|Championship|League One|League Two,Premier League,Tottenham Hotspur,,,https://tmssl.akamaized.net//images/wappen/homepageSmall/148.png?lm=1732011953,out,,Yves Bissouma,,,,,,,29,DM,Defensive Midfield,Mali,https://tmssl.akamaized.net//images/flagge/tiny/105.png?lm=1520611569,Without Club,,other,,€10.00m,10.0,?,,
England,en,2026-08-01 15:48 UTC,"Transfermarkt · England Premier League/Championship/League One/League Two (fees & values are estimates, EUR)",€,Premier League|Championship|League One|League Two,Premier League,Tottenham Hotspur,,,https://tmssl.akamaized.net//images/wappen/homepageSmall/148.png?lm=1732011953,out,,Randal Kolo Muani,,,,,,,27,CF,Centre-Forward,France,https://tmssl.akamaized.net//images/flagge/tiny/50.png?lm=1520611569,PSG,,loan-return,,€20.00m,20.0,End of loan,,
England,en,2026-08-01 15:48 UTC,"Transfermarkt · England Premier League/Championship/League One/League Two (fees & values are estimates, EUR)",€,Premier League|Championship|League One|League Two,Premier League,Tottenham Hotspur,,,https://tmssl.akamaized.net//images/wappen/homepageSmall/148.png?lm=1732011953,out,,João Palhinha,,,,,,,30,DM,Defensive Midfield,Portugal,https://tmssl.akamaized.net//images/flagge/tiny/136.png?lm=1520611569,Bayern Munich,,loan-return,,€15.00m,15.0,End of loan,,
England,en,2026-08-01 15:48 UTC,"Transfermarkt · England Premier League/Championship/League One/League Two (fees & values are estimates, EUR)",€,Premier League|Championship|League One|League Two,Championship,Birmingham City,,,https://tmssl.akamaized.net//images/wappen/homepageSmall/337.png?lm=1672321276,in,,Jhon Solís,,,,,,,21,CM,Central Midfield,Colombia,https://tmssl.akamaized.net//images/flagge/tiny/83.png?lm=1520611569,Girona,,transfer,,€4.50m,4.5,€7.50m,7.5,
England,en,2026-08-01 15:48 UTC,"Transfermarkt · England Premier League/Championship/League One/League Two (fees & values are estimates, EUR)",€,Premier League|Championship|League One|League Two,Championship,Birmingham City,,,https://tmssl.akamaized.net//images/wappen/homepageSmall/337.png?lm=1672321276,in,,Luis Vázquez,,,,,,,25,CF,Centre-Forward,Argentina,https://tmssl.akamaized.net//images/flagge/tiny/9.png?lm=1520611569,RSC Anderlecht,,transfer,,€2.50m,2.5,€3.50m,3.5,
England,en,2026-08-01 15:48 UTC,"Transfermarkt · England Premier League/Championship/League One/League Two (fees & values are estimates, EUR)",€,Premier League|Championship|League One|League Two,Championship,Birmingham City,,,https://tmssl.akamaized.net//images/wappen/homepageSmall/337.png?lm=1672321276,in,,Kristoffer Lund,,,,,,,24,LB,Left-Back,United States,https://tmssl.akamaized.net//images/flagge/tiny/184.png?lm=1520611569,Palermo,,transfer,,€4.00m,4.0,€2.50m,2.5,
England,en,2026-08-01 15:48 UTC,"Transfermarkt · England Premier League/Championship/League One/League Two (fees & values are estimates, EUR)",€,Premier League|Championship|League One|League Two,Championship,Birmingham City,,,https://tmssl.akamaized.net//images/wappen/homepageSmall/337.png?lm=1672321276,in,,Dael Fry,,,,,,,28,CB,Centre-Back,England,https://tmssl.akamaized.net//images/flagge/tiny/189.png?lm=1520611569,Middlesbrough,,free,,€4.00m,4.0,Free,0.0,
England,en,2026-08-01 15:48 UTC,"Transfermarkt · England Premier League/Championship/League One/League Two (fees & values are estimates, EUR)",€,Premier League|Championship|League One|League Two,Championship,Birmingham City,,,https://tmssl.akamaized.net//images/wappen/homepageSmall/337.png?lm=1672321276,in,,James Beadle,,,,,,,22,GK,Goalkeeper,England,https://tmssl.akamaized.net//images/flagge/tiny/189.png?lm=1520611569,Brighton,,loan,,€6.00m,6.0,Loan,,
England,en,2026-08-01 15:48 UTC,"Transfermarkt · England Premier League/Championship/League One/League Two (fees & values are estimates, EUR)",€,Premier League|Championship|League One|League Two,Championship,Birmingham City,,,https://tmssl.akamaized.net//images/wappen/homepageSmall/337.png?lm=1672321276,in,,Taylor Gardner-Hickman,,,,,,,24,DM,Defensive Midfield,England,https://tmssl.akamaized.net//images/flagge/tiny/189.png?lm=1520611569,Blackburn,,loan-return,,€2.00m,2.0,End of loan,,
England,en,2026-08-01 15:48 UTC,"Transfermarkt · England Premier League/Championship/League One/League Two (fees & values are estimates, EUR)",€,Premier League|Championship|League One|League Two,Championship,Birmingham City,,,https://tmssl.akamaized.net//images/wappen/homepageSmall/337.png?lm=1672321276,out,,Kai Wagner,,,,,,,29,LB,Left-Back,Germany,https://tmssl.akamaized.net//images/flagge/tiny/40.png?lm=1520612525,Philadelphia,,transfer,,€2.20m,2.2,€3.50m,3.5,
England,en,2026-08-01 15:48 UTC,"Transfermarkt · England Premier League/Championship/League One/League Two (fees & values are estimates, EUR)",€,Premier League|Championship|League One|League Two,Championship,Birmingham City,,,https://tmssl.akamaized.net//images/wappen/homepageSmall/337.png?lm=1672321276,out,,Kyogo Furuhashi,,,,,,,31,CF,Centre-Forward,Japan,https://tmssl.akamaized.net//images/flagge/tiny/77.png?lm=1520611569,LA Galaxy,,transfer,,€2.00m,2.0,€1.20m,1.2,
England,en,2026-08-01 15:48 UTC,"Transfermarkt · England Premier League/Championship/League One/League Two (fees & values are estimates, EUR)",€,Premier League|Championship|League One|League Two,Championship,Birmingham City,,,https://tmssl.akamaized.net//images/wappen/homepageSmall/337.png?lm=1672321276,out,,Jonathan Panzo,,,,,,,25,CB,Centre-Back,England,https://tmssl.akamaized.net//images/flagge/tiny/189.png?lm=1520611569,Without Club,,other,,€1.50m,1.5,?,,
England,en,2026-08-01 15:48 UTC,"Transfermarkt · England Premier League/Championship/League One/League Two (fees & values are estimates, EUR)",€,Premier League|Championship|League One|League Two,Championship,Birmingham City,,,https://tmssl.akamaized.net//images/wappen/homepageSmall/337.png?lm=1672321276,out,,Jhon Solís,,,,,,,21,CM,Central Midfield,Colombia,https://tmssl.akamaized.net//images/flagge/tiny/83.png?lm=1520611569,Girona,,loan-return,,€4.50m,4.5,End of loan,,
England,en,2026-08-01 15:48 UTC,"Transfermarkt · England Premier League/Championship/League One/League Two (fees & values are estimates, EUR)",€,Premier League|Championship|League One|League Two,Championship,Birmingham City,,,https://tmssl.akamaized.net//images/wappen/homepageSmall/337.png?lm=1672321276,out,,James Beadle,,,,,,,22,GK,Goalkeeper,England,https://tmssl.akamaized.net//images/flagge/tiny/189.png?lm=1520611569,Brighton,,loan-return,,€6.00m,6.0,End of loan,,
England,en,2026-08-01 15:48 UTC,"Transfermarkt · England Premier League/Championship/League One/League Two (fees & values are estimates, EUR)",€,Premier League|Championship|League One|League Two,Championship,Blackburn Rovers,,,https://tmssl.akamaized.net//images/wappen/homepageSmall/164.png?lm=1495228542,in,,Moussa Baradji,,,,,,,25,CM,Central Midfield,France,https://tmssl.akamaized.net//images/flagge/tiny/50.png?lm=1520611569,Yverdon Sport,,transfer,,€2.00m,2.0,€1.10m,1.1,
England,en,2026-08-01 15:48 UTC,"Transfermarkt · England Premier League/Championship/League One/League Two (fees & values are estimates, EUR)",€,Premier League|Championship|League One|League Two,Championship,Blackburn Rovers,,,https://tmssl.akamaized.net//images/wappen/homepageSmall/164.png?lm=1495228542,in,,Jayden Fevrier,,,,,,,23,RW,Right Winger,England,https://tmssl.akamaized.net//images/flagge/tiny/189.png?lm=1520611569,Stockport,,transfer,,€500k,0.5,€580k,0.58,
England,en,2026-08-01 15:48 UTC,"Transfermarkt · England Premier League/Championship/League One/League Two (fees & values are estimates, EUR)",€,Premier League|Championship|League One|League Two,Championship,Blackburn Rovers,,,https://tmssl.akamaized.net//images/wappen/homepageSmall/164.png?lm=1495228542,out,,Ryan Hedges,,,,,,,30,RW,Right Winger,Wales,https://tmssl.akamaized.net//images/flagge/tiny/191.png?lm=1520611569,Without Club,,other,,€700k,0.7,?,,
England,en,2026-08-01 15:48 UTC,"Transfermarkt · England Premier League/Championship/League One/League Two (fees & values are estimates, EUR)",€,Premier League|Championship|League One|League Two,Championship,Blackburn Rovers,,,https://tmssl.akamaized.net//images/wappen/homepageSmall/164.png?lm=1495228542,out,,Sondre Tronstad,,,,,,,30,CM,Central Midfield,Norway,https://tmssl.akamaized.net//images/flagge/tiny/125.png?lm=1520611569,Without Club,,other,,€1.00m,1.0,?,,
England,en,2026-08-01 15:48 UTC,"Transfermarkt · England Premier League/Championship/League One/League Two (fees & values are estimates, EUR)",€,Premier League|Championship|League One|League Two,Championship,Blackburn Rovers,,,https://tmssl.akamaized.net//images/wappen/homepageSmall/164.png?lm=1495228542,out,,Nathan Redmond,,,,,,,32,RW,Right Winger,England,https://tmssl.akamaized.net//images/flagge/tiny/189.png?lm=1520611569,Without Club,,other,,€600k,0.6,?,,
England,en,2026-08-01 15:48 UTC,"Transfermarkt · England Premier League/Championship/League One/League Two (fees & values are estimates, EUR)",€,Premier League|Championship|League One|League Two,Championship,Blackburn Rovers,,,https://tmssl.akamaized.net//images/wappen/homepageSmall/164.png?lm=1495228542,out,,Moussa Baradji,,,,,,,25,CM,Central Midfield,France,https://tmssl.akamaized.net//images/flagge/tiny/50.png?lm=1520611569,Yverdon Sport,,loan-return,,€2.00m,2.0,End of loan,,
England,en,2026-08-01 15:48 UTC,"Transfermarkt · England Premier League/Championship/League One/League Two (fees & values are estimates, EUR)",€,Premier League|Championship|League One|League Two,Championship,Blackburn Rovers,,,https://tmssl.akamaized.net//images/wappen/homepageSmall/164.png?lm=1495228542,out,,Taylor Gardner-Hickman,,,,,,,24,DM,Defensive Midfield,England,https://tmssl.akamaized.net//images/flagge/tiny/189.png?lm=1520611569,Birmingham,,loan-return,,€2.00m,2.0,End of loan,,
England,en,2026-08-01 15:48 UTC,"Transfermarkt · England Premier League/Championship/League One/League Two (fees & values are estimates, EUR)",€,Premier League|Championship|League One|League Two,Championship,Bolton Wanderers,,,https://tmssl.akamaized.net//images/wappen/homepageSmall/355.png?lm=1407653952,in,,Luca Stephenson,,,,,,,22,RB,Right-Back,England,https://tmssl.akamaized.net//images/flagge/tiny/189.png?lm=1520611569,Liverpool U21,,transfer,,€1.00m,1.0,€820k,0.82,
England,en,2026-08-01 15:48 UTC,"Transfermarkt · England Premier League/Championship/League One/League Two (fees & values are estimates, EUR)",€,Premier League|Championship|League One|League Two,Championship,Bolton Wanderers,,,https://tmssl.akamaized.net//images/wappen/homepageSmall/355.png?lm=1407653952,in,,Gaizka Larrazabal,,,,,,,28,RB,Right-Back,Spain,https://tmssl.akamaized.net//images/flagge/tiny/157.png?lm=1520611569,Casa Pia,,free,,€4.00m,4.0,Free,0.0,
England,en,2026-08-01 15:48 UTC,"Transfermarkt · England Premier League/Championship/League One/League Two (fees & values are estimates, EUR)",€,Premier League|Championship|League One|League Two,Championship,Bolton Wanderers,,,https://tmssl.akamaized.net//images/wappen/homepageSmall/355.png?lm=1407653952,in,,David Watson,,,,,,,21,CM,Central Midfield,Scotland,https://tmssl.akamaized.net//images/flagge/tiny/190.png?lm=1520611569,Kilmarnock FC,,free,,€2.00m,2.0,Free,0.0,
England,en,2026-08-01 15:48 UTC,"Transfermarkt · England Premier League/Championship/League One/League Two (fees & values are estimates, EUR)",€,Premier League|Championship|League One|League Two,Championship,Bolton Wanderers,,,https://tmssl.akamaized.net//images/wappen/homepageSmall/355.png?lm=1407653952,in,,Ben Davies,,,,,,,30,CB,Centre-Back,England,https://tmssl.akamaized.net//images/flagge/tiny/189.png?lm=1520611569,Rangers,,free,,€800k,0.8,Free,0.0,
England,en,2026-08-01 15:48 UTC,"Transfermarkt · England Premier League/Championship/League One/League Two (fees & values are estimates, EUR)",€,Premier League|Championship|League One|League Two,Championship,Bolton Wanderers,,,https://tmssl.akamaized.net//images/wappen/homepageSmall/355.png?lm=1407653952,in,,Akin Famewo,,,,,,,27,CB,Centre-Back,England,https://tmssl.akamaized.net//images/flagge/tiny/189.png?lm=1520611569,Hull City,,other,,€800k,0.8,?,,
England,en,2026-08-01 15:48 UTC,"Transfermarkt · England Premier League/Championship/League One/League Two (fees & values are estimates, EUR)",€,Premier League|Championship|League One|League Two,Championship,Bolton Wanderers,,,https://tmssl.akamaized.net//images/wappen/homepageSmall/355.png?lm=1407653952,in,,Kyliane Dong,,,,,,,21,LW,Left Winger,France,https://tmssl.akamaized.net//images/flagge/tiny/50.png?lm=1520611569,Augsburg,,loan,,€900k,0.9,Loan,,
England,en,2026-08-01 15:48 UTC,"Transfermarkt · England Premier League/Championship/League One/League Two (fees & values are estimates, EUR)",€,Premier League|Championship|League One|League Two,Championship,Bolton Wanderers,,,https://tmssl.akamaized.net//images/wappen/homepageSmall/355.png?lm=1407653952,in,,Richard Taylor,,,,,,,26,CB,Centre-Back,England,https://tmssl.akamaized.net//images/flagge/tiny/189.png?lm=1520611569,Bromley,,loan-return,,€325k,0.325,End of loan,,
England,en,2026-08-01 15:48 UTC,"Transfermarkt · England Premier League/Championship/League One/League Two (fees & values are estimates, EUR)",€,Premier League|Championship|League One|League Two,Championship,Bolton Wanderers,,,https://tmssl.akamaized.net//images/wappen/homepageSmall/355.png?lm=1407653952,in,,Szabolcs Schön,,,,,,,25,LW,Left Winger,Hungary,https://tmssl.akamaized.net//images/flagge/tiny/178.png?lm=1521635893,ETO FC,,loan-return,,€1.20m,1.2,End of loan,,
England,en,2026-08-01 15:48 UTC,"Transfermarkt · England Premier League/Championship/League One/League Two (fees & values are estimates, EUR)",€,Premier League|Championship|League One|League Two,Championship,Bolton Wanderers,,,https://tmssl.akamaized.net//images/wappen/homepageSmall/355.png?lm=1407653952,out,,Szabolcs Schön,,,,,,,25,LW,Left Winger,Hungary,https://tmssl.akamaized.net//images/flagge/tiny/178.png?lm=1521635893,ETO FC,,transfer,,€1.20m,1.2,€600k,0.6,
England,en,2026-08-01 15:48 UTC,"Transfermarkt · England Premier League/Championship/League One/League Two (fees & values are estimates, EUR)",€,Premier League|Championship|League One|League Two,Championship,Bolton Wanderers,,,https://tmssl.akamaized.net//images/wappen/homepageSmall/355.png?lm=1407653952,out,,George Johnston,,,,,,,27,CB,Centre-Back,Scotland,https://tmssl.akamaized.net//images/flagge/tiny/190.png?lm=1520611569,Luton,,free,,€800k,0.8,Free,0.0,
England,en,2026-08-01 15:48 UTC,"Transfermarkt · England Premier League/Championship/League One/League Two (fees & values are estimates, EUR)",€,Premier League|Championship|League One|League Two,Championship,Bolton Wanderers,,,https://tmssl.akamaized.net//images/wappen/homepageSmall/355.png?lm=1407653952,out,,Kyle Dempsey,,,,,,,30,CM,Central Midfield,England,https://tmssl.akamaized.net//images/flagge/tiny/189.png?lm=1520611569,Port Vale,,free,,€350k,0.35,Free,0.0,
England,en,2026-08-01 15:48 UTC,"Transfermarkt · England Premier League/Championship/League One/League Two (fees & values are estimates, EUR)",€,Premier League|Championship|League One|League Two,Championship,Bolton Wanderers,,,https://tmssl.akamaized.net//images/wappen/homepageSmall/355.png?lm=1407653952,out,,Sonny Sharples-Ahmed,,,,,,,21,CM,Central Midfield,Egypt,https://tmssl.akamaized.net//images/flagge/tiny/2.png?lm=1520611569,Hednesford,,other,,?,,?,,
England,en,2026-08-01 15:48 UTC,"Transfermarkt · England Premier League/Championship/League One/League Two (fees & values are estimates, EUR)",€,Premier League|Championship|League One|League Two,Championship,Bolton Wanderers,,,https://tmssl.akamaized.net//images/wappen/homepageSmall/355.png?lm=1407653952,out,,Richard Taylor,,,,,,,25,CB,Centre-Back,England,https://tmssl.akamaized.net//images/flagge/tiny/189.png?lm=1520611569,Bromley,,loan,,€325k,0.325,Loan,,
England,en,2026-08-01 15:48 UTC,"Transfermarkt · England Premier League/Championship/League One/League Two (fees & values are estimates, EUR)",€,Premier League|Championship|League One|League Two,Championship,Bolton Wanderers,,,https://tmssl.akamaized.net//images/wappen/homepageSmall/355.png?lm=1407653952,out,,Jordi Osei-Tutu,,,,,,,27,RB,Right-Back,England,https://tmssl.akamaized.net//images/flagge/tiny/189.png?lm=1520611569,Without Club,,other,,€400k,0.4,?,,
England,en,2026-08-01 15:48 UTC,"Transfermarkt · England Premier League/Championship/League One/League Two (fees & values are estimates, EUR)",€,Premier League|Championship|League One|League Two,Championship,Bolton Wanderers,,,https://tmssl.akamaized.net//images/wappen/homepageSmall/355.png?lm=1407653952,out,,Carlos Mendes,,,,,,,27,RW,Right Winger,Guinea-Bissau,https://tmssl.akamaized.net//images/flagge/tiny/60.png?lm=1520611569,Without Club,,other,,€200k,0.2,?,,
England,en,2026-08-01 15:48 UTC,"Transfermarkt · England Premier League/Championship/League One/League Two (fees & values are estimates, EUR)",€,Premier League|Championship|League One|League Two,Championship,Bolton Wanderers,,,https://tmssl.akamaized.net//images/wappen/homepageSmall/355.png?lm=1407653952,out,,Mason Burstow,,,,,,,22,CF,Centre-Forward,England,https://tmssl.akamaized.net//images/flagge/tiny/189.png?lm=1520611569,Hull City,,loan-return,,€2.80m,2.8,End of loan,,
England,en,2026-08-01 15:48 UTC,"Transfermarkt · England Premier League/Championship/League One/League Two (fees & values are estimates, EUR)",€,Premier League|Championship|League One|League Two,Championship,Bolton Wanderers,,,https://tmssl.akamaized.net//images/wappen/homepageSmall/355.png?lm=1407653952,out,,Johnny Kenny,,,,,,,23,CF,Centre-Forward,Ireland,https://tmssl.akamaized.net//images/flagge/tiny/72.png?lm=1520611569,Celtic,,loan-return,,€1.20m,1.2,End of loan,,
England,en,2026-08-01 15:48 UTC,"Transfermarkt · England Premier League/Championship/League One/League Two (fees & values are estimates, EUR)",€,Premier League|Championship|League One|League Two,Championship,Bolton Wanderers,,,https://tmssl.akamaized.net//images/wappen/homepageSmall/355.png?lm=1407653952,out,,Ibrahim Cissoko,,,,,,,23,LW,Left Winger,Guinea,https://tmssl.akamaized.net//images/flagge/tiny/59.png?lm=1520611569,Toulouse,,loan-return,,€1.20m,1.2,End of loan,,
England,en,2026-08-01 15:48 UTC,"Transfermarkt · England Premier League/Championship/League One/League Two (fees & values are estimates, EUR)",€,Premier League|Championship|League One|League Two,Championship,Bristol City,,,https://tmssl.akamaized.net//images/wappen/homepageSmall/698.png?lm=1571314125,in,,Lorent Tolaj,,,,,,,24,CF,Centre-Forward,Switzerland,https://tmssl.akamaized.net//images/flagge/tiny/148.png?lm=1520611569,Plymouth,,transfer,,€1.50m,1.5,€4.70m,4.7,
England,en,2026-08-01 15:48 UTC,"Transfermarkt · England Premier League/Championship/League One/League Two (fees & values are estimates, EUR)",€,Premier League|Championship|League One|League Two,Championship,Bristol City,,,https://tmssl.akamaized.net//images/wappen/homepageSmall/698.png?lm=1571314125,in,,Lisav Naif Eissat,,,,,,,21,CB,Centre-Back,Romania,https://tmssl.akamaized.net//images/flagge/tiny/140.png?lm=1520611569,Maccabi Haifa,,transfer,,€1.40m,1.4,€2.50m,2.5,
England,en,2026-08-01 15:48 UTC,"Transfermarkt · England Premier League/Championship/League One/League Two (fees & values are estimates, EUR)",€,Premier League|Championship|League One|League Two,Championship,Bristol City,,,https://tmssl.akamaized.net//images/wappen/homepageSmall/698.png?lm=1571314125,in,,Sam Greenwood,,,,,,,24,AM,Attacking Midfield,England,https://tmssl.akamaized.net//images/flagge/tiny/189.png?lm=1520611569,Pogon Szczecin,,transfer,,€2.00m,2.0,€2.30m,2.3,
England,en,2026-08-01 15:48 UTC,"Transfermarkt · England Premier League/Championship/League One/League Two (fees & values are estimates, EUR)",€,Premier League|Championship|League One|League Two,Championship,Bristol City,,,https://tmssl.akamaized.net//images/wappen/homepageSmall/698.png?lm=1571314125,in,,Brad Collins,,,,,,,29,GK,Goalkeeper,England,https://tmssl.akamaized.net//images/flagge/tiny/189.png?lm=1520611569,Coventry,,free,,€900k,0.9,Free,0.0,
England,en,2026-08-01 15:48 UTC,"Transfermarkt · England Premier League/Championship/League One/League Two (fees & values are estimates, EUR)",€,Premier League|Championship|League One|League Two,Championship,Bristol City,,,https://tmssl.akamaized.net//images/wappen/homepageSmall/698.png?lm=1571314125,in,,Jed Wallace,,,,,,,32,RW,Right Winger,England,https://tmssl.akamaized.net//images/flagge/tiny/189.png?lm=1520611569,West Brom,,free,,€1.20m,1.2,Free,0.0,
England,en,2026-08-01 15:48 UTC,"Transfermarkt · England Premier League/Championship/League One/League Two (fees & values are estimates, EUR)",€,Premier League|Championship|League One|League Two,Championship,Bristol City,,,https://tmssl.akamaized.net//images/wappen/homepageSmall/698.png?lm=1571314125,in,,Sam Tickle,,,,,,,24,GK,Goalkeeper,England,https://tmssl.akamaized.net//images/flagge/tiny/189.png?lm=1520611569,Wigan,,other,,€1.20m,1.2,?,,
England,en,2026-08-01 15:48 UTC,"Transfermarkt · England Premier League/Championship/League One/League Two (fees & values are estimates, EUR)",€,Premier League|Championship|League One|League Two,Championship,Bristol City,,,https://tmssl.akamaized.net//images/wappen/homepageSmall/698.png?lm=1571314125,in,,Gibson Yah,,,,,,,22,DM,Defensive Midfield,Netherlands,https://tmssl.akamaized.net//images/flagge/tiny/122.png?lm=1520611569,FC Volendam,,other,,€1.30m,1.3,?,,
England,en,2026-08-01 15:48 UTC,"Transfermarkt · England Premier League/Championship/League One/League Two (fees & values are estimates, EUR)",€,Premier League|Championship|League One|League Two,Championship,Bristol City,,,https://tmssl.akamaized.net//images/wappen/homepageSmall/698.png?lm=1571314125,in,,Billy O'Neill,,,,,,,18,CF,Centre-Forward,Ireland,https://tmssl.akamaized.net//images/flagge/tiny/72.png?lm=1520611569,Bray Wanderers,,other,,?,,?,,
England,en,2026-08-01 15:48 UTC,"Transfermarkt · England Premier League/Championship/League One/League Two (fees & values are estimates, EUR)",€,Premier League|Championship|League One|League Two,Championship,Bristol City,,,https://tmssl.akamaized.net//images/wappen/homepageSmall/698.png?lm=1571314125,in,,Jamie Knight-Lebel,,,,,,,22,CB,Centre-Back,Canada,https://tmssl.akamaized.net//images/flagge/tiny/80.png?lm=1520611569,Motherwell FC,,loan-return,,€300k,0.3,End of loan,,
England,en,2026-08-01 15:48 UTC,"Transfermarkt · England Premier League/Championship/League One/League Two (fees & values are estimates, EUR)",€,Premier League|Championship|League One|League Two,Championship,Bristol City,,,https://tmssl.akamaized.net//images/wappen/homepageSmall/698.png?lm=1571314125,in,,Josh Stokes,,,,,,,23,AM,Attacking Midfield,England,https://tmssl.akamaized.net//images/flagge/tiny/189.png?lm=1520611569,Reading,,loan-return,,€400k,0.4,End of loan,,
England,en,2026-08-01 15:48 UTC,"Transfermarkt · England Premier League/Championship/League One/League Two (fees & values are estimates, EUR)",€,Premier League|Championship|League One|League Two,Championship,Bristol City,,,https://tmssl.akamaized.net//images/wappen/homepageSmall/698.png?lm=1571314125,in,,Yu Hirakawa,,,,,,,25,RW,Right Winger,Japan,https://tmssl.akamaized.net//images/flagge/tiny/77.png?lm=1520611569,Hull City,,loan-return,,€1.00m,1.0,End of loan,,
England,en,2026-08-01 15:48 UTC,"Transfermarkt · England Premier League/Championship/League One/League Two (fees & values are estimates, EUR)",€,Premier League|Championship|League One|League Two,Championship,Bristol City,,,https://tmssl.akamaized.net//images/wappen/homepageSmall/698.png?lm=1571314125,out,,Sinclair Armstrong,,,,,,,23,CF,Centre-Forward,Ireland,https://tmssl.akamaized.net//images/flagge/tiny/72.png?lm=1520611569,Göztepe,,transfer,,€2.50m,2.5,€1.75m,1.75,
England,en,2026-08-01 15:48 UTC,"Transfermarkt · England Premier League/Championship/League One/League Two (fees & values are estimates, EUR)",€,Premier League|Championship|League One|League Two,Championship,Bristol City,,,https://tmssl.akamaized.net//images/wappen/homepageSmall/698.png?lm=1571314125,out,,Ross McCrorie,,,,,,,28,RB,Right-Back,Scotland,https://tmssl.akamaized.net//images/flagge/tiny/190.png?lm=1520611569,Rangers,,transfer,,€3.00m,3.0,€1.30m,1.3,
England,en,2026-08-01 15:48 UTC,"Transfermarkt · England Premier League/Championship/League One/League Two (fees & values are estimates, EUR)",€,Premier League|Championship|League One|League Two,Championship,Bristol City,,,https://tmssl.akamaized.net//images/wappen/homepageSmall/698.png?lm=1571314125,out,,Joe Lumley,,,,,,,31,GK,Goalkeeper,England,https://tmssl.akamaized.net//images/flagge/tiny/189.png?lm=1520611569,Sheff Wed,,free,,€400k,0.4,Free,0.0,
England,en,2026-08-01 15:48 UTC,"Transfermarkt · England Premier League/Championship/League One/League Two (fees & values are estimates, EUR)",€,Premier League|Championship|League One|League Two,Championship,Bristol City,,,https://tmssl.akamaized.net//images/wappen/homepageSmall/698.png?lm=1571314125,out,,Mark Sykes,,,,,,,28,RM,Right Midfield,Ireland,https://tmssl.akamaized.net//images/flagge/tiny/72.png?lm=1520611569,Millwall,,free,,€1.80m,1.8,Free,0.0,
England,en,2026-08-01 15:48 UTC,"Transfermarkt · England Premier League/Championship/League One/League Two (fees & values are estimates, EUR)",€,Premier League|Championship|League One|League Two,Championship,Bristol City,,,https://tmssl.akamaized.net//images/wappen/homepageSmall/698.png?lm=1571314125,out,,Josh Stokes,,,,,,,22,AM,Attacking Midfield,England,https://tmssl.akamaized.net//images/flagge/tiny/189.png?lm=1520611569,Reading,,loan,,€400k,0.4,Loan,,
England,en,2026-08-01 15:48 UTC,"Transfermarkt · England Premier League/Championship/League One/League Two (fees & values are estimates, EUR)",€,Premier League|Championship|League One|League Two,Championship,Bristol City,,,https://tmssl.akamaized.net//images/wappen/homepageSmall/698.png?lm=1571314125,out,,Harry Cornick,,,,,,,31,CF,Centre-Forward,England,https://tmssl.akamaized.net//images/flagge/tiny/189.png?lm=1520611569,Without Club,,other,,€450k,0.45,?,,
England,en,2026-08-01 15:48 UTC,"Transfermarkt · England Premier League/Championship/League One/League Two (fees & values are estimates, EUR)",€,Premier League|Championship|League One|League Two,Championship,Bristol City,,,https://tmssl.akamaized.net//images/wappen/homepageSmall/698.png?lm=1571314125,out,,Sam Morsy,,,,,,,34,CM,Central Midfield,Egypt,https://tmssl.akamaized.net//images/flagge/tiny/2.png?lm=1520611569,Without Club,,other,,€300k,0.3,?,,
England,en,2026-08-01 15:48 UTC,"Transfermarkt · England Premier League/Championship/League One/League Two (fees & values are estimates, EUR)",€,Premier League|Championship|League One|League Two,Championship,Bristol City,,,https://tmssl.akamaized.net//images/wappen/homepageSmall/698.png?lm=1571314125,out,,Jamie Knight-Lebel,,,,,,,21,CB,Centre-Back,Canada,https://tmssl.akamaized.net//images/flagge/tiny/80.png?lm=1520611569,Motherwell FC,,loan,,€300k,0.3,Loan,,
England,en,2026-08-01 15:48 UTC,"Transfermarkt · England Premier League/Championship/League One/League Two (fees & values are estimates, EUR)",€,Premier League|Championship|League One|League Two,Championship,Bristol City,,,https://tmssl.akamaized.net//images/wappen/homepageSmall/698.png?lm=1571314125,out,,Radek Vítek,,,,,,,22,GK,Goalkeeper,Czech Republic,https://tmssl.akamaized.net//images/flagge/tiny/172.png?lm=1520611569,Man Utd,,loan-return,,€6.00m,6.0,End of loan,,
England,en,2026-08-01 15:48 UTC,"Transfermarkt · England Premier League/Championship/League One/League Two (fees & values are estimates, EUR)",€,Premier League|Championship|League One|League Two,Championship,Bristol City,,,https://tmssl.akamaized.net//images/wappen/homepageSmall/698.png?lm=1571314125,out,,Delano Burgzorg,,,,,,,27,LW,Left Winger,Suriname,https://tmssl.akamaized.net//images/flagge/tiny/161.png?lm=1520611569,Middlesbrough,,loan-return,,€3.00m,3.0,End of loan,,
England,en,2026-08-01 15:48 UTC,"Transfermarkt · England Premier League/Championship/League One/League Two (fees & values are estimates, EUR)",€,Premier League|Championship|League One|League Two,Championship,Burnley FC,,,https://tmssl.akamaized.net//images/wappen/homepageSmall/1132.png?lm=1686818840,in,,Florentino,,,,,,,26,DM,Defensive Midfield,Portugal,https://tmssl.akamaized.net//images/flagge/tiny/136.png?lm=1520611569,Benfica,,transfer,,€16.00m,16.0,€24.00m,24.0,
England,en,2026-08-01 15:48 UTC,"Transfermarkt · England Premier League/Championship/League One/League Two (fees & values are estimates, EUR)",€,Premier League|Championship|League One|League Two,Championship,Burnley FC,,,https://tmssl.akamaized.net//images/wappen/homepageSmall/1132.png?lm=1686818840,in,,Ugo Raghouber,,,,,,,23,DM,Defensive Midfield,France,https://tmssl.akamaized.net//images/flagge/tiny/50.png?lm=1520611569,Lille,,transfer,,€3.00m,3.0,€5.00m,5.0,
England,en,2026-08-01 15:48 UTC,"Transfermarkt · England Premier League/Championship/League One/League Two (fees & values are estimates, EUR)",€,Premier League|Championship|League One|League Two,Championship,Burnley FC,,,https://tmssl.akamaized.net//images/wappen/homepageSmall/1132.png?lm=1686818840,in,,Lluc Castell,,,,,,,19,LW,Left Winger,Spain,https://tmssl.akamaized.net//images/flagge/tiny/157.png?lm=1520611569,RCD Espanyol B,,other,,€200k,0.2,?,,
England,en,2026-08-01 15:48 UTC,"Transfermarkt · England Premier League/Championship/League One/League Two (fees & values are estimates, EUR)",€,Premier League|Championship|League One|League Two,Championship,Burnley FC,,,https://tmssl.akamaized.net//images/wappen/homepageSmall/1132.png?lm=1686818840,in,,Jaydon Banel,,,,,,,21,LW,Left Winger,Netherlands,https://tmssl.akamaized.net//images/flagge/tiny/122.png?lm=1520611569,Burnley U21,,promotion,,€1.00m,1.0,Promotion,,
England,en,2026-08-01 15:48 UTC,"Transfermarkt · England Premier League/Championship/League One/League Two (fees & values are estimates, EUR)",€,Premier League|Championship|League One|League Two,Championship,Burnley FC,,,https://tmssl.akamaized.net//images/wappen/homepageSmall/1132.png?lm=1686818840,in,,Andréas Hountondji,,,,,,,23,CF,Centre-Forward,Benin,https://tmssl.akamaized.net//images/flagge/tiny/21.png?lm=1520611569,St. Pauli,,loan-return,,€3.00m,3.0,End of loan,,
England,en,2026-08-01 15:48 UTC,"Transfermarkt · England Premier League/Championship/League One/League Two (fees & values are estimates, EUR)",€,Premier League|Championship|League One|League Two,Championship,Burnley FC,,,https://tmssl.akamaized.net//images/wappen/homepageSmall/1132.png?lm=1686818840,in,,Luca Koleosho,,,,,,,21,RW,Right Winger,Italy,https://tmssl.akamaized.net//images/flagge/tiny/75.png?lm=1520611569,Paris FC,,loan-return,,€6.00m,6.0,End of loan,,
England,en,2026-08-01 15:48 UTC,"Transfermarkt · England Premier League/Championship/League One/League Two (fees & values are estimates, EUR)",€,Premier League|Championship|League One|League Two,Championship,Burnley FC,,,https://tmssl.akamaized.net//images/wappen/homepageSmall/1132.png?lm=1686818840,in,,Owen Dodgson,,,,,,,23,LB,Left-Back,England,https://tmssl.akamaized.net//images/flagge/tiny/189.png?lm=1520611569,Stockport,,loan-return,,€350k,0.35,End of loan,,
England,en,2026-08-01 15:48 UTC,"Transfermarkt · England Premier League/Championship/League One/League Two (fees & values are estimates, EUR)",€,Premier League|Championship|League One|League Two,Championship,Burnley FC,,,https://tmssl.akamaized.net//images/wappen/homepageSmall/1132.png?lm=1686818840,in,,Oluwaseun Adewumi,,,,,,,21,AM,Attacking Midfield,Austria,https://tmssl.akamaized.net//images/flagge/tiny/127.png?lm=1520611569,Cercle Brugge,,loan-return,,€800k,0.8,End of loan,,
England,en,2026-08-01 15:48 UTC,"Transfermarkt · England Premier League/Championship/League One/League Two (fees & values are estimates, EUR)",€,Premier League|Championship|League One|League Two,Championship,Burnley FC,,,https://tmssl.akamaized.net//images/wappen/homepageSmall/1132.png?lm=1686818840,in,,Shurandy Sambo,,,,,,,24,RB,Right-Back,Curacao,https://tmssl.akamaized.net//images/flagge/tiny/260.png?lm=1520611569,Sparta R.,,loan-return,,€1.30m,1.3,End of loan,,
England,en,2026-08-01 15:48 UTC,"Transfermarkt · England Premier League/Championship/League One/League Two (fees & values are estimates, EUR)",€,Premier League|Championship|League One|League Two,Championship,Burnley FC,,,https://tmssl.akamaized.net//images/wappen/homepageSmall/1132.png?lm=1686818840,in,,Oliver Sonne,,,,,,,25,RB,Right-Back,Peru,https://tmssl.akamaized.net//images/flagge/tiny/133.png?lm=1520611569,Sparta Prague,,loan-return,,€4.00m,4.0,End of loan,,
England,en,2026-08-01 15:48 UTC,"Transfermarkt · England Premier League/Championship/League One/League Two (fees & values are estimates, EUR)",€,Premier League|Championship|League One|League Two,Championship,Burnley FC,,,https://tmssl.akamaized.net//images/wappen/homepageSmall/1132.png?lm=1686818840,out,,Maxime Estève,,,,,,,24,CB,Centre-Back,France,https://tmssl.akamaized.net//images/flagge/tiny/50.png?lm=1520611569,Leipzig,,transfer,,€28.00m,28.0,€25.00m,25.0,
England,en,2026-08-01 15:48 UTC,"Transfermarkt · England Premier League/Championship/League One/League Two (fees & values are estimates, EUR)",€,Premier League|Championship|League One|League Two,Championship,Burnley FC,,,https://tmssl.akamaized.net//images/wappen/homepageSmall/1132.png?lm=1686818840,out,,Loum Tchaouna,,,,,,,22,RW,Right Winger,France,https://tmssl.akamaized.net//images/flagge/tiny/50.png?lm=1520611569,Coventry,,transfer,,€13.00m,13.0,€23.00m,23.0,
England,en,2026-08-01 15:48 UTC,"Transfermarkt · England Premier League/Championship/League One/League Two (fees & values are estimates, EUR)",€,Premier League|Championship|League One|League Two,Championship,Burnley FC,,,https://tmssl.akamaized.net//images/wappen/homepageSmall/1132.png?lm=1686818840,out,,Jaidon Anthony,,,,,,,26,LW,Left Winger,England,https://tmssl.akamaized.net//images/flagge/tiny/189.png?lm=1520611569,Brentford,,transfer,,€20.00m,20.0,€17.50m,17.5,
England,en,2026-08-01 15:48 UTC,"Transfermarkt · England Premier League/Championship/League One/League Two (fees & values are estimates, EUR)",€,Premier League|Championship|League One|League Two,Championship,Burnley FC,,,https://tmssl.akamaized.net//images/wappen/homepageSmall/1132.png?lm=1686818840,out,,Luca Koleosho,,,,,,,21,RW,Right Winger,Italy,https://tmssl.akamaized.net//images/flagge/tiny/75.png?lm=1520611569,Paris FC,,transfer,,€6.00m,6.0,€14.00m,14.0,
England,en,2026-08-01 15:48 UTC,"Transfermarkt · England Premier League/Championship/League One/League Two (fees & values are estimates, EUR)",€,Premier League|Championship|League One|League Two,Championship,Burnley FC,,,https://tmssl.akamaized.net//images/wappen/homepageSmall/1132.png?lm=1686818840,out,,Lesley Ugochukwu,,,,,,,22,DM,Defensive Midfield,France,https://tmssl.akamaized.net//images/flagge/tiny/50.png?lm=1520611569,Galatasaray,,loan,,€22.00m,22.0,Loan €3.52m,3.52,
England,en,2026-08-01 15:48 UTC,"Transfermarkt · England Premier League/Championship/League One/League Two (fees & values are estimates, EUR)",€,Premier League|Championship|League One|League Two,Championship,Burnley FC,,,https://tmssl.akamaized.net//images/wappen/homepageSmall/1132.png?lm=1686818840,out,,Martin Dúbravka,,,,,,,37,GK,Goalkeeper,Slovakia,https://tmssl.akamaized.net//images/flagge/tiny/154.png?lm=1520611569,Tottenham,,free,,€500k,0.5,Free,0.0,
England,en,2026-08-01 15:48 UTC,"Transfermarkt · England Premier League/Championship/League One/League Two (fees & values are estimates, EUR)",€,Premier League|Championship|League One|League Two,Championship,Burnley FC,,,https://tmssl.akamaized.net//images/wappen/homepageSmall/1132.png?lm=1686818840,out,,Owen Dodgson,,,,,,,23,LB,Left-Back,England,https://tmssl.akamaized.net//images/flagge/tiny/189.png?lm=1520611569,Stockport,,other,,€350k,0.35,?,,
England,en,2026-08-01 15:48 UTC,"Transfermarkt · England Premier League/Championship/League One/League Two (fees & values are estimates, EUR)",€,Premier League|Championship|League One|League Two,Championship,Burnley FC,,,https://tmssl.akamaized.net//images/wappen/homepageSmall/1132.png?lm=1686818840,out,,Oluwaseun Adewumi,,,,,,,21,AM,Attacking Midfield,Austria,https://tmssl.akamaized.net//images/flagge/tiny/127.png?lm=1520611569,Hertha BSC,,loan,,€800k,0.8,Loan,,
England,en,2026-08-01 15:48 UTC,"Transfermarkt · England Premier League/Championship/League One/League Two (fees & values are estimates, EUR)",€,Premier League|Championship|League One|League Two,Championship,Burnley FC,,,https://tmssl.akamaized.net//images/wappen/homepageSmall/1132.png?lm=1686818840,out,,Quilindschy Hartman,,,,,,,24,LB,Left-Back,Netherlands,https://tmssl.akamaized.net//images/flagge/tiny/122.png?lm=1520611569,Espanyol,,loan,,€16.00m,16.0,Loan,,
England,en,2026-08-01 15:48 UTC,"Transfermarkt · England Premier League/Championship/League One/League Two (fees & values are estimates, EUR)",€,Premier League|Championship|League One|League Two,Championship,Burnley FC,,,https://tmssl.akamaized.net//images/wappen/homepageSmall/1132.png?lm=1686818840,out,,Václav Hladký,,,,,,,35,GK,Goalkeeper,Czech Republic,https://tmssl.akamaized.net//images/flagge/tiny/172.png?lm=1520611569,Without Club,,other,,€150k,0.15,?,,
England,en,2026-08-01 15:48 UTC,"Transfermarkt · England Premier League/Championship/League One/League Two (fees & values are estimates, EUR)",€,Premier League|Championship|League One|League Two,Championship,Burnley FC,,,https://tmssl.akamaized.net//images/wappen/homepageSmall/1132.png?lm=1686818840,out,,Axel Tuanzebe,,,,,,,28,CB,Centre-Back,DR Congo,https://tmssl.akamaized.net//images/flagge/tiny/193.png?lm=1520611569,Without Club,,other,,€5.00m,5.0,?,,
England,en,2026-08-01 15:48 UTC,"Transfermarkt · England Premier League/Championship/League One/League Two (fees & values are estimates, EUR)",€,Premier League|Championship|League One|League Two,Championship,Burnley FC,,,https://tmssl.akamaized.net//images/wappen/homepageSmall/1132.png?lm=1686818840,out,,Florentino,,,,,,,26,DM,Defensive Midfield,Portugal,https://tmssl.akamaized.net//images/flagge/tiny/136.png?lm=1520611569,Benfica,,loan-return,,€16.00m,16.0,End of loan,,
England,en,2026-08-01 15:48 UTC,"Transfermarkt · England Premier League/Championship/League One/League Two (fees & values are estimates, EUR)",€,Premier League|Championship|League One|League Two,Championship,Burnley FC,,,https://tmssl.akamaized.net//images/wappen/homepageSmall/1132.png?lm=1686818840,out,,James Ward-Prowse,,,,,,,31,CM,Central Midfield,England,https://tmssl.akamaized.net//images/flagge/tiny/189.png?lm=1520611569,West Ham,,loan-return,,€5.00m,5.0,End of loan,,
England,en,2026-08-01 15:48 UTC,"Transfermarkt · England Premier League/Championship/League One/League Two (fees & values are estimates, EUR)",€,Premier League|Championship|League One|League Two,Championship,Cardiff City,,,https://tmssl.akamaized.net//images/wappen/homepageSmall/603.png?lm=1478337063,in,,Nathan Trott,,,,,,,27,GK,Goalkeeper,England,https://tmssl.akamaized.net//images/flagge/tiny/189.png?lm=1520611569,Copenhagen,,transfer,,€1.50m,1.5,€1.80m,1.8,
England,en,2026-08-01 15:48 UTC,"Transfermarkt · England Premier League/Championship/League One/League Two (fees & values are estimates, EUR)",€,Premier League|Championship|League One|League Two,Championship,Cardiff City,,,https://tmssl.akamaized.net//images/wappen/homepageSmall/603.png?lm=1478337063,in,,Roko Simic,,,,,,,22,CF,Centre-Forward,Croatia,https://tmssl.akamaized.net//images/flagge/tiny/37.png?lm=1520611569,Karlsruher SC,,loan-return,,€1.50m,1.5,End of loan,,
England,en,2026-08-01 15:48 UTC,"Transfermarkt · England Premier League/Championship/League One/League Two (fees & values are estimates, EUR)",€,Premier League|Championship|League One|League Two,Championship,Cardiff City,,,https://tmssl.akamaized.net//images/wappen/homepageSmall/603.png?lm=1478337063,in,,Jesper Daland,,,,,,,26,CB,Centre-Back,Norway,https://tmssl.akamaized.net//images/flagge/tiny/125.png?lm=1520611569,F. Düsseldorf,,loan-return,,€1.50m,1.5,End of loan,,
England,en,2026-08-01 15:48 UTC,"Transfermarkt · England Premier League/Championship/League One/League Two (fees & values are estimates, EUR)",€,Premier League|Championship|League One|League Two,Championship,Cardiff City,,,https://tmssl.akamaized.net//images/wappen/homepageSmall/603.png?lm=1478337063,out,,Ryan Wintle,,,,,,,29,DM,Defensive Midfield,England,https://tmssl.akamaized.net//images/flagge/tiny/189.png?lm=1520611569,MK Dons,,free,,€3.00m,3.0,Free,0.0,
England,en,2026-08-01 15:48 UTC,"Transfermarkt · England Premier League/Championship/League One/League Two (fees & values are estimates, EUR)",€,Premier League|Championship|League One|League Two,Championship,Cardiff City,,,https://tmssl.akamaized.net//images/wappen/homepageSmall/603.png?lm=1478337063,out,,Nathan Trott,,,,,,,27,GK,Goalkeeper,England,https://tmssl.akamaized.net//images/flagge/tiny/189.png?lm=1520611569,Copenhagen,,loan-return,,€1.50m,1.5,End of loan,,
England,en,2026-08-01 15:48 UTC,"Transfermarkt · England Premier League/Championship/League One/League Two (fees & values are estimates, EUR)",€,Premier League|Championship|League One|League Two,Championship,Charlton Athletic,,,https://tmssl.akamaized.net//images/wappen/homepageSmall/358.png?lm=1448178743,in,,Danny McNamara,,,,,,,27,RB,Right-Back,Ireland,https://tmssl.akamaized.net//images/flagge/tiny/72.png?lm=1520611569,Millwall,,free,,€1.50m,1.5,Free,0.0,
England,en,2026-08-01 15:48 UTC,"Transfermarkt · England Premier League/Championship/League One/League Two (fees & values are estimates, EUR)",€,Premier League|Championship|League One|League Two,Championship,Charlton Athletic,,,https://tmssl.akamaized.net//images/wappen/homepageSmall/358.png?lm=1448178743,in,,Karlan Grant,,,,,,,28,CF,Centre-Forward,England,https://tmssl.akamaized.net//images/flagge/tiny/189.png?lm=1520611569,West Brom,,free,,€1.80m,1.8,Free,0.0,
England,en,2026-08-01 15:48 UTC,"Transfermarkt · England Premier League/Championship/League One/League Two (fees & values are estimates, EUR)",€,Premier League|Championship|League One|League Two,Championship,Charlton Athletic,,,https://tmssl.akamaized.net//images/wappen/homepageSmall/358.png?lm=1448178743,in,,Billy Koumetio,,,,,,,23,CB,Centre-Back,France,https://tmssl.akamaized.net//images/flagge/tiny/50.png?lm=1520611569,Dundee FC,,other,,€400k,0.4,?,,
England,en,2026-08-01 15:48 UTC,"Transfermarkt · England Premier League/Championship/League One/League Two (fees & values are estimates, EUR)",€,Premier League|Championship|League One|League Two,Championship,Charlton Athletic,,,https://tmssl.akamaized.net//images/wappen/homepageSmall/358.png?lm=1448178743,in,,Millenic Alli,,,,,,,26,LW,Left Winger,Ireland,https://tmssl.akamaized.net//images/flagge/tiny/72.png?lm=1520611569,Luton,,other,,€1.50m,1.5,?,,
England,en,2026-08-01 15:48 UTC,"Transfermarkt · England Premier League/Championship/League One/League Two (fees & values are estimates, EUR)",€,Premier League|Championship|League One|League Two,Championship,Charlton Athletic,,,https://tmssl.akamaized.net//images/wappen/homepageSmall/358.png?lm=1448178743,in,,Ivan Mesik,,,,,,,25,CB,Centre-Back,Slovakia,https://tmssl.akamaized.net//images/flagge/tiny/154.png?lm=1520611569,Heracles Almelo,,other,,€600k,0.6,?,,
England,en,2026-08-01 15:48 UTC,"Transfermarkt · England Premier League/Championship/League One/League Two (fees & values are estimates, EUR)",€,Premier League|Championship|League One|League Two,Championship,Charlton Athletic,,,https://tmssl.akamaized.net//images/wappen/homepageSmall/358.png?lm=1448178743,in,,Gassan Ahadme,,,,,,,25,CF,Centre-Forward,Morocco,https://tmssl.akamaized.net//images/flagge/tiny/107.png?lm=1520611569,Stevenage,,loan-return,,€600k,0.6,End of loan,,
England,en,2026-08-01 15:48 UTC,"Transfermarkt · England Premier League/Championship/League One/League Two (fees & values are estimates, EUR)",€,Premier League|Championship|League One|League Two,Championship,Charlton Athletic,,,https://tmssl.akamaized.net//images/wappen/homepageSmall/358.png?lm=1448178743,in,,Zach Mitchell,,,,,,,22,CB,Centre-Back,England,https://tmssl.akamaized.net//images/flagge/tiny/189.png?lm=1520611569,St. Johnstone,,loan-return,,€200k,0.2,End of loan,,
England,en,2026-08-01 15:48 UTC,"Transfermarkt · England Premier League/Championship/League One/League Two (fees & values are estimates, EUR)",€,Premier League|Championship|League One|League Two,Championship,Charlton Athletic,,,https://tmssl.akamaized.net//images/wappen/homepageSmall/358.png?lm=1448178743,in,,Gassan Ahadme,,,,,,,26,CF,Centre-Forward,Morocco,https://tmssl.akamaized.net//images/flagge/tiny/107.png?lm=1520611569,Cambridge Utd.,,loan-return,,€600k,0.6,End of loan,,
England,en,2026-08-01 15:48 UTC,"Transfermarkt · England Premier League/Championship/League One/League Two (fees & values are estimates, EUR)",€,Premier League|Championship|League One|League Two,Championship,Charlton Athletic,,,https://tmssl.akamaized.net//images/wappen/homepageSmall/358.png?lm=1448178743,in,,Karoy Anderson,,,,,,,21,CM,Central Midfield,Jamaica,https://tmssl.akamaized.net//images/flagge/tiny/76.png?lm=1520611569,Blackpool,,loan-return,,€375k,0.375,End of loan,,
England,en,2026-08-01 15:48 UTC,"Transfermarkt · England Premier League/Championship/League One/League Two (fees & values are estimates, EUR)",€,Premier League|Championship|League One|League Two,Championship,Charlton Athletic,,,https://tmssl.akamaized.net//images/wappen/homepageSmall/358.png?lm=1448178743,out,,Terry Taylor,,,,,,,25,DM,Defensive Midfield,Wales,https://tmssl.akamaized.net//images/flagge/tiny/191.png?lm=1520611569,Stevenage,,free,,€300k,0.3,Free,0.0,
England,en,2026-08-01 15:48 UTC,"Transfermarkt · England Premier League/Championship/League One/League Two (fees & values are estimates, EUR)",€,Premier League|Championship|League One|League Two,Championship,Charlton Athletic,,,https://tmssl.akamaized.net//images/wappen/homepageSmall/358.png?lm=1448178743,out,,Kaheim Dixon,,,,,,,21,RW,Right Winger,Jamaica,https://tmssl.akamaized.net//images/flagge/tiny/76.png?lm=1520611569,Novi Pazar,,other,,€100k,0.1,?,,
England,en,2026-08-01 15:48 UTC,"Transfermarkt · England Premier League/Championship/League One/League Two (fees & values are estimates, EUR)",€,Premier League|Championship|League One|League Two,Championship,Charlton Athletic,,,https://tmssl.akamaized.net//images/wappen/homepageSmall/358.png?lm=1448178743,out,,Alex Mitchell,,,,,,,24,CB,Centre-Back,England,https://tmssl.akamaized.net//images/flagge/tiny/189.png?lm=1520611569,Plymouth,,other,,€800k,0.8,?,,
England,en,2026-08-01 15:48 UTC,"Transfermarkt · England Premier League/Championship/League One/League Two (fees & values are estimates, EUR)",€,Premier League|Championship|League One|League Two,Championship,Charlton Athletic,,,https://tmssl.akamaized.net//images/wappen/homepageSmall/358.png?lm=1448178743,out,,Karoy Anderson,,,,,,,21,CM,Central Midfield,Jamaica,https://tmssl.akamaized.net//images/flagge/tiny/76.png?lm=1520611569,Blackpool,,other,,€375k,0.375,?,,
England,en,2026-08-01 15:48 UTC,"Transfermarkt · England Premier League/Championship/League One/League Two (fees & values are estimates, EUR)",€,Premier League|Championship|League One|League Two,Championship,Charlton Athletic,,,https://tmssl.akamaized.net//images/wappen/homepageSmall/358.png?lm=1448178743,out,,Macaulay Gillesphey,,,,,,,30,CB,Centre-Back,England,https://tmssl.akamaized.net//images/flagge/tiny/189.png?lm=1520611569,Bradford,,other,,€400k,0.4,?,,
England,en,2026-08-01 15:48 UTC,"Transfermarkt · England Premier League/Championship/League One/League Two (fees & values are estimates, EUR)",€,Premier League|Championship|League One|League Two,Championship,Charlton Athletic,,,https://tmssl.akamaized.net//images/wappen/homepageSmall/358.png?lm=1448178743,out,,Gassan Ahadme,,,,,,,25,CF,Centre-Forward,Morocco,https://tmssl.akamaized.net//images/flagge/tiny/107.png?lm=1520611569,Cambridge Utd.,,loan,,€600k,0.6,Loan,,
England,en,2026-08-01 15:48 UTC,"Transfermarkt · England Premier League/Championship/League One/League Two (fees & values are estimates, EUR)",€,Premier League|Championship|League One|League Two,Championship,Charlton Athletic,,,https://tmssl.akamaized.net//images/wappen/homepageSmall/358.png?lm=1448178743,out,,Luke Berry,,,,,,,33,CM,Central Midfield,England,https://tmssl.akamaized.net//images/flagge/tiny/189.png?lm=1520611569,Without Club,,other,,€200k,0.2,?,,
England,en,2026-08-01 15:48 UTC,"Transfermarkt · England Premier League/Championship/League One/League Two (fees & values are estimates, EUR)",€,Premier League|Championship|League One|League Two,Championship,Charlton Athletic,,,https://tmssl.akamaized.net//images/wappen/homepageSmall/358.png?lm=1448178743,out,,Zach Mitchell,,,,,,,21,CB,Centre-Back,England,https://tmssl.akamaized.net//images/flagge/tiny/189.png?lm=1520611569,St. Johnstone,,loan,,€200k,0.2,Loan,,
England,en,2026-08-01 15:48 UTC,"Transfermarkt · England Premier League/Championship/League One/League Two (fees & values are estimates, EUR)",€,Premier League|Championship|League One|League Two,Championship,Charlton Athletic,,,https://tmssl.akamaized.net//images/wappen/homepageSmall/358.png?lm=1448178743,out,,Conor Coady,,,,,,,33,CB,Centre-Back,England,https://tmssl.akamaized.net//images/flagge/tiny/189.png?lm=1520611569,Wrexham,,loan-return,,€1.00m,1.0,End of loan,,
England,en,2026-08-01 15:48 UTC,"Transfermarkt · England Premier League/Championship/League One/League Two (fees & values are estimates, EUR)",€,Premier League|Championship|League One|League Two,Championship,Derby County,,,https://tmssl.akamaized.net//images/wappen/homepageSmall/22.png?lm=1407654006,in,,Bobby Clark,,,,,,,21,CM,Central Midfield,England,https://tmssl.akamaized.net//images/flagge/tiny/189.png?lm=1520611569,Salzburg,,transfer,,€8.00m,8.0,€8.00m,8.0,
England,en,2026-08-01 15:48 UTC,"Transfermarkt · England Premier League/Championship/League One/League Two (fees & values are estimates, EUR)",€,Premier League|Championship|League One|League Two,Championship,Derby County,,,https://tmssl.akamaized.net//images/wappen/homepageSmall/22.png?lm=1407654006,in,,Charlie Taylor,,,,,,,32,LB,Left-Back,England,https://tmssl.akamaized.net//images/flagge/tiny/189.png?lm=1520611569,Southampton,,free,,€1.20m,1.2,Free,0.0,
England,en,2026-08-01 15:48 UTC,"Transfermarkt · England Premier League/Championship/League One/League Two (fees & values are estimates, EUR)",€,Premier League|Championship|League One|League Two,Championship,Derby County,,,https://tmssl.akamaized.net//images/wappen/homepageSmall/22.png?lm=1407654006,in,,Filip Bilbija,,,,,,,26,LW,Left Winger,Germany,https://tmssl.akamaized.net//images/flagge/tiny/40.png?lm=1520612525,SC Paderborn,,free,,€3.00m,3.0,Free,0.0,
England,en,2026-08-01 15:48 UTC,"Transfermarkt · England Premier League/Championship/League One/League Two (fees & values are estimates, EUR)",€,Premier League|Championship|League One|League Two,Championship,Derby County,,,https://tmssl.akamaized.net//images/wappen/homepageSmall/22.png?lm=1407654006,in,,Kenzo Goudmijn,,,,,,,24,CM,Central Midfield,Netherlands,https://tmssl.akamaized.net//images/flagge/tiny/122.png?lm=1520611569,Go Ahead Eagles,,loan-return,,€700k,0.7,End of loan,,
England,en,2026-08-01 15:48 UTC,"Transfermarkt · England Premier League/Championship/League One/League Two (fees & values are estimates, EUR)",€,Premier League|Championship|League One|League Two,Championship,Derby County,,,https://tmssl.akamaized.net//images/wappen/homepageSmall/22.png?lm=1407654006,in,,Andreas Weimann,,,,,,,34,CF,Centre-Forward,Austria,https://tmssl.akamaized.net//images/flagge/tiny/127.png?lm=1520611569,Rapid Vienna,,loan-return,,€400k,0.4,End of loan,,
England,en,2026-08-01 15:48 UTC,"Transfermarkt · England Premier League/Championship/League One/League Two (fees & values are estimates, EUR)",€,Premier League|Championship|League One|League Two,Championship,Derby County,,,https://tmssl.akamaized.net//images/wappen/homepageSmall/22.png?lm=1407654006,out,,Jake Rooney,,,,,,,22,CB,Centre-Back,England,https://tmssl.akamaized.net//images/flagge/tiny/189.png?lm=1520611569,Boston Utd,,free,,€150k,0.15,Free,0.0,
England,en,2026-08-01 15:48 UTC,"Transfermarkt · England Premier League/Championship/League One/League Two (fees & values are estimates, EUR)",€,Premier League|Championship|League One|League Two,Championship,Derby County,,,https://tmssl.akamaized.net//images/wappen/homepageSmall/22.png?lm=1407654006,out,,Callum Elder,,,,,,,31,LB,Left-Back,Australia,https://tmssl.akamaized.net//images/flagge/tiny/12.png?lm=1520611569,Lincoln City,,free,,€400k,0.4,Free,0.0,
England,en,2026-08-01 15:48 UTC,"Transfermarkt · England Premier League/Championship/League One/League Two (fees & values are estimates, EUR)",€,Premier League|Championship|League One|League Two,Championship,Derby County,,,https://tmssl.akamaized.net//images/wappen/homepageSmall/22.png?lm=1407654006,out,,Ben Osborn,,,,,,,31,CM,Central Midfield,England,https://tmssl.akamaized.net//images/flagge/tiny/189.png?lm=1520611569,Stockport,,free,,€700k,0.7,Free,0.0,
England,en,2026-08-01 15:48 UTC,"Transfermarkt · England Premier League/Championship/League One/League Two (fees & values are estimates, EUR)",€,Premier League|Championship|League One|League Two,Championship,Derby County,,,https://tmssl.akamaized.net//images/wappen/homepageSmall/22.png?lm=1407654006,out,,Andreas Weimann,,,,,,,34,CF,Centre-Forward,Austria,https://tmssl.akamaized.net//images/flagge/tiny/127.png?lm=1520611569,Without Club,,other,,€400k,0.4,?,,
England,en,2026-08-01 15:48 UTC,"Transfermarkt · England Premier League/Championship/League One/League Two (fees & values are estimates, EUR)",€,Premier League|Championship|League One|League Two,Championship,Derby County,,,https://tmssl.akamaized.net//images/wappen/homepageSmall/22.png?lm=1407654006,out,,Danny Batth,,,,,,,35,CB,Centre-Back,England,https://tmssl.akamaized.net//images/flagge/tiny/189.png?lm=1520611569,Without Club,,other,,€100k,0.1,?,,
England,en,2026-08-01 15:48 UTC,"Transfermarkt · England Premier League/Championship/League One/League Two (fees & values are estimates, EUR)",€,Premier League|Championship|League One|League Two,Championship,Derby County,,,https://tmssl.akamaized.net//images/wappen/homepageSmall/22.png?lm=1407654006,out,,Bobby Clark,,,,,,,21,CM,Central Midfield,England,https://tmssl.akamaized.net//images/flagge/tiny/189.png?lm=1520611569,Salzburg,,loan-return,,€8.00m,8.0,End of loan,,
England,en,2026-08-01 15:48 UTC,"Transfermarkt · England Premier League/Championship/League One/League Two (fees & values are estimates, EUR)",€,Premier League|Championship|League One|League Two,Championship,Lincoln City,,,https://tmssl.akamaized.net//images/wappen/homepageSmall/1198.png?lm=1734285411,in,,Andrei Coubiș,,,,,,,22,CB,Centre-Back,Romania,https://tmssl.akamaized.net//images/flagge/tiny/140.png?lm=1520611569,U Cluj,,transfer,,€1.20m,1.2,€3.00m,3.0,
England,en,2026-08-01 15:48 UTC,"Transfermarkt · England Premier League/Championship/League One/League Two (fees & values are estimates, EUR)",€,Premier League|Championship|League One|League Two,Championship,Lincoln City,,,https://tmssl.akamaized.net//images/wappen/homepageSmall/1198.png?lm=1734285411,in,,Callum Elder,,,,,,,31,LB,Left-Back,Australia,https://tmssl.akamaized.net//images/flagge/tiny/12.png?lm=1520611569,Derby,,free,,€400k,0.4,Free,0.0,
England,en,2026-08-01 15:48 UTC,"Transfermarkt · England Premier League/Championship/League One/League Two (fees & values are estimates, EUR)",€,Premier League|Championship|League One|League Two,Championship,Lincoln City,,,https://tmssl.akamaized.net//images/wappen/homepageSmall/1198.png?lm=1734285411,in,,Joe Gauci,,,,,,,26,GK,Goalkeeper,Australia,https://tmssl.akamaized.net//images/flagge/tiny/12.png?lm=1520611569,Aston Villa,,loan,,€1.20m,1.2,Loan,,
England,en,2026-08-01 15:48 UTC,"Transfermarkt · England Premier League/Championship/League One/League Two (fees & values are estimates, EUR)",€,Premier League|Championship|League One|League Two,Championship,Lincoln City,,,https://tmssl.akamaized.net//images/wappen/homepageSmall/1198.png?lm=1734285411,in,,Zach Jeacock,,,,,,,26,GK,Goalkeeper,England,https://tmssl.akamaized.net//images/flagge/tiny/189.png?lm=1520611569,Northampton,,loan-return,,€100k,0.1,End of loan,,
England,en,2026-08-01 15:48 UTC,"Transfermarkt · England Premier League/Championship/League One/League Two (fees & values are estimates, EUR)",€,Premier League|Championship|League One|League Two,Championship,Lincoln City,,,https://tmssl.akamaized.net//images/wappen/homepageSmall/1198.png?lm=1734285411,in,,Zane Okoro,,,,,,,20,RW,Right Winger,United States,https://tmssl.akamaized.net//images/flagge/tiny/184.png?lm=1520611569,Tranmere,,loan-return,,€150k,0.15,End of loan,,
England,en,2026-08-01 15:48 UTC,"Transfermarkt · England Premier League/Championship/League One/League Two (fees & values are estimates, EUR)",€,Premier League|Championship|League One|League Two,Championship,Lincoln City,,,https://tmssl.akamaized.net//images/wappen/homepageSmall/1198.png?lm=1734285411,in,,Oisín Gallagher,,,,,,,22,CB,Centre-Back,Ireland,https://tmssl.akamaized.net//images/flagge/tiny/72.png?lm=1520611569,Barnet,,loan-return,,?,,End of loan,,
England,en,2026-08-01 15:48 UTC,"Transfermarkt · England Premier League/Championship/League One/League Two (fees & values are estimates, EUR)",€,Premier League|Championship|League One|League Two,Championship,Lincoln City,,,https://tmssl.akamaized.net//images/wappen/homepageSmall/1198.png?lm=1734285411,out,,MJ Kamson-Kamara,,,,,,,20,CB,Centre-Back,England,https://tmssl.akamaized.net//images/flagge/tiny/189.png?lm=1520611569,Heart of Midl.,,free,,€175k,0.175,Free,0.0,
England,en,2026-08-01 15:48 UTC,"Transfermarkt · England Premier League/Championship/League One/League Two (fees & values are estimates, EUR)",€,Premier League|Championship|League One|League Two,Championship,Lincoln City,,,https://tmssl.akamaized.net//images/wappen/homepageSmall/1198.png?lm=1734285411,out,,Erik Ring,,,,,,,24,LW,Left Winger,Sweden,https://tmssl.akamaized.net//images/flagge/tiny/147.png?lm=1520611569,Kilmarnock FC,,other,,€275k,0.275,?,,
England,en,2026-08-01 15:48 UTC,"Transfermarkt · England Premier League/Championship/League One/League Two (fees & values are estimates, EUR)",€,Premier League|Championship|League One|League Two,Championship,Lincoln City,,,https://tmssl.akamaized.net//images/wappen/homepageSmall/1198.png?lm=1734285411,out,,JJ McKiernan,,,,,,,24,CM,Central Midfield,Northern Ireland,https://tmssl.akamaized.net//images/flagge/tiny/192.png?lm=1520611569,Bromley,,other,,€275k,0.275,?,,
England,en,2026-08-01 15:48 UTC,"Transfermarkt · England Premier League/Championship/League One/League Two (fees & values are estimates, EUR)",€,Premier League|Championship|League One|League Two,Championship,Lincoln City,,,https://tmssl.akamaized.net//images/wappen/homepageSmall/1198.png?lm=1734285411,out,,Zach Jeacock,,,,,,,25,GK,Goalkeeper,England,https://tmssl.akamaized.net//images/flagge/tiny/189.png?lm=1520611569,Northampton,,loan,,€100k,0.1,Loan,,
England,en,2026-08-01 15:48 UTC,"Transfermarkt · England Premier League/Championship/League One/League Two (fees & values are estimates, EUR)",€,Premier League|Championship|League One|League Two,Championship,Lincoln City,,,https://tmssl.akamaized.net//images/wappen/homepageSmall/1198.png?lm=1734285411,out,,Zane Okoro,,,,,,,19,RW,Right Winger,United States,https://tmssl.akamaized.net//images/flagge/tiny/184.png?lm=1520611569,Tranmere,,loan,,€150k,0.15,Loan,,
England,en,2026-08-01 15:48 UTC,"Transfermarkt · England Premier League/Championship/League One/League Two (fees & values are estimates, EUR)",€,Premier League|Championship|League One|League Two,Championship,Lincoln City,,,https://tmssl.akamaized.net//images/wappen/homepageSmall/1198.png?lm=1734285411,out,,Oisín Gallagher,,,,,,,21,CB,Centre-Back,Ireland,https://tmssl.akamaized.net//images/flagge/tiny/72.png?lm=1520611569,Barnet,,loan,,?,,Loan,,
England,en,2026-08-01 15:48 UTC,"Transfermarkt · England Premier League/Championship/League One/League Two (fees & values are estimates, EUR)",€,Premier League|Championship|League One|League Two,Championship,Lincoln City,,,https://tmssl.akamaized.net//images/wappen/homepageSmall/1198.png?lm=1734285411,out,,Kamil Conteh,,,,,,,23,CM,Central Midfield,Sierra Leone,https://tmssl.akamaized.net//images/flagge/tiny/152.png?lm=1520611569,Bristol Rovers,,loan-return,,€400k,0.4,End of loan,,
England,en,2026-08-01 15:48 UTC,"Transfermarkt · England Premier League/Championship/League One/League Two (fees & values are estimates, EUR)",€,Premier League|Championship|League One|League Two,Championship,Middlesbrough FC,,,https://tmssl.akamaized.net//images/wappen/homepageSmall/641.png?lm=1782932117,in,,Will Lankshear,,,,,,,21,CF,Centre-Forward,England,https://tmssl.akamaized.net//images/flagge/tiny/189.png?lm=1520611569,Tottenham,,transfer,,€7.00m,7.0,€11.70m,11.7,
England,en,2026-08-01 15:48 UTC,"Transfermarkt · England Premier League/Championship/League One/League Two (fees & values are estimates, EUR)",€,Premier League|Championship|League One|League Two,Championship,Middlesbrough FC,,,https://tmssl.akamaized.net//images/wappen/homepageSmall/641.png?lm=1782932117,in,,Kyle Joseph,,,,,,,24,CF,Centre-Forward,Scotland,https://tmssl.akamaized.net//images/flagge/tiny/190.png?lm=1520611569,Hull City,,transfer,,€6.00m,6.0,€4.70m,4.7,
England,en,2026-08-01 15:48 UTC,"Transfermarkt · England Premier League/Championship/League One/League Two (fees & values are estimates, EUR)",€,Premier League|Championship|League One|League Two,Championship,Middlesbrough FC,,,https://tmssl.akamaized.net//images/wappen/homepageSmall/641.png?lm=1782932117,in,,Jeremy Sarmiento,,,,,,,24,LW,Left Winger,Ecuador,https://tmssl.akamaized.net//images/flagge/tiny/44.png?lm=1520611569,Brighton,,transfer,,€5.00m,5.0,€3.70m,3.7,
England,en,2026-08-01 15:48 UTC,"Transfermarkt · England Premier League/Championship/League One/League Two (fees & values are estimates, EUR)",€,Premier League|Championship|League One|League Two,Championship,Middlesbrough FC,,,https://tmssl.akamaized.net//images/wappen/homepageSmall/641.png?lm=1782932117,in,,Sebastian Berhalter,,,,,,,25,CM,Central Midfield,United States,https://tmssl.akamaized.net//images/flagge/tiny/184.png?lm=1520611569,Vancouver,,transfer,,€8.00m,8.0,€1.75m,1.75,
England,en,2026-08-01 15:48 UTC,"Transfermarkt · England Premier League/Championship/League One/League Two (fees & values are estimates, EUR)",€,Premier League|Championship|League One|League Two,Championship,Middlesbrough FC,,,https://tmssl.akamaized.net//images/wappen/homepageSmall/641.png?lm=1782932117,in,,Myles Peart-Harris,,,,,,,23,AM,Attacking Midfield,Jamaica,https://tmssl.akamaized.net//images/flagge/tiny/76.png?lm=1520611569,Oxford United,,free,,€900k,0.9,Free,0.0,
England,en,2026-08-01 15:48 UTC,"Transfermarkt · England Premier League/Championship/League One/League Two (fees & values are estimates, EUR)",€,Premier League|Championship|League One|League Two,Championship,Middlesbrough FC,,,https://tmssl.akamaized.net//images/wappen/homepageSmall/641.png?lm=1782932117,in,,Delano Burgzorg,,,,,,,27,LW,Left Winger,Suriname,https://tmssl.akamaized.net//images/flagge/tiny/161.png?lm=1520611569,Bristol City,,loan-return,,€3.00m,3.0,End of loan,,
England,en,2026-08-01 15:48 UTC,"Transfermarkt · England Premier League/Championship/League One/League Two (fees & values are estimates, EUR)",€,Premier League|Championship|League One|League Two,Championship,Middlesbrough FC,,,https://tmssl.akamaized.net//images/wappen/homepageSmall/641.png?lm=1782932117,in,,Abdoulaye Kanté,,,,,,,20,DM,Defensive Midfield,Cote d'Ivoire,https://tmssl.akamaized.net//images/flagge/tiny/38.png?lm=1520611569,Saint-Étienne,,loan-return,,€5.00m,5.0,End of loan,,
England,en,2026-08-01 15:48 UTC,"Transfermarkt · England Premier League/Championship/League One/League Two (fees & values are estimates, EUR)",€,Premier League|Championship|League One|League Two,Championship,Middlesbrough FC,,,https://tmssl.akamaized.net//images/wappen/homepageSmall/641.png?lm=1782932117,out,,Hayden Hackney,,,,,,,24,DM,Defensive Midfield,England,https://tmssl.akamaized.net//images/flagge/tiny/189.png?lm=1520611569,Everton,,transfer,,€32.00m,32.0,€19.30m,19.3,
England,en,2026-08-01 15:48 UTC,"Transfermarkt · England Premier League/Championship/League One/League Two (fees & values are estimates, EUR)",€,Premier League|Championship|League One|League Two,Championship,Middlesbrough FC,,,https://tmssl.akamaized.net//images/wappen/homepageSmall/641.png?lm=1782932117,out,,Dael Fry,,,,,,,28,CB,Centre-Back,England,https://tmssl.akamaized.net//images/flagge/tiny/189.png?lm=1520611569,Birmingham,,free,,€4.00m,4.0,Free,0.0,
England,en,2026-08-01 15:48 UTC,"Transfermarkt · England Premier League/Championship/League One/League Two (fees & values are estimates, EUR)",€,Premier League|Championship|League One|League Two,Championship,Middlesbrough FC,,,https://tmssl.akamaized.net//images/wappen/homepageSmall/641.png?lm=1782932117,out,,Dan Barlaser,,,,,,,29,DM,Defensive Midfield,England,https://tmssl.akamaized.net//images/flagge/tiny/189.png?lm=1520611569,MK Dons,,free,,€1.20m,1.2,Free,0.0,
England,en,2026-08-01 15:48 UTC,"Transfermarkt · England Premier League/Championship/League One/League Two (fees & values are estimates, EUR)",€,Premier League|Championship|League One|League Two,Championship,Middlesbrough FC,,,https://tmssl.akamaized.net//images/wappen/homepageSmall/641.png?lm=1782932117,out,,Marcus Forss,,,,,,,27,CF,Centre-Forward,Finland,https://tmssl.akamaized.net//images/flagge/tiny/49.png?lm=1520611569,Without Club,,other,,€1.50m,1.5,?,,
England,en,2026-08-01 15:48 UTC,"Transfermarkt · England Premier League/Championship/League One/League Two (fees & values are estimates, EUR)",€,Premier League|Championship|League One|League Two,Championship,Middlesbrough FC,,,https://tmssl.akamaized.net//images/wappen/homepageSmall/641.png?lm=1782932117,out,,Alex Gilbert,,,,,,,24,AM,Attacking Midfield,Ireland,https://tmssl.akamaized.net//images/flagge/tiny/72.png?lm=1520611569,Without Club,,other,,€1.00m,1.0,?,,
England,en,2026-08-01 15:48 UTC,"Transfermarkt · England Premier League/Championship/League One/League Two (fees & values are estimates, EUR)",€,Premier League|Championship|League One|League Two,Championship,Middlesbrough FC,,,https://tmssl.akamaized.net//images/wappen/homepageSmall/641.png?lm=1782932117,out,,Darragh Lenihan,,,,,,,32,CB,Centre-Back,Ireland,https://tmssl.akamaized.net//images/flagge/tiny/72.png?lm=1520611569,Without Club,,other,,€500k,0.5,?,,
England,en,2026-08-01 15:48 UTC,"Transfermarkt · England Premier League/Championship/League One/League Two (fees & values are estimates, EUR)",€,Premier League|Championship|League One|League Two,Championship,Middlesbrough FC,,,https://tmssl.akamaized.net//images/wappen/homepageSmall/641.png?lm=1782932117,out,,Sam Silvera,,,,,,,25,LW,Left Winger,Australia,https://tmssl.akamaized.net//images/flagge/tiny/12.png?lm=1520611569,Without Club,,other,,€1.50m,1.5,?,,
England,en,2026-08-01 15:48 UTC,"Transfermarkt · England Premier League/Championship/League One/League Two (fees & values are estimates, EUR)",€,Premier League|Championship|League One|League Two,Championship,Middlesbrough FC,,,https://tmssl.akamaized.net//images/wappen/homepageSmall/641.png?lm=1782932117,out,,Alan Browne,,,,,,,31,CM,Central Midfield,Ireland,https://tmssl.akamaized.net//images/flagge/tiny/72.png?lm=1520611569,Sunderland,,loan-return,,€2.00m,2.0,End of loan,,
England,en,2026-08-01 15:48 UTC,"Transfermarkt · England Premier League/Championship/League One/League Two (fees & values are estimates, EUR)",€,Premier League|Championship|League One|League Two,Championship,Middlesbrough FC,,,https://tmssl.akamaized.net//images/wappen/homepageSmall/641.png?lm=1782932117,out,,Jeremy Sarmiento,,,,,,,24,LW,Left Winger,Ecuador,https://tmssl.akamaized.net//images/flagge/tiny/44.png?lm=1520611569,Brighton,,loan-return,,€5.00m,5.0,End of loan,,
England,en,2026-08-01 15:48 UTC,"Transfermarkt · England Premier League/Championship/League One/League Two (fees & values are estimates, EUR)",€,Premier League|Championship|League One|League Two,Championship,Millwall FC,,,https://tmssl.akamaized.net//images/wappen/homepageSmall/1028.png?lm=1782932477,in,,Mathis Servais,,,,,,,21,AM,Attacking Midfield,Belgium,https://tmssl.akamaized.net//images/flagge/tiny/19.png?lm=1520611569,KV Mechelen,,transfer,,€4.00m,4.0,€4.00m,4.0,
England,en,2026-08-01 15:48 UTC,"Transfermarkt · England Premier League/Championship/League One/League Two (fees & values are estimates, EUR)",€,Premier League|Championship|League One|League Two,Championship,Millwall FC,,,https://tmssl.akamaized.net//images/wappen/homepageSmall/1028.png?lm=1782932477,in,,Taïryk Arconte,,,,,,,22,CF,Centre-Forward,Guadeloupe,https://tmssl.akamaized.net//images/flagge/tiny/251.png?lm=1520611569,Rodez AF,,transfer,,€3.00m,3.0,€3.00m,3.0,
England,en,2026-08-01 15:48 UTC,"Transfermarkt · England Premier League/Championship/League One/League Two (fees & values are estimates, EUR)",€,Premier League|Championship|League One|League Two,Championship,Millwall FC,,,https://tmssl.akamaized.net//images/wappen/homepageSmall/1028.png?lm=1782932477,in,,Elkan Baggott,,,,,,,23,CB,Centre-Back,Indonesia,https://tmssl.akamaized.net//images/flagge/tiny/68.png?lm=1520611569,Ipswich,,transfer,,€200k,0.2,€1.17m,1.17,
England,en,2026-08-01 15:48 UTC,"Transfermarkt · England Premier League/Championship/League One/League Two (fees & values are estimates, EUR)",€,Premier League|Championship|League One|League Two,Championship,Millwall FC,,,https://tmssl.akamaized.net//images/wappen/homepageSmall/1028.png?lm=1782932477,in,,Mark Sykes,,,,,,,28,RM,Right Midfield,Ireland,https://tmssl.akamaized.net//images/flagge/tiny/72.png?lm=1520611569,Bristol City,,free,,€1.80m,1.8,Free,0.0,
England,en,2026-08-01 15:48 UTC,"Transfermarkt · England Premier League/Championship/League One/League Two (fees & values are estimates, EUR)",€,Premier League|Championship|League One|League Two,Championship,Millwall FC,,,https://tmssl.akamaized.net//images/wappen/homepageSmall/1028.png?lm=1782932477,in,,Kyrell Lisbie,,,,,,,22,LW,Left Winger,England,https://tmssl.akamaized.net//images/flagge/tiny/189.png?lm=1520611569,Peterborough,,other,,€225k,0.225,?,,
England,en,2026-08-01 15:48 UTC,"Transfermarkt · England Premier League/Championship/League One/League Two (fees & values are estimates, EUR)",€,Premier League|Championship|League One|League Two,Championship,Millwall FC,,,https://tmssl.akamaized.net//images/wappen/homepageSmall/1028.png?lm=1782932477,in,,Jenson Metcalfe,,,,,,,21,CM,Central Midfield,England,https://tmssl.akamaized.net//images/flagge/tiny/189.png?lm=1520611569,Bradford,,other,,€300k,0.3,?,,
England,en,2026-08-01 15:48 UTC,"Transfermarkt · England Premier League/Championship/League One/League Two (fees & values are estimates, EUR)",€,Premier League|Championship|League One|League Two,Championship,Millwall FC,,,https://tmssl.akamaized.net//images/wappen/homepageSmall/1028.png?lm=1782932477,in,,Kamarl Grant,,,,,,,24,CB,Centre-Back,England,https://tmssl.akamaized.net//images/flagge/tiny/189.png?lm=1520611569,Bromley,,loan-return,,€125k,0.125,End of loan,,
England,en,2026-08-01 15:48 UTC,"Transfermarkt · England Premier League/Championship/League One/League Two (fees & values are estimates, EUR)",€,Premier League|Championship|League One|League Two,Championship,Millwall FC,,,https://tmssl.akamaized.net//images/wappen/homepageSmall/1028.png?lm=1782932477,out,,Danny McNamara,,,,,,,27,RB,Right-Back,Ireland,https://tmssl.akamaized.net//images/flagge/tiny/72.png?lm=1520611569,Charlton,,free,,€1.50m,1.5,Free,0.0,
England,en,2026-08-01 15:48 UTC,"Transfermarkt · England Premier League/Championship/League One/League Two (fees & values are estimates, EUR)",€,Premier League|Championship|League One|League Two,Championship,Millwall FC,,,https://tmssl.akamaized.net//images/wappen/homepageSmall/1028.png?lm=1782932477,out,,Billy Mitchell,,,,,,,25,DM,Defensive Midfield,England,https://tmssl.akamaized.net//images/flagge/tiny/189.png?lm=1520611569,Sheff Wed,,free,,€3.00m,3.0,Free,0.0,
England,en,2026-08-01 15:48 UTC,"Transfermarkt · England Premier League/Championship/League One/League Two (fees & values are estimates, EUR)",€,Premier League|Championship|League One|League Two,Championship,Millwall FC,,,https://tmssl.akamaized.net//images/wappen/homepageSmall/1028.png?lm=1782932477,out,,Wes Harding,,,,,,,29,CB,Centre-Back,Jamaica,https://tmssl.akamaized.net//images/flagge/tiny/76.png?lm=1520611569,Plymouth,,free,,€800k,0.8,Free,0.0,
England,en,2026-08-01 15:48 UTC,"Transfermarkt · England Premier League/Championship/League One/League Two (fees & values are estimates, EUR)",€,Premier League|Championship|League One|League Two,Championship,Millwall FC,,,https://tmssl.akamaized.net//images/wappen/homepageSmall/1028.png?lm=1782932477,out,,Macaulay Langstaff,,,,,,,29,CF,Centre-Forward,England,https://tmssl.akamaized.net//images/flagge/tiny/189.png?lm=1520611569,Salford,,other,,€700k,0.7,?,,
England,en,2026-08-01 15:48 UTC,"Transfermarkt · England Premier League/Championship/League One/League Two (fees & values are estimates, EUR)",€,Premier League|Championship|League One|League Two,Championship,Millwall FC,,,https://tmssl.akamaized.net//images/wappen/homepageSmall/1028.png?lm=1782932477,out,,Adam Mayor,,,,,,,21,LB,Left-Back,England,https://tmssl.akamaized.net//images/flagge/tiny/189.png?lm=1520611569,Hibernian FC,,other,,€500k,0.5,?,,
England,en,2026-08-01 15:48 UTC,"Transfermarkt · England Premier League/Championship/League One/League Two (fees & values are estimates, EUR)",€,Premier League|Championship|League One|League Two,Championship,Millwall FC,,,https://tmssl.akamaized.net//images/wappen/homepageSmall/1028.png?lm=1782932477,out,,Barry Bannan,,,,,,,36,CM,Central Midfield,Scotland,https://tmssl.akamaized.net//images/flagge/tiny/190.png?lm=1520611569,Sheff Wed,,other,,€200k,0.2,?,,
England,en,2026-08-01 15:48 UTC,"Transfermarkt · England Premier League/Championship/League One/League Two (fees & values are estimates, EUR)",€,Premier League|Championship|League One|League Two,Championship,Millwall FC,,,https://tmssl.akamaized.net//images/wappen/homepageSmall/1028.png?lm=1782932477,out,,Kamarl Grant,,,,,,,23,CB,Centre-Back,England,https://tmssl.akamaized.net//images/flagge/tiny/189.png?lm=1520611569,Bromley,,loan,,€125k,0.125,Loan,,
England,en,2026-08-01 15:48 UTC,"Transfermarkt · England Premier League/Championship/League One/League Two (fees & values are estimates, EUR)",€,Premier League|Championship|League One|League Two,Championship,Millwall FC,,,https://tmssl.akamaized.net//images/wappen/homepageSmall/1028.png?lm=1782932477,out,,Massimo Luongo,,,,,,,33,CM,Central Midfield,Australia,https://tmssl.akamaized.net//images/flagge/tiny/12.png?lm=1520611569,Without Club,,other,,€300k,0.3,?,,
England,en,2026-08-01 15:48 UTC,"Transfermarkt · England Premier League/Championship/League One/League Two (fees & values are estimates, EUR)",€,Premier League|Championship|League One|League Two,Championship,Millwall FC,,,https://tmssl.akamaized.net//images/wappen/homepageSmall/1028.png?lm=1782932477,out,,Joe Bryan,,,,,,,32,LB,Left-Back,England,https://tmssl.akamaized.net//images/flagge/tiny/189.png?lm=1520611569,Without Club,,other,,€400k,0.4,?,,
England,en,2026-08-01 15:48 UTC,"Transfermarkt · England Premier League/Championship/League One/League Two (fees & values are estimates, EUR)",€,Premier League|Championship|League One|League Two,Championship,Millwall FC,,,https://tmssl.akamaized.net//images/wappen/homepageSmall/1028.png?lm=1782932477,out,,Thierno Ballo,,,,,,,24,LW,Left Winger,Austria,https://tmssl.akamaized.net//images/flagge/tiny/127.png?lm=1520611569,Wolfsberger AC,,loan-return,,€6.00m,6.0,End of loan,,
England,en,2026-08-01 15:48 UTC,"Transfermarkt · England Premier League/Championship/League One/League Two (fees & values are estimates, EUR)",€,Premier League|Championship|League One|League Two,Championship,Millwall FC,,,https://tmssl.akamaized.net//images/wappen/homepageSmall/1028.png?lm=1782932477,out,,Anthony Patterson,,,,,,,26,GK,Goalkeeper,England,https://tmssl.akamaized.net//images/flagge/tiny/189.png?lm=1520611569,Sunderland,,loan-return,,€8.00m,8.0,End of loan,,
England,en,2026-08-01 15:48 UTC,"Transfermarkt · England Premier League/Championship/League One/League Two (fees & values are estimates, EUR)",€,Premier League|Championship|League One|League Two,Championship,Millwall FC,,,https://tmssl.akamaized.net//images/wappen/homepageSmall/1028.png?lm=1782932477,out,,Will Smallbone,,,,,,,26,CM,Central Midfield,Ireland,https://tmssl.akamaized.net//images/flagge/tiny/72.png?lm=1520611569,Southampton,,loan-return,,€3.50m,3.5,End of loan,,
England,en,2026-08-01 15:48 UTC,"Transfermarkt · England Premier League/Championship/League One/League Two (fees & values are estimates, EUR)",€,Premier League|Championship|League One|League Two,Championship,Norwich City,,,https://tmssl.akamaized.net//images/wappen/homepageSmall/1123.png?lm=1655469640,in,,Sam Field,,,,,,,28,DM,Defensive Midfield,England,https://tmssl.akamaized.net//images/flagge/tiny/189.png?lm=1520611569,QPR,,transfer,,€2.50m,2.5,€1.75m,1.75,
England,en,2026-08-01 15:48 UTC,"Transfermarkt · England Premier League/Championship/League One/League Two (fees & values are estimates, EUR)",€,Premier League|Championship|League One|League Two,Championship,Norwich City,,,https://tmssl.akamaized.net//images/wappen/homepageSmall/1123.png?lm=1655469640,in,,Bruno Alves,,,,,,,20,CB,Centre-Back,Brazil,https://tmssl.akamaized.net//images/flagge/tiny/26.png?lm=1520611569,Cruzeiro,,loan,,€250k,0.25,Loan,,
England,en,2026-08-01 15:48 UTC,"Transfermarkt · England Premier League/Championship/League One/League Two (fees & values are estimates, EUR)",€,Premier League|Championship|League One|League Two,Championship,Norwich City,,,https://tmssl.akamaized.net//images/wappen/homepageSmall/1123.png?lm=1655469640,in,,Andre Brooks,,,,,,,22,CM,Central Midfield,Jamaica,https://tmssl.akamaized.net//images/flagge/tiny/76.png?lm=1520611569,Sheff Utd,,other,,€6.00m,6.0,?,,
England,en,2026-08-01 15:48 UTC,"Transfermarkt · England Premier League/Championship/League One/League Two (fees & values are estimates, EUR)",€,Premier League|Championship|League One|League Two,Championship,Norwich City,,,https://tmssl.akamaized.net//images/wappen/homepageSmall/1123.png?lm=1655469640,in,,George Long,,,,,,,32,GK,Goalkeeper,England,https://tmssl.akamaized.net//images/flagge/tiny/189.png?lm=1520611569,Southampton,,loan-return,,€150k,0.15,End of loan,,
England,en,2026-08-01 15:48 UTC,"Transfermarkt · England Premier League/Championship/League One/League Two (fees & values are estimates, EUR)",€,Premier League|Championship|League One|League Two,Championship,Norwich City,,,https://tmssl.akamaized.net//images/wappen/homepageSmall/1123.png?lm=1655469640,in,,Elliot Myles,,,,,,,19,AM,Attacking Midfield,Wales,https://tmssl.akamaized.net//images/flagge/tiny/191.png?lm=1520611569,Norwich U21,,promotion,,€75k,0.075,Promotion,,
England,en,2026-08-01 15:48 UTC,"Transfermarkt · England Premier League/Championship/League One/League Two (fees & values are estimates, EUR)",€,Premier League|Championship|League One|League Two,Championship,Norwich City,,,https://tmssl.akamaized.net//images/wappen/homepageSmall/1123.png?lm=1655469640,in,,Louie Moulden,,,,,,,25,GK,Goalkeeper,England,https://tmssl.akamaized.net//images/flagge/tiny/189.png?lm=1520611569,Accrington,,loan-return,,?,,End of loan,,
England,en,2026-08-01 15:48 UTC,"Transfermarkt · England Premier League/Championship/League One/League Two (fees & values are estimates, EUR)",€,Premier League|Championship|League One|League Two,Championship,Norwich City,,,https://tmssl.akamaized.net//images/wappen/homepageSmall/1123.png?lm=1655469640,out,,Tony Springett,,,,,,,23,RW,Right Winger,Ireland,https://tmssl.akamaized.net//images/flagge/tiny/72.png?lm=1520611569,Leyton Orient,,free,,€800k,0.8,Free,0.0,
England,en,2026-08-01 15:48 UTC,"Transfermarkt · England Premier League/Championship/League One/League Two (fees & values are estimates, EUR)",€,Premier League|Championship|League One|League Two,Championship,Norwich City,,,https://tmssl.akamaized.net//images/wappen/homepageSmall/1123.png?lm=1655469640,out,,George Long,,,,,,,32,GK,Goalkeeper,England,https://tmssl.akamaized.net//images/flagge/tiny/189.png?lm=1520611569,Southampton,,free,,€150k,0.15,Free,0.0,
England,en,2026-08-01 15:48 UTC,"Transfermarkt · England Premier League/Championship/League One/League Two (fees & values are estimates, EUR)",€,Premier League|Championship|League One|League Two,Championship,Norwich City,,,https://tmssl.akamaized.net//images/wappen/homepageSmall/1123.png?lm=1655469640,out,,Emiliano Marcondes,,,,,,,31,AM,Attacking Midfield,Denmark,https://tmssl.akamaized.net//images/flagge/tiny/39.png?lm=1520611569,Without Club,,other,,€600k,0.6,?,,
England,en,2026-08-01 15:48 UTC,"Transfermarkt · England Premier League/Championship/League One/League Two (fees & values are estimates, EUR)",€,Premier League|Championship|League One|League Two,Championship,Norwich City,,,https://tmssl.akamaized.net//images/wappen/homepageSmall/1123.png?lm=1655469640,out,,Shane Duffy,,,,,,,34,CB,Centre-Back,Ireland,https://tmssl.akamaized.net//images/flagge/tiny/72.png?lm=1520611569,Without Club,,other,,€350k,0.35,?,,
England,en,2026-08-01 15:48 UTC,"Transfermarkt · England Premier League/Championship/League One/League Two (fees & values are estimates, EUR)",€,Premier League|Championship|League One|League Two,Championship,Norwich City,,,https://tmssl.akamaized.net//images/wappen/homepageSmall/1123.png?lm=1655469640,out,,Jeffrey Schlupp,,,,,,,33,LM,Left Midfield,Ghana,https://tmssl.akamaized.net//images/flagge/tiny/54.png?lm=1520611569,Without Club,,other,,€800k,0.8,?,,
England,en,2026-08-01 15:48 UTC,"Transfermarkt · England Premier League/Championship/League One/League Two (fees & values are estimates, EUR)",€,Premier League|Championship|League One|League Two,Championship,Norwich City,,,https://tmssl.akamaized.net//images/wappen/homepageSmall/1123.png?lm=1655469640,out,,Daniel Barden,,,,,,,25,GK,Goalkeeper,Wales,https://tmssl.akamaized.net//images/flagge/tiny/191.png?lm=1520611569,Without Club,,other,,€100k,0.1,?,,
England,en,2026-08-01 15:48 UTC,"Transfermarkt · England Premier League/Championship/League One/League Two (fees & values are estimates, EUR)",€,Premier League|Championship|League One|League Two,Championship,Norwich City,,,https://tmssl.akamaized.net//images/wappen/homepageSmall/1123.png?lm=1655469640,out,,Louie Moulden,,,,,,,24,GK,Goalkeeper,England,https://tmssl.akamaized.net//images/flagge/tiny/189.png?lm=1520611569,Accrington,,loan,,?,,Loan,,
England,en,2026-08-01 15:48 UTC,"Transfermarkt · England Premier League/Championship/League One/League Two (fees & values are estimates, EUR)",€,Premier League|Championship|League One|League Two,Championship,Norwich City,,,https://tmssl.akamaized.net//images/wappen/homepageSmall/1123.png?lm=1655469640,out,,Harry Amass,,,,,,,19,LB,Left-Back,England,https://tmssl.akamaized.net//images/flagge/tiny/189.png?lm=1520611569,Man Utd,,loan-return,,€7.00m,7.0,End of loan,,
England,en,2026-08-01 15:48 UTC,"Transfermarkt · England Premier League/Championship/League One/League Two (fees & values are estimates, EUR)",€,Premier League|Championship|League One|League Two,Championship,Norwich City,,,https://tmssl.akamaized.net//images/wappen/homepageSmall/1123.png?lm=1655469640,out,,Bruno Alves,,,,,,,21,CB,Centre-Back,Brazil,https://tmssl.akamaized.net//images/flagge/tiny/26.png?lm=1520611569,Cruzeiro,,loan-return,,€250k,0.25,End of loan,,
England,en,2026-08-01 15:48 UTC,"Transfermarkt · England Premier League/Championship/League One/League Two (fees & values are estimates, EUR)",€,Premier League|Championship|League One|League Two,Championship,Portsmouth FC,,,https://tmssl.akamaized.net//images/wappen/homepageSmall/1020.png?lm=1565282045,in,,Marko Milovanović,,,,,,,22,CF,Centre-Forward,Serbia,https://tmssl.akamaized.net//images/flagge/tiny/215.png?lm=1520611569,UD Almería,,transfer,,€2.50m,2.5,€3.50m,3.5,
England,en,2026-08-01 15:48 UTC,"Transfermarkt · England Premier League/Championship/League One/League Two (fees & values are estimates, EUR)",€,Premier League|Championship|League One|League Two,Championship,Portsmouth FC,,,https://tmssl.akamaized.net//images/wappen/homepageSmall/1020.png?lm=1565282045,in,,Rocco Shein,,,,,,,22,CM,Central Midfield,Estonia,https://tmssl.akamaized.net//images/flagge/tiny/47.png?lm=1520611569,Fredrikstad FK,,transfer,,€2.30m,2.3,€2.50m,2.5,
England,en,2026-08-01 15:48 UTC,"Transfermarkt · England Premier League/Championship/League One/League Two (fees & values are estimates, EUR)",€,Premier League|Championship|League One|League Two,Championship,Portsmouth FC,,,https://tmssl.akamaized.net//images/wappen/homepageSmall/1020.png?lm=1565282045,in,,Daniel Bielica,,,,,,,27,GK,Goalkeeper,Poland,https://tmssl.akamaized.net//images/flagge/tiny/135.png?lm=1520611569,NAC Breda,,transfer,,€800k,0.8,€650k,0.65,
England,en,2026-08-01 15:48 UTC,"Transfermarkt · England Premier League/Championship/League One/League Two (fees & values are estimates, EUR)",€,Premier League|Championship|League One|League Two,Championship,Portsmouth FC,,,https://tmssl.akamaized.net//images/wappen/homepageSmall/1020.png?lm=1565282045,in,,Luke Brooke-Smith,,,,,,,18,AM,Attacking Midfield,New Zealand,https://tmssl.akamaized.net//images/flagge/tiny/120.png?lm=1520611569,Wellington,,transfer,,€275k,0.275,€465k,0.465,
England,en,2026-08-01 15:48 UTC,"Transfermarkt · England Premier League/Championship/League One/League Two (fees & values are estimates, EUR)",€,Premier League|Championship|League One|League Two,Championship,Portsmouth FC,,,https://tmssl.akamaized.net//images/wappen/homepageSmall/1020.png?lm=1565282045,in,,Eoin Kenny,,,,,,,20,CF,Centre-Forward,Northern Ireland,https://tmssl.akamaized.net//images/flagge/tiny/192.png?lm=1520611569,Dundalk FC,,transfer,,€150k,0.15,€40k,0.04,
England,en,2026-08-01 15:48 UTC,"Transfermarkt · England Premier League/Championship/League One/League Two (fees & values are estimates, EUR)",€,Premier League|Championship|League One|League Two,Championship,Portsmouth FC,,,https://tmssl.akamaized.net//images/wappen/homepageSmall/1020.png?lm=1565282045,in,,Odin Bailey,,,,,,,26,AM,Attacking Midfield,England,https://tmssl.akamaized.net//images/flagge/tiny/189.png?lm=1520611569,Stockport,,free,,€500k,0.5,Free,0.0,
England,en,2026-08-01 15:48 UTC,"Transfermarkt · England Premier League/Championship/League One/League Two (fees & values are estimates, EUR)",€,Premier League|Championship|League One|League Two,Championship,Portsmouth FC,,,https://tmssl.akamaized.net//images/wappen/homepageSmall/1020.png?lm=1565282045,in,,Michael Ani,,,,,,,20,RB,Right-Back,England,https://tmssl.akamaized.net//images/flagge/tiny/189.png?lm=1520611569,Portsmouth U18,,promotion,,?,,Promotion,,
England,en,2026-08-01 15:48 UTC,"Transfermarkt · England Premier League/Championship/League One/League Two (fees & values are estimates, EUR)",€,Premier League|Championship|League One|League Two,Championship,Portsmouth FC,,,https://tmssl.akamaized.net//images/wappen/homepageSmall/1020.png?lm=1565282045,in,,Nathaniel Chioma,,,,,,,18,Striker,Striker,England,https://tmssl.akamaized.net//images/flagge/tiny/189.png?lm=1520611569,Portsmouth U18,,promotion,,?,,Promotion,,
England,en,2026-08-01 15:48 UTC,"Transfermarkt · England Premier League/Championship/League One/League Two (fees & values are estimates, EUR)",€,Premier League|Championship|League One|League Two,Championship,Portsmouth FC,,,https://tmssl.akamaized.net//images/wappen/homepageSmall/1020.png?lm=1565282045,in,,Chinedu Agu,,,,,,,18,RB,Right-Back,England,https://tmssl.akamaized.net//images/flagge/tiny/189.png?lm=1520611569,Portsmouth U18,,promotion,,?,,Promotion,,
England,en,2026-08-01 15:48 UTC,"Transfermarkt · England Premier League/Championship/League One/League Two (fees & values are estimates, EUR)",€,Premier League|Championship|League One|League Two,Championship,Portsmouth FC,,,https://tmssl.akamaized.net//images/wappen/homepageSmall/1020.png?lm=1565282045,in,,Tayo Singerr,,,,,,,18,CF,Centre-Forward,England,https://tmssl.akamaized.net//images/flagge/tiny/189.png?lm=1520611569,Portsmouth U18,,promotion,,?,,Promotion,,
England,en,2026-08-01 15:48 UTC,"Transfermarkt · England Premier League/Championship/League One/League Two (fees & values are estimates, EUR)",€,Premier League|Championship|League One|League Two,Championship,Portsmouth FC,,,https://tmssl.akamaized.net//images/wappen/homepageSmall/1020.png?lm=1565282045,in,,Jordan Williams,,,,,,,27,RB,Right-Back,England,https://tmssl.akamaized.net//images/flagge/tiny/189.png?lm=1520611569,Blackpool,,loan-return,,€800k,0.8,End of loan,,
England,en,2026-08-01 15:48 UTC,"Transfermarkt · England Premier League/Championship/League One/League Two (fees & values are estimates, EUR)",€,Premier League|Championship|League One|League Two,Championship,Portsmouth FC,,,https://tmssl.akamaized.net//images/wappen/homepageSmall/1020.png?lm=1565282045,in,,Toby Steward,,,,,,,21,GK,Goalkeeper,England,https://tmssl.akamaized.net//images/flagge/tiny/189.png?lm=1520611569,St. Johnstone,,loan-return,,€250k,0.25,End of loan,,
England,en,2026-08-01 15:48 UTC,"Transfermarkt · England Premier League/Championship/League One/League Two (fees & values are estimates, EUR)",€,Premier League|Championship|League One|League Two,Championship,Portsmouth FC,,,https://tmssl.akamaized.net//images/wappen/homepageSmall/1020.png?lm=1565282045,in,,Jacob Farrell,,,,,,,23,LB,Left-Back,Australia,https://tmssl.akamaized.net//images/flagge/tiny/12.png?lm=1520611569,Western Sydney,,loan-return,,€450k,0.45,End of loan,,
England,en,2026-08-01 15:48 UTC,"Transfermarkt · England Premier League/Championship/League One/League Two (fees & values are estimates, EUR)",€,Premier League|Championship|League One|League Two,Championship,Portsmouth FC,,,https://tmssl.akamaized.net//images/wappen/homepageSmall/1020.png?lm=1565282045,out,,Andre Dozzell,,,,,,,27,CM,Central Midfield,England,https://tmssl.akamaized.net//images/flagge/tiny/189.png?lm=1520611569,D.C. United,,free,,€2.00m,2.0,Free,0.0,
England,en,2026-08-01 15:48 UTC,"Transfermarkt · England Premier League/Championship/League One/League Two (fees & values are estimates, EUR)",€,Premier League|Championship|League One|League Two,Championship,Portsmouth FC,,,https://tmssl.akamaized.net//images/wappen/homepageSmall/1020.png?lm=1565282045,out,,Reuben Swann,,,,,,,20,CM,Central Midfield,England,https://tmssl.akamaized.net//images/flagge/tiny/189.png?lm=1520611569,Braintree,,free,,?,,Free,0.0,
England,en,2026-08-01 15:48 UTC,"Transfermarkt · England Premier League/Championship/League One/League Two (fees & values are estimates, EUR)",€,Premier League|Championship|League One|League Two,Championship,Portsmouth FC,,,https://tmssl.akamaized.net//images/wappen/homepageSmall/1020.png?lm=1565282045,out,,Jordan Williams,,,,,,,26,RB,Right-Back,England,https://tmssl.akamaized.net//images/flagge/tiny/189.png?lm=1520611569,Blackpool,,loan,,€800k,0.8,Loan,,
England,en,2026-08-01 15:48 UTC,"Transfermarkt · England Premier League/Championship/League One/League Two (fees & values are estimates, EUR)",€,Premier League|Championship|League One|League Two,Championship,Portsmouth FC,,,https://tmssl.akamaized.net//images/wappen/homepageSmall/1020.png?lm=1565282045,out,,Makenzie Kirk,,,,,,,22,CF,Centre-Forward,Northern Ireland,https://tmssl.akamaized.net//images/flagge/tiny/192.png?lm=1520611569,Barnsley,,loan,,€400k,0.4,Loan,,
England,en,2026-08-01 15:48 UTC,"Transfermarkt · England Premier League/Championship/League One/League Two (fees & values are estimates, EUR)",€,Premier League|Championship|League One|League Two,Championship,Portsmouth FC,,,https://tmssl.akamaized.net//images/wappen/homepageSmall/1020.png?lm=1565282045,out,,Toby Steward,,,,,,,21,GK,Goalkeeper,England,https://tmssl.akamaized.net//images/flagge/tiny/189.png?lm=1520611569,St. Johnstone,,loan,,€250k,0.25,Loan,,
England,en,2026-08-01 15:48 UTC,"Transfermarkt · England Premier League/Championship/League One/League Two (fees & values are estimates, EUR)",€,Premier League|Championship|League One|League Two,Championship,Portsmouth FC,,,https://tmssl.akamaized.net//images/wappen/homepageSmall/1020.png?lm=1565282045,out,,Harry Clout,,,,,,,19,AM,Attacking Midfield,England,https://tmssl.akamaized.net//images/flagge/tiny/189.png?lm=1520611569,Without Club,,other,,?,,?,,
England,en,2026-08-01 15:48 UTC,"Transfermarkt · England Premier League/Championship/League One/League Two (fees & values are estimates, EUR)",€,Premier League|Championship|League One|League Two,Championship,Portsmouth FC,,,https://tmssl.akamaized.net//images/wappen/homepageSmall/1020.png?lm=1565282045,out,,Jordan Archer,,,,,,,33,GK,Goalkeeper,Scotland,https://tmssl.akamaized.net//images/flagge/tiny/190.png?lm=1520611569,Without Club,,other,,€50k,0.05,?,,
England,en,2026-08-01 15:48 UTC,"Transfermarkt · England Premier League/Championship/League One/League Two (fees & values are estimates, EUR)",€,Premier League|Championship|League One|League Two,Championship,Portsmouth FC,,,https://tmssl.akamaized.net//images/wappen/homepageSmall/1020.png?lm=1565282045,out,,Gustavo Caballero,,,,,,,24,LW,Left Winger,Paraguay,https://tmssl.akamaized.net//images/flagge/tiny/132.png?lm=1520611569,Santos,,loan-return,,€1.00m,1.0,End of loan,,
England,en,2026-08-01 15:48 UTC,"Transfermarkt · England Premier League/Championship/League One/League Two (fees & values are estimates, EUR)",€,Premier League|Championship|League One|League Two,Championship,Portsmouth FC,,,https://tmssl.akamaized.net//images/wappen/homepageSmall/1020.png?lm=1565282045,out,,Jacob Brown,,,,,,,28,CF,Centre-Forward,Scotland,https://tmssl.akamaized.net//images/flagge/tiny/190.png?lm=1520611569,Luton,,loan-return,,€1.00m,1.0,End of loan,,
England,en,2026-08-01 15:48 UTC,"Transfermarkt · England Premier League/Championship/League One/League Two (fees & values are estimates, EUR)",€,Premier League|Championship|League One|League Two,Championship,Portsmouth FC,,,https://tmssl.akamaized.net//images/wappen/homepageSmall/1020.png?lm=1565282045,out,,Aji Alese,,,,,,,25,CB,Centre-Back,England,https://tmssl.akamaized.net//images/flagge/tiny/189.png?lm=1520611569,Sunderland,,loan-return,,€700k,0.7,End of loan,,
England,en,2026-08-01 15:48 UTC,"Transfermarkt · England Premier League/Championship/League One/League Two (fees & values are estimates, EUR)",€,Premier League|Championship|League One|League Two,Championship,Portsmouth FC,,,https://tmssl.akamaized.net//images/wappen/homepageSmall/1020.png?lm=1565282045,out,,Millenic Alli,,,,,,,26,LW,Left Winger,Ireland,https://tmssl.akamaized.net//images/flagge/tiny/72.png?lm=1520611569,Luton,,loan-return,,€1.50m,1.5,End of loan,,
England,en,2026-08-01 15:48 UTC,"Transfermarkt · England Premier League/Championship/League One/League Two (fees & values are estimates, EUR)",€,Premier League|Championship|League One|League Two,Championship,Portsmouth FC,,,https://tmssl.akamaized.net//images/wappen/homepageSmall/1020.png?lm=1565282045,out,,Conor Chaplin,,,,,,,29,SS,Second Striker,England,https://tmssl.akamaized.net//images/flagge/tiny/189.png?lm=1520611569,Ipswich,,loan-return,,€2.20m,2.2,End of loan,,
England,en,2026-08-01 15:48 UTC,"Transfermarkt · England Premier League/Championship/League One/League Two (fees & values are estimates, EUR)",€,Premier League|Championship|League One|League Two,Championship,Preston North End,,,https://tmssl.akamaized.net//images/wappen/homepageSmall/466.png?lm=1414769167,in,,Alfie Devine,,,,,,,21,AM,Attacking Midfield,England,https://tmssl.akamaized.net//images/flagge/tiny/189.png?lm=1520611569,Tottenham,,transfer,,€8.00m,8.0,€5.30m,5.3,
England,en,2026-08-01 15:48 UTC,"Transfermarkt · England Premier League/Championship/League One/League Two (fees & values are estimates, EUR)",€,Premier League|Championship|League One|League Two,Championship,Preston North End,,,https://tmssl.akamaized.net//images/wappen/homepageSmall/466.png?lm=1414769167,in,,Lee Nicholls,,,,,,,33,GK,Goalkeeper,England,https://tmssl.akamaized.net//images/flagge/tiny/189.png?lm=1520611569,Huddersfield,,other,,€400k,0.4,?,,
England,en,2026-08-01 15:48 UTC,"Transfermarkt · England Premier League/Championship/League One/League Two (fees & values are estimates, EUR)",€,Premier League|Championship|League One|League Two,Championship,Preston North End,,,https://tmssl.akamaized.net//images/wappen/homepageSmall/466.png?lm=1414769167,in,,Jusef Erabi,,,,,,,23,CF,Centre-Forward,Sweden,https://tmssl.akamaized.net//images/flagge/tiny/147.png?lm=1520611569,Genk,,loan,,€2.00m,2.0,Loan,,
England,en,2026-08-01 15:48 UTC,"Transfermarkt · England Premier League/Championship/League One/League Two (fees & values are estimates, EUR)",€,Premier League|Championship|League One|League Two,Championship,Preston North End,,,https://tmssl.akamaized.net//images/wappen/homepageSmall/466.png?lm=1414769167,in,,Max Wilson,,,,,,,19,CF,Centre-Forward,Northern Ireland,https://tmssl.akamaized.net//images/flagge/tiny/192.png?lm=1520611569,Preston U19,,promotion,,?,,Promotion,,
England,en,2026-08-01 15:48 UTC,"Transfermarkt · England Premier League/Championship/League One/League Two (fees & values are estimates, EUR)",€,Premier League|Championship|League One|League Two,Championship,Preston North End,,,https://tmssl.akamaized.net//images/wappen/homepageSmall/466.png?lm=1414769167,out,,Michael Smith,,,,,,,34,CF,Centre-Forward,England,https://tmssl.akamaized.net//images/flagge/tiny/189.png?lm=1520611569,Mansfield Town,,free,,€150k,0.15,Free,0.0,
England,en,2026-08-01 15:48 UTC,"Transfermarkt · England Premier League/Championship/League One/League Two (fees & values are estimates, EUR)",€,Premier League|Championship|League One|League Two,Championship,Preston North End,,,https://tmssl.akamaized.net//images/wappen/homepageSmall/466.png?lm=1414769167,out,,James Pradic,,,,,,,21,GK,Goalkeeper,Wales,https://tmssl.akamaized.net//images/flagge/tiny/191.png?lm=1520611569,Fleetwood,,free,,?,,Free,0.0,
England,en,2026-08-01 15:48 UTC,"Transfermarkt · England Premier League/Championship/League One/League Two (fees & values are estimates, EUR)",€,Premier League|Championship|League One|League Two,Championship,Preston North End,,,https://tmssl.akamaized.net//images/wappen/homepageSmall/466.png?lm=1414769167,out,,Noah Mawene,,,,,,,21,DM,Defensive Midfield,England,https://tmssl.akamaized.net//images/flagge/tiny/189.png?lm=1520611569,Fleetwood,,free,,€200k,0.2,Free,0.0,
England,en,2026-08-01 15:48 UTC,"Transfermarkt · England Premier League/Championship/League One/League Two (fees & values are estimates, EUR)",€,Premier League|Championship|League One|League Two,Championship,Preston North End,,,https://tmssl.akamaized.net//images/wappen/homepageSmall/466.png?lm=1414769167,out,,Jack Walton,,,,,,,28,GK,Goalkeeper,England,https://tmssl.akamaized.net//images/flagge/tiny/189.png?lm=1520611569,Dundee United,,other,,€500k,0.5,?,,
England,en,2026-08-01 15:48 UTC,"Transfermarkt · England Premier League/Championship/League One/League Two (fees & values are estimates, EUR)",€,Premier League|Championship|League One|League Two,Championship,Preston North End,,,https://tmssl.akamaized.net//images/wappen/homepageSmall/466.png?lm=1414769167,out,,Robbie Brady,,,,,,,34,LM,Left Midfield,Ireland,https://tmssl.akamaized.net//images/flagge/tiny/72.png?lm=1520611569,Without Club,,other,,€100k,0.1,?,,
England,en,2026-08-01 15:48 UTC,"Transfermarkt · England Premier League/Championship/League One/League Two (fees & values are estimates, EUR)",€,Premier League|Championship|League One|League Two,Championship,Preston North End,,,https://tmssl.akamaized.net//images/wappen/homepageSmall/466.png?lm=1414769167,out,,Will Keane,,,,,,,33,CF,Centre-Forward,Ireland,https://tmssl.akamaized.net//images/flagge/tiny/72.png?lm=1520611569,Without Club,,other,,€300k,0.3,?,,
England,en,2026-08-01 15:48 UTC,"Transfermarkt · England Premier League/Championship/League One/League Two (fees & values are estimates, EUR)",€,Premier League|Championship|League One|League Two,Championship,Preston North End,,,https://tmssl.akamaized.net//images/wappen/homepageSmall/466.png?lm=1414769167,out,,Jamal Lewis,,,,,,,28,LB,Left-Back,Northern Ireland,https://tmssl.akamaized.net//images/flagge/tiny/192.png?lm=1520611569,Without Club,,other,,€1.50m,1.5,?,,
England,en,2026-08-01 15:48 UTC,"Transfermarkt · England Premier League/Championship/League One/League Two (fees & values are estimates, EUR)",€,Premier League|Championship|League One|League Two,Championship,Preston North End,,,https://tmssl.akamaized.net//images/wappen/homepageSmall/466.png?lm=1414769167,out,,James Pradic,,,,,,,21,GK,Goalkeeper,Wales,https://tmssl.akamaized.net//images/flagge/tiny/191.png?lm=1520611569,Without Club,,other,,?,,?,,
England,en,2026-08-01 15:48 UTC,"Transfermarkt · England Premier League/Championship/League One/League Two (fees & values are estimates, EUR)",€,Premier League|Championship|League One|League Two,Championship,Preston North End,,,https://tmssl.akamaized.net//images/wappen/homepageSmall/466.png?lm=1414769167,out,,Daniel Jebbison,,,,,,,22,CF,Centre-Forward,Canada,https://tmssl.akamaized.net//images/flagge/tiny/80.png?lm=1520611569,Bournemouth,,loan-return,,€6.00m,6.0,End of loan,,
England,en,2026-08-01 15:48 UTC,"Transfermarkt · England Premier League/Championship/League One/League Two (fees & values are estimates, EUR)",€,Premier League|Championship|League One|League Two,Championship,Preston North End,,,https://tmssl.akamaized.net//images/wappen/homepageSmall/466.png?lm=1414769167,out,,Alfie Devine,,,,,,,21,AM,Attacking Midfield,England,https://tmssl.akamaized.net//images/flagge/tiny/189.png?lm=1520611569,Tottenham,,loan-return,,€8.00m,8.0,End of loan,,
England,en,2026-08-01 15:48 UTC,"Transfermarkt · England Premier League/Championship/League One/League Two (fees & values are estimates, EUR)",€,Premier League|Championship|League One|League Two,Championship,Preston North End,,,https://tmssl.akamaized.net//images/wappen/homepageSmall/466.png?lm=1414769167,out,,Lewis Dobbin,,,,,,,23,LW,Left Winger,England,https://tmssl.akamaized.net//images/flagge/tiny/189.png?lm=1520611569,Aston Villa,,loan-return,,€7.00m,7.0,End of loan,,
England,en,2026-08-01 15:48 UTC,"Transfermarkt · England Premier League/Championship/League One/League Two (fees & values are estimates, EUR)",€,Premier League|Championship|League One|League Two,Championship,Preston North End,,,https://tmssl.akamaized.net//images/wappen/homepageSmall/466.png?lm=1414769167,out,,Milos Lukovic,,,,,,,20,CF,Centre-Forward,Serbia,https://tmssl.akamaized.net//images/flagge/tiny/215.png?lm=1520611569,R. Strasbourg,,loan-return,,€3.50m,3.5,End of loan,,
England,en,2026-08-01 15:48 UTC,"Transfermarkt · England Premier League/Championship/League One/League Two (fees & values are estimates, EUR)",€,Premier League|Championship|League One|League Two,Championship,Queens Park Rangers,,,https://tmssl.akamaized.net//images/wappen/homepageSmall/1039.png?lm=1464680692,in,,Calum Ward,,,,,,,25,GK,Goalkeeper,England,https://tmssl.akamaized.net//images/flagge/tiny/189.png?lm=1520611569,Motherwell FC,,transfer,,€800k,0.8,€760k,0.76,
England,en,2026-08-01 15:48 UTC,"Transfermarkt · England Premier League/Championship/League One/League Two (fees & values are estimates, EUR)",€,Premier League|Championship|League One|League Two,Championship,Queens Park Rangers,,,https://tmssl.akamaized.net//images/wappen/homepageSmall/1039.png?lm=1464680692,in,,Boy Kemper,,,,,,,27,LB,Left-Back,Netherlands,https://tmssl.akamaized.net//images/flagge/tiny/122.png?lm=1520611569,NAC Breda,,free,,€1.00m,1.0,Free,0.0,
England,en,2026-08-01 15:48 UTC,"Transfermarkt · England Premier League/Championship/League One/League Two (fees & values are estimates, EUR)",€,Premier League|Championship|League One|League Two,Championship,Queens Park Rangers,,,https://tmssl.akamaized.net//images/wappen/homepageSmall/1039.png?lm=1464680692,in,,Tariq Lamptey,,,,,,,25,RB,Right-Back,Ghana,https://tmssl.akamaized.net//images/flagge/tiny/54.png?lm=1520611569,Fiorentina,,free,,€3.00m,3.0,Free,0.0,
England,en,2026-08-01 15:48 UTC,"Transfermarkt · England Premier League/Championship/League One/League Two (fees & values are estimates, EUR)",€,Premier League|Championship|League One|League Two,Championship,Queens Park Rangers,,,https://tmssl.akamaized.net//images/wappen/homepageSmall/1039.png?lm=1464680692,in,,Pierce Charles,,,,,,,20,GK,Goalkeeper,Northern Ireland,https://tmssl.akamaized.net//images/flagge/tiny/192.png?lm=1520611569,Man City,,loan,,€900k,0.9,Loan,,
England,en,2026-08-01 15:48 UTC,"Transfermarkt · England Premier League/Championship/League One/League Two (fees & values are estimates, EUR)",€,Premier League|Championship|League One|League Two,Championship,Queens Park Rangers,,,https://tmssl.akamaized.net//images/wappen/homepageSmall/1039.png?lm=1464680692,in,,Hevertton,,,,,,,25,RB,Right-Back,Portugal,https://tmssl.akamaized.net//images/flagge/tiny/136.png?lm=1520611569,Gil Vicente,,loan-return,,€800k,0.8,End of loan,,
England,en,2026-08-01 15:48 UTC,"Transfermarkt · England Premier League/Championship/League One/League Two (fees & values are estimates, EUR)",€,Premier League|Championship|League One|League Two,Championship,Queens Park Rangers,,,https://tmssl.akamaized.net//images/wappen/homepageSmall/1039.png?lm=1464680692,in,,Joe Walsh,,,,,,,25,GK,Goalkeeper,England,https://tmssl.akamaized.net//images/flagge/tiny/189.png?lm=1520611569,Wigan,,loan-return,,€1.50m,1.5,End of loan,,
England,en,2026-08-01 15:48 UTC,"Transfermarkt · England Premier League/Championship/League One/League Two (fees & values are estimates, EUR)",€,Premier League|Championship|League One|League Two,Championship,Queens Park Rangers,,,https://tmssl.akamaized.net//images/wappen/homepageSmall/1039.png?lm=1464680692,in,,Elijah Dixon-Bonner,,,,,,,25,CM,Central Midfield,England,https://tmssl.akamaized.net//images/flagge/tiny/189.png?lm=1520611569,Wealdstone,,loan-return,,€250k,0.25,End of loan,,
England,en,2026-08-01 15:48 UTC,"Transfermarkt · England Premier League/Championship/League One/League Two (fees & values are estimates, EUR)",€,Premier League|Championship|League One|League Two,Championship,Queens Park Rangers,,,https://tmssl.akamaized.net//images/wappen/homepageSmall/1039.png?lm=1464680692,in,,Daniel Bennie,,,,,,,21,LW,Left Winger,Australia,https://tmssl.akamaized.net//images/flagge/tiny/12.png?lm=1520611569,Dundee United,,loan-return,,€400k,0.4,End of loan,,
England,en,2026-08-01 15:48 UTC,"Transfermarkt · England Premier League/Championship/League One/League Two (fees & values are estimates, EUR)",€,Premier League|Championship|League One|League Two,Championship,Queens Park Rangers,,,https://tmssl.akamaized.net//images/wappen/homepageSmall/1039.png?lm=1464680692,in,,Zan Celar,,,,,,,27,CF,Centre-Forward,Slovenia,https://tmssl.akamaized.net//images/flagge/tiny/155.png?lm=1520611569,F. Düsseldorf,,loan-return,,€800k,0.8,End of loan,,
England,en,2026-08-01 15:48 UTC,"Transfermarkt · England Premier League/Championship/League One/League Two (fees & values are estimates, EUR)",€,Premier League|Championship|League One|League Two,Championship,Queens Park Rangers,,,https://tmssl.akamaized.net//images/wappen/homepageSmall/1039.png?lm=1464680692,out,,Sam Field,,,,,,,28,DM,Defensive Midfield,England,https://tmssl.akamaized.net//images/flagge/tiny/189.png?lm=1520611569,Norwich,,transfer,,€2.50m,2.5,€1.75m,1.75,
England,en,2026-08-01 15:48 UTC,"Transfermarkt · England Premier League/Championship/League One/League Two (fees & values are estimates, EUR)",€,Premier League|Championship|League One|League Two,Championship,Queens Park Rangers,,,https://tmssl.akamaized.net//images/wappen/homepageSmall/1039.png?lm=1464680692,out,,Zan Celar,,,,,,,27,CF,Centre-Forward,Slovenia,https://tmssl.akamaized.net//images/flagge/tiny/155.png?lm=1520611569,Basel,,transfer,,€800k,0.8,€1.50m,1.5,
England,en,2026-08-01 15:48 UTC,"Transfermarkt · England Premier League/Championship/League One/League Two (fees & values are estimates, EUR)",€,Premier League|Championship|League One|League Two,Championship,Queens Park Rangers,,,https://tmssl.akamaized.net//images/wappen/homepageSmall/1039.png?lm=1464680692,out,,Murphy Cooper,,,,,,,24,GK,Goalkeeper,England,https://tmssl.akamaized.net//images/flagge/tiny/189.png?lm=1520611569,Plymouth,,transfer,,€400k,0.4,€290k,0.29,
England,en,2026-08-01 15:48 UTC,"Transfermarkt · England Premier League/Championship/League One/League Two (fees & values are estimates, EUR)",€,Premier League|Championship|League One|League Two,Championship,Queens Park Rangers,,,https://tmssl.akamaized.net//images/wappen/homepageSmall/1039.png?lm=1464680692,out,,Hevertton,,,,,,,25,RB,Right-Back,Portugal,https://tmssl.akamaized.net//images/flagge/tiny/136.png?lm=1520611569,Levski Sofia,,free,,€800k,0.8,Free,0.0,
England,en,2026-08-01 15:48 UTC,"Transfermarkt · England Premier League/Championship/League One/League Two (fees & values are estimates, EUR)",€,Premier League|Championship|League One|League Two,Championship,Queens Park Rangers,,,https://tmssl.akamaized.net//images/wappen/homepageSmall/1039.png?lm=1464680692,out,,Steve Cook,,,,,,,35,CB,Centre-Back,England,https://tmssl.akamaized.net//images/flagge/tiny/189.png?lm=1520611569,Wycombe,,free,,€200k,0.2,Free,0.0,
England,en,2026-08-01 15:48 UTC,"Transfermarkt · England Premier League/Championship/League One/League Two (fees & values are estimates, EUR)",€,Premier League|Championship|League One|League Two,Championship,Queens Park Rangers,,,https://tmssl.akamaized.net//images/wappen/homepageSmall/1039.png?lm=1464680692,out,,Paul Nardi,,,,,,,32,GK,Goalkeeper,France,https://tmssl.akamaized.net//images/flagge/tiny/50.png?lm=1520611569,AJ Auxerre,,free,,€1.20m,1.2,Free,0.0,
England,en,2026-08-01 15:48 UTC,"Transfermarkt · England Premier League/Championship/League One/League Two (fees & values are estimates, EUR)",€,Premier League|Championship|League One|League Two,Championship,Queens Park Rangers,,,https://tmssl.akamaized.net//images/wappen/homepageSmall/1039.png?lm=1464680692,out,,Isaac Hayden,,,,,,,31,DM,Defensive Midfield,Jamaica,https://tmssl.akamaized.net//images/flagge/tiny/76.png?lm=1520611569,Leyton Orient,,free,,€400k,0.4,Free,0.0,
England,en,2026-08-01 15:48 UTC,"Transfermarkt · England Premier League/Championship/League One/League Two (fees & values are estimates, EUR)",€,Premier League|Championship|League One|League Two,Championship,Queens Park Rangers,,,https://tmssl.akamaized.net//images/wappen/homepageSmall/1039.png?lm=1464680692,out,,Joe Walsh,,,,,,,24,GK,Goalkeeper,England,https://tmssl.akamaized.net//images/flagge/tiny/189.png?lm=1520611569,Wigan,,loan,,€1.50m,1.5,Loan,,
England,en,2026-08-01 15:48 UTC,"Transfermarkt · England Premier League/Championship/League One/League Two (fees & values are estimates, EUR)",€,Premier League|Championship|League One|League Two,Championship,Queens Park Rangers,,,https://tmssl.akamaized.net//images/wappen/homepageSmall/1039.png?lm=1464680692,out,,Elijah Dixon-Bonner,,,,,,,25,CM,Central Midfield,England,https://tmssl.akamaized.net//images/flagge/tiny/189.png?lm=1520611569,Without Club,,other,,€250k,0.25,?,,
England,en,2026-08-01 15:48 UTC,"Transfermarkt · England Premier League/Championship/League One/League Two (fees & values are estimates, EUR)",€,Premier League|Championship|League One|League Two,Championship,Queens Park Rangers,,,https://tmssl.akamaized.net//images/wappen/homepageSmall/1039.png?lm=1464680692,out,,Ben Hamer,,,,,,,38,GK,Goalkeeper,England,https://tmssl.akamaized.net//images/flagge/tiny/189.png?lm=1520611569,Without Club,,other,,€50k,0.05,?,,
England,en,2026-08-01 15:48 UTC,"Transfermarkt · England Premier League/Championship/League One/League Two (fees & values are estimates, EUR)",€,Premier League|Championship|League One|League Two,Championship,Queens Park Rangers,,,https://tmssl.akamaized.net//images/wappen/homepageSmall/1039.png?lm=1464680692,out,,Daniel Bennie,,,,,,,20,LW,Left Winger,Australia,https://tmssl.akamaized.net//images/flagge/tiny/12.png?lm=1520611569,Dundee United,,loan,,€400k,0.4,Loan,,
England,en,2026-08-01 15:48 UTC,"Transfermarkt · England Premier League/Championship/League One/League Two (fees & values are estimates, EUR)",€,Premier League|Championship|League One|League Two,Championship,Queens Park Rangers,,,https://tmssl.akamaized.net//images/wappen/homepageSmall/1039.png?lm=1464680692,out,,Pierce Charles,,,,,,,21,GK,Goalkeeper,Northern Ireland,https://tmssl.akamaized.net//images/flagge/tiny/192.png?lm=1520611569,Man City,,loan-return,,€900k,0.9,End of loan,,
England,en,2026-08-01 15:48 UTC,"Transfermarkt · England Premier League/Championship/League One/League Two (fees & values are estimates, EUR)",€,Premier League|Championship|League One|League Two,Championship,Queens Park Rangers,,,https://tmssl.akamaized.net//images/wappen/homepageSmall/1039.png?lm=1464680692,out,,Rhys Norrington-Davies,,,,,,,27,LB,Left-Back,Wales,https://tmssl.akamaized.net//images/flagge/tiny/191.png?lm=1520611569,Sheff Utd,,loan-return,,€2.50m,2.5,End of loan,,
England,en,2026-08-01 15:48 UTC,"Transfermarkt · England Premier League/Championship/League One/League Two (fees & values are estimates, EUR)",€,Premier League|Championship|League One|League Two,Championship,Sheffield United,,,https://tmssl.akamaized.net//images/wappen/homepageSmall/350.png?lm=1409254138,in,,Matt Doherty,,,,,,,34,RB,Right-Back,Ireland,https://tmssl.akamaized.net//images/flagge/tiny/72.png?lm=1520611569,Wolves,,free,,€1.00m,1.0,Free,0.0,
England,en,2026-08-01 15:48 UTC,"Transfermarkt · England Premier League/Championship/League One/League Two (fees & values are estimates, EUR)",€,Premier League|Championship|League One|League Two,Championship,Sheffield United,,,https://tmssl.akamaized.net//images/wappen/homepageSmall/350.png?lm=1409254138,in,,Romelle Donovan,,,,,,,19,RW,Right Winger,England,https://tmssl.akamaized.net//images/flagge/tiny/189.png?lm=1520611569,Brentford,,loan,,€3.50m,3.5,Loan,,
England,en,2026-08-01 15:48 UTC,"Transfermarkt · England Premier League/Championship/League One/League Two (fees & values are estimates, EUR)",€,Premier League|Championship|League One|League Two,Championship,Sheffield United,,,https://tmssl.akamaized.net//images/wappen/homepageSmall/350.png?lm=1409254138,in,,Christian Nwachukwu,,,,,,,20,LW,Left Winger,Nigeria,https://tmssl.akamaized.net//images/flagge/tiny/124.png?lm=1520611569,Serik Spor,,loan-return,,€600k,0.6,End of loan,,
England,en,2026-08-01 15:48 UTC,"Transfermarkt · England Premier League/Championship/League One/League Two (fees & values are estimates, EUR)",€,Premier League|Championship|League One|League Two,Championship,Sheffield United,,,https://tmssl.akamaized.net//images/wappen/homepageSmall/350.png?lm=1409254138,in,,Ehije Ukaki,,,,,,,21,RW,Right Winger,Nigeria,https://tmssl.akamaized.net//images/flagge/tiny/124.png?lm=1520611569,Atromitos,,loan-return,,€700k,0.7,End of loan,,
England,en,2026-08-01 15:48 UTC,"Transfermarkt · England Premier League/Championship/League One/League Two (fees & values are estimates, EUR)",€,Premier League|Championship|League One|League Two,Championship,Sheffield United,,,https://tmssl.akamaized.net//images/wappen/homepageSmall/350.png?lm=1409254138,in,,Nils Zätterström,,,,,,,21,CB,Centre-Back,Sweden,https://tmssl.akamaized.net//images/flagge/tiny/147.png?lm=1520611569,Genoa,,loan-return,,€3.50m,3.5,End of loan,,
England,en,2026-08-01 15:48 UTC,"Transfermarkt · England Premier League/Championship/League One/League Two (fees & values are estimates, EUR)",€,Premier League|Championship|League One|League Two,Championship,Sheffield United,,,https://tmssl.akamaized.net//images/wappen/homepageSmall/350.png?lm=1409254138,in,,Luke Faxon,,,,,,,21,GK,Goalkeeper,England,https://tmssl.akamaized.net//images/flagge/tiny/189.png?lm=1520611569,Boston Utd,,loan-return,,?,,End of loan,,
England,en,2026-08-01 15:48 UTC,"Transfermarkt · England Premier League/Championship/League One/League Two (fees & values are estimates, EUR)",€,Premier League|Championship|League One|League Two,Championship,Sheffield United,,,https://tmssl.akamaized.net//images/wappen/homepageSmall/350.png?lm=1409254138,in,,Rhys Norrington-Davies,,,,,,,27,LB,Left-Back,Wales,https://tmssl.akamaized.net//images/flagge/tiny/191.png?lm=1520611569,QPR,,loan-return,,€2.50m,2.5,End of loan,,
England,en,2026-08-01 15:48 UTC,"Transfermarkt · England Premier League/Championship/League One/League Two (fees & values are estimates, EUR)",€,Premier League|Championship|League One|League Two,Championship,Sheffield United,,,https://tmssl.akamaized.net//images/wappen/homepageSmall/350.png?lm=1409254138,in,,Ivo Grbic,,,,,,,30,GK,Goalkeeper,Croatia,https://tmssl.akamaized.net//images/flagge/tiny/37.png?lm=1520611569,Karagümrük,,loan-return,,€1.00m,1.0,End of loan,,
England,en,2026-08-01 15:48 UTC,"Transfermarkt · England Premier League/Championship/League One/League Two (fees & values are estimates, EUR)",€,Premier League|Championship|League One|League Two,Championship,Sheffield United,,,https://tmssl.akamaized.net//images/wappen/homepageSmall/350.png?lm=1409254138,out,,Andre Brooks,,,,,,,22,CM,Central Midfield,Jamaica,https://tmssl.akamaized.net//images/flagge/tiny/76.png?lm=1520611569,Norwich,,other,,€6.00m,6.0,?,,
England,en,2026-08-01 15:48 UTC,"Transfermarkt · England Premier League/Championship/League One/League Two (fees & values are estimates, EUR)",€,Premier League|Championship|League One|League Two,Championship,Sheffield United,,,https://tmssl.akamaized.net//images/wappen/homepageSmall/350.png?lm=1409254138,out,,Mihail Polendakov,,,,,,,19,RB,Right-Back,Bulgaria,https://tmssl.akamaized.net//images/flagge/tiny/28.png?lm=1520611569,Ludogorets,,loan,,€400k,0.4,Loan,,
England,en,2026-08-01 15:48 UTC,"Transfermarkt · England Premier League/Championship/League One/League Two (fees & values are estimates, EUR)",€,Premier League|Championship|League One|League Two,Championship,Sheffield United,,,https://tmssl.akamaized.net//images/wappen/homepageSmall/350.png?lm=1409254138,out,,Alex Matos,,,,,,,21,CM,Central Midfield,England,https://tmssl.akamaized.net//images/flagge/tiny/189.png?lm=1520611569,Göztepe,,loan,,€1.00m,1.0,Loan,,
England,en,2026-08-01 15:48 UTC,"Transfermarkt · England Premier League/Championship/League One/League Two (fees & values are estimates, EUR)",€,Premier League|Championship|League One|League Two,Championship,Sheffield United,,,https://tmssl.akamaized.net//images/wappen/homepageSmall/350.png?lm=1409254138,out,,Ben Mee,,,,,,,36,CB,Centre-Back,England,https://tmssl.akamaized.net//images/flagge/tiny/189.png?lm=1520611569,Retired,,other,,€300k,0.3,?,,
England,en,2026-08-01 15:48 UTC,"Transfermarkt · England Premier League/Championship/League One/League Two (fees & values are estimates, EUR)",€,Premier League|Championship|League One|League Two,Championship,Sheffield United,,,https://tmssl.akamaized.net//images/wappen/homepageSmall/350.png?lm=1409254138,out,,Danny Ings,,,,,,,33,CF,Centre-Forward,England,https://tmssl.akamaized.net//images/flagge/tiny/189.png?lm=1520611569,Without Club,,other,,€1.20m,1.2,?,,
England,en,2026-08-01 15:48 UTC,"Transfermarkt · England Premier League/Championship/League One/League Two (fees & values are estimates, EUR)",€,Premier League|Championship|League One|League Two,Championship,Sheffield United,,,https://tmssl.akamaized.net//images/wappen/homepageSmall/350.png?lm=1409254138,out,,Tom Davies,,,,,,,28,CM,Central Midfield,England,https://tmssl.akamaized.net//images/flagge/tiny/189.png?lm=1520611569,Without Club,,other,,€2.00m,2.0,?,,
England,en,2026-08-01 15:48 UTC,"Transfermarkt · England Premier League/Championship/League One/League Two (fees & values are estimates, EUR)",€,Premier League|Championship|League One|League Two,Championship,Sheffield United,,,https://tmssl.akamaized.net//images/wappen/homepageSmall/350.png?lm=1409254138,out,,Luke Faxon,,,,,,,21,GK,Goalkeeper,England,https://tmssl.akamaized.net//images/flagge/tiny/189.png?lm=1520611569,Boston Utd,,loan,,?,,Loan,,
England,en,2026-08-01 15:48 UTC,"Transfermarkt · England Premier League/Championship/League One/League Two (fees & values are estimates, EUR)",€,Premier League|Championship|League One|League Two,Championship,Sheffield United,,,https://tmssl.akamaized.net//images/wappen/homepageSmall/350.png?lm=1409254138,out,,Kalvin Phillips,,,,,,,30,DM,Defensive Midfield,England,https://tmssl.akamaized.net//images/flagge/tiny/189.png?lm=1520611569,Man City,,loan-return,,€2.50m,2.5,End of loan,,
England,en,2026-08-01 15:48 UTC,"Transfermarkt · England Premier League/Championship/League One/League Two (fees & values are estimates, EUR)",€,Premier League|Championship|League One|League Two,Championship,Sheffield United,,,https://tmssl.akamaized.net//images/wappen/homepageSmall/350.png?lm=1409254138,out,,Tyler Bindon,,,,,,,21,CB,Centre-Back,New Zealand,https://tmssl.akamaized.net//images/flagge/tiny/120.png?lm=1520611569,Nott'm Forest,,loan-return,,€3.50m,3.5,End of loan,,
England,en,2026-08-01 15:48 UTC,"Transfermarkt · England Premier League/Championship/League One/League Two (fees & values are estimates, EUR)",€,Premier League|Championship|League One|League Two,Championship,Sheffield United,,,https://tmssl.akamaized.net//images/wappen/homepageSmall/350.png?lm=1409254138,out,,Leo Hjelde,,,,,,,22,CB,Centre-Back,Norway,https://tmssl.akamaized.net//images/flagge/tiny/125.png?lm=1520611569,Sunderland,,loan-return,,€1.50m,1.5,End of loan,,
England,en,2026-08-01 15:48 UTC,"Transfermarkt · England Premier League/Championship/League One/League Two (fees & values are estimates, EUR)",€,Premier League|Championship|League One|League Two,Championship,Sheffield United,,,https://tmssl.akamaized.net//images/wappen/homepageSmall/350.png?lm=1409254138,out,,Romelle Donovan,,,,,,,20,RW,Right Winger,England,https://tmssl.akamaized.net//images/flagge/tiny/189.png?lm=1520611569,Brentford,,loan-return,,€3.50m,3.5,End of loan,,
England,en,2026-08-01 15:48 UTC,"Transfermarkt · England Premier League/Championship/League One/League Two (fees & values are estimates, EUR)",€,Premier League|Championship|League One|League Two,Championship,Sheffield United,,,https://tmssl.akamaized.net//images/wappen/homepageSmall/350.png?lm=1409254138,out,,Djibril Soumaré,,,,,,,23,DM,Defensive Midfield,Senegal,https://tmssl.akamaized.net//images/flagge/tiny/149.png?lm=1520611569,Braga,,loan-return,,€2.00m,2.0,End of loan,,
England,en,2026-08-01 15:48 UTC,"Transfermarkt · England Premier League/Championship/League One/League Two (fees & values are estimates, EUR)",€,Premier League|Championship|League One|League Two,Championship,Southampton FC,,,https://tmssl.akamaized.net//images/wappen/homepageSmall/180.png?lm=1444560086,in,,Lewis Dobbin,,,,,,,23,LW,Left Winger,England,https://tmssl.akamaized.net//images/flagge/tiny/189.png?lm=1520611569,Aston Villa,,transfer,,€7.00m,7.0,€10.50m,10.5,
England,en,2026-08-01 15:48 UTC,"Transfermarkt · England Premier League/Championship/League One/League Two (fees & values are estimates, EUR)",€,Premier League|Championship|League One|League Two,Championship,Southampton FC,,,https://tmssl.akamaized.net//images/wappen/homepageSmall/180.png?lm=1444560086,in,,Daniel Peretz,,,,,,,25,GK,Goalkeeper,Israel,https://tmssl.akamaized.net//images/flagge/tiny/74.png?lm=1520611569,Bayern Munich,,transfer,,€4.00m,4.0,€8.00m,8.0,
England,en,2026-08-01 15:48 UTC,"Transfermarkt · England Premier League/Championship/League One/League Two (fees & values are estimates, EUR)",€,Premier League|Championship|League One|League Two,Championship,Southampton FC,,,https://tmssl.akamaized.net//images/wappen/homepageSmall/180.png?lm=1444560086,in,,Cyle Larin,,,,,,,31,CF,Centre-Forward,Canada,https://tmssl.akamaized.net//images/flagge/tiny/80.png?lm=1520611569,RCD Mallorca,,transfer,,€2.50m,2.5,€3.00m,3.0,
England,en,2026-08-01 15:48 UTC,"Transfermarkt · England Premier League/Championship/League One/League Two (fees & values are estimates, EUR)",€,Premier League|Championship|League One|League Two,Championship,Southampton FC,,,https://tmssl.akamaized.net//images/wappen/homepageSmall/180.png?lm=1444560086,in,,George Long,,,,,,,32,GK,Goalkeeper,England,https://tmssl.akamaized.net//images/flagge/tiny/189.png?lm=1520611569,Norwich,,free,,€150k,0.15,Free,0.0,
England,en,2026-08-01 15:48 UTC,"Transfermarkt · England Premier League/Championship/League One/League Two (fees & values are estimates, EUR)",€,Premier League|Championship|League One|League Two,Championship,Southampton FC,,,https://tmssl.akamaized.net//images/wappen/homepageSmall/180.png?lm=1444560086,in,,Juan Larios,,,,,,,22,LB,Left-Back,Spain,https://tmssl.akamaized.net//images/flagge/tiny/157.png?lm=1520611569,Real Zaragoza,,loan-return,,€1.20m,1.2,End of loan,,
England,en,2026-08-01 15:48 UTC,"Transfermarkt · England Premier League/Championship/League One/League Two (fees & values are estimates, EUR)",€,Premier League|Championship|League One|League Two,Championship,Southampton FC,,,https://tmssl.akamaized.net//images/wappen/homepageSmall/180.png?lm=1444560086,in,,Joe Aribo,,,,,,,29,CM,Central Midfield,Nigeria,https://tmssl.akamaized.net//images/flagge/tiny/124.png?lm=1520611569,Leicester,,loan-return,,€1.80m,1.8,End of loan,,
England,en,2026-08-01 15:48 UTC,"Transfermarkt · England Premier League/Championship/League One/League Two (fees & values are estimates, EUR)",€,Premier League|Championship|League One|League Two,Championship,Southampton FC,,,https://tmssl.akamaized.net//images/wappen/homepageSmall/180.png?lm=1444560086,in,,Damion Downs,,,,,,,21,CF,Centre-Forward,United States,https://tmssl.akamaized.net//images/flagge/tiny/184.png?lm=1520611569,Hamburg,,loan-return,,€4.00m,4.0,End of loan,,
England,en,2026-08-01 15:48 UTC,"Transfermarkt · England Premier League/Championship/League One/League Two (fees & values are estimates, EUR)",€,Premier League|Championship|League One|League Two,Championship,Southampton FC,,,https://tmssl.akamaized.net//images/wappen/homepageSmall/180.png?lm=1444560086,in,,Will Smallbone,,,,,,,26,CM,Central Midfield,Ireland,https://tmssl.akamaized.net//images/flagge/tiny/72.png?lm=1520611569,Millwall,,loan-return,,€3.50m,3.5,End of loan,,
England,en,2026-08-01 15:48 UTC,"Transfermarkt · England Premier League/Championship/League One/League Two (fees & values are estimates, EUR)",€,Premier League|Championship|League One|League Two,Championship,Southampton FC,,,https://tmssl.akamaized.net//images/wappen/homepageSmall/180.png?lm=1444560086,in,,Charlie Taylor,,,,,,,32,LB,Left-Back,England,https://tmssl.akamaized.net//images/flagge/tiny/189.png?lm=1520611569,West Brom,,loan-return,,€1.20m,1.2,End of loan,,
England,en,2026-08-01 15:48 UTC,"Transfermarkt · England Premier League/Championship/League One/League Two (fees & values are estimates, EUR)",€,Premier League|Championship|League One|League Two,Championship,Southampton FC,,,https://tmssl.akamaized.net//images/wappen/homepageSmall/180.png?lm=1444560086,in,,Yukinari Sugawara,,,,,,,26,RB,Right-Back,Japan,https://tmssl.akamaized.net//images/flagge/tiny/77.png?lm=1520611569,Werder Bremen,,loan-return,,€5.50m,5.5,End of loan,,
England,en,2026-08-01 15:48 UTC,"Transfermarkt · England Premier League/Championship/League One/League Two (fees & values are estimates, EUR)",€,Premier League|Championship|League One|League Two,Championship,Southampton FC,,,https://tmssl.akamaized.net//images/wappen/homepageSmall/180.png?lm=1444560086,in,,Aaron Ramsdale,,,,,,,28,GK,Goalkeeper,England,https://tmssl.akamaized.net//images/flagge/tiny/189.png?lm=1520611569,Newcastle,,loan-return,,€12.00m,12.0,End of loan,,
England,en,2026-08-01 15:48 UTC,"Transfermarkt · England Premier League/Championship/League One/League Two (fees & values are estimates, EUR)",€,Premier League|Championship|League One|League Two,Championship,Southampton FC,,,https://tmssl.akamaized.net//images/wappen/homepageSmall/180.png?lm=1444560086,out,,Alex McCarthy,,,,,,,36,GK,Goalkeeper,England,https://tmssl.akamaized.net//images/flagge/tiny/189.png?lm=1520611569,Leicester,,free,,€200k,0.2,Free,0.0,
England,en,2026-08-01 15:48 UTC,"Transfermarkt · England Premier League/Championship/League One/League Two (fees & values are estimates, EUR)",€,Premier League|Championship|League One|League Two,Championship,Southampton FC,,,https://tmssl.akamaized.net//images/wappen/homepageSmall/180.png?lm=1444560086,out,,Charlie Taylor,,,,,,,32,LB,Left-Back,England,https://tmssl.akamaized.net//images/flagge/tiny/189.png?lm=1520611569,Derby,,free,,€1.20m,1.2,Free,0.0,
England,en,2026-08-01 15:48 UTC,"Transfermarkt · England Premier League/Championship/League One/League Two (fees & values are estimates, EUR)",€,Premier League|Championship|League One|League Two,Championship,Southampton FC,,,https://tmssl.akamaized.net//images/wappen/homepageSmall/180.png?lm=1444560086,out,,Oriol Romeu,,,,,,,34,DM,Defensive Midfield,Spain,https://tmssl.akamaized.net//images/flagge/tiny/157.png?lm=1520611569,Avispa Fukuoka,,free,,€400k,0.4,Free,0.0,
England,en,2026-08-01 15:48 UTC,"Transfermarkt · England Premier League/Championship/League One/League Two (fees & values are estimates, EUR)",€,Premier League|Championship|League One|League Two,Championship,Southampton FC,,,https://tmssl.akamaized.net//images/wappen/homepageSmall/180.png?lm=1444560086,out,,George Long,,,,,,,32,GK,Goalkeeper,England,https://tmssl.akamaized.net//images/flagge/tiny/189.png?lm=1520611569,Norwich,,loan-return,,€150k,0.15,End of loan,,
England,en,2026-08-01 15:48 UTC,"Transfermarkt · England Premier League/Championship/League One/League Two (fees & values are estimates, EUR)",€,Premier League|Championship|League One|League Two,Championship,Southampton FC,,,https://tmssl.akamaized.net//images/wappen/homepageSmall/180.png?lm=1444560086,out,,Ross Stewart,,,,,,,29,CF,Centre-Forward,Scotland,https://tmssl.akamaized.net//images/flagge/tiny/190.png?lm=1520611569,Without Club,,other,,€2.50m,2.5,?,,
England,en,2026-08-01 15:48 UTC,"Transfermarkt · England Premier League/Championship/League One/League Two (fees & values are estimates, EUR)",€,Premier League|Championship|League One|League Two,Championship,Southampton FC,,,https://tmssl.akamaized.net//images/wappen/homepageSmall/180.png?lm=1444560086,out,,Joe Aribo,,,,,,,29,CM,Central Midfield,Nigeria,https://tmssl.akamaized.net//images/flagge/tiny/124.png?lm=1520611569,Without Club,,other,,€1.80m,1.8,?,,
England,en,2026-08-01 15:48 UTC,"Transfermarkt · England Premier League/Championship/League One/League Two (fees & values are estimates, EUR)",€,Premier League|Championship|League One|League Two,Championship,Southampton FC,,,https://tmssl.akamaized.net//images/wappen/homepageSmall/180.png?lm=1444560086,out,,Jamie Jones,,,,,,,37,GK,Goalkeeper,England,https://tmssl.akamaized.net//images/flagge/tiny/189.png?lm=1520611569,Without Club,,other,,?,,?,,
England,en,2026-08-01 15:48 UTC,"Transfermarkt · England Premier League/Championship/League One/League Two (fees & values are estimates, EUR)",€,Premier League|Championship|League One|League Two,Championship,Southampton FC,,,https://tmssl.akamaized.net//images/wappen/homepageSmall/180.png?lm=1444560086,out,,Will Smallbone,,,,,,,26,CM,Central Midfield,Ireland,https://tmssl.akamaized.net//images/flagge/tiny/72.png?lm=1520611569,Without Club,,other,,€3.50m,3.5,?,,
England,en,2026-08-01 15:48 UTC,"Transfermarkt · England Premier League/Championship/League One/League Two (fees & values are estimates, EUR)",€,Premier League|Championship|League One|League Two,Championship,Southampton FC,,,https://tmssl.akamaized.net//images/wappen/homepageSmall/180.png?lm=1444560086,out,,Daniel Peretz,,,,,,,25,GK,Goalkeeper,Israel,https://tmssl.akamaized.net//images/flagge/tiny/74.png?lm=1520611569,Bayern Munich,,loan-return,,€4.00m,4.0,End of loan,,
England,en,2026-08-01 15:48 UTC,"Transfermarkt · England Premier League/Championship/League One/League Two (fees & values are estimates, EUR)",€,Premier League|Championship|League One|League Two,Championship,Southampton FC,,,https://tmssl.akamaized.net//images/wappen/homepageSmall/180.png?lm=1444560086,out,,Cyle Larin,,,,,,,31,CF,Centre-Forward,Canada,https://tmssl.akamaized.net//images/flagge/tiny/80.png?lm=1520611569,RCD Mallorca,,loan-return,,€2.50m,2.5,End of loan,,
England,en,2026-08-01 15:48 UTC,"Transfermarkt · England Premier League/Championship/League One/League Two (fees & values are estimates, EUR)",€,Premier League|Championship|League One|League Two,Championship,Southampton FC,,,https://tmssl.akamaized.net//images/wappen/homepageSmall/180.png?lm=1444560086,out,,Elias Jelert,,,,,,,23,RB,Right-Back,Denmark,https://tmssl.akamaized.net//images/flagge/tiny/39.png?lm=1520611569,Galatasaray,,loan-return,,€5.00m,5.0,End of loan,,
England,en,2026-08-01 15:48 UTC,"Transfermarkt · England Premier League/Championship/League One/League Two (fees & values are estimates, EUR)",€,Premier League|Championship|League One|League Two,Championship,Stoke City,,,https://tmssl.akamaized.net//images/wappen/homepageSmall/512.png?lm=1782464506,in,,Ethan Galbraith,,,,,,,25,CM,Central Midfield,Northern Ireland,https://tmssl.akamaized.net//images/flagge/tiny/192.png?lm=1520611569,Swansea,,transfer,,€2.50m,2.5,€11.66m,11.66,
England,en,2026-08-01 15:48 UTC,"Transfermarkt · England Premier League/Championship/League One/League Two (fees & values are estimates, EUR)",€,Premier League|Championship|League One|League Two,Championship,Stoke City,,,https://tmssl.akamaized.net//images/wappen/homepageSmall/512.png?lm=1782464506,in,,Milan Smit,,,,,,,23,CF,Centre-Forward,Netherlands,https://tmssl.akamaized.net//images/flagge/tiny/122.png?lm=1520611569,Go Ahead Eagles,,transfer,,€2.00m,2.0,€5.50m,5.5,
England,en,2026-08-01 15:48 UTC,"Transfermarkt · England Premier League/Championship/League One/League Two (fees & values are estimates, EUR)",€,Premier League|Championship|League One|League Two,Championship,Stoke City,,,https://tmssl.akamaized.net//images/wappen/homepageSmall/512.png?lm=1782464506,in,,Djibril Soumaré,,,,,,,23,DM,Defensive Midfield,Senegal,https://tmssl.akamaized.net//images/flagge/tiny/149.png?lm=1520611569,Braga,,transfer,,€2.00m,2.0,€4.00m,4.0,
England,en,2026-08-01 15:48 UTC,"Transfermarkt · England Premier League/Championship/League One/League Two (fees & values are estimates, EUR)",€,Premier League|Championship|League One|League Two,Championship,Stoke City,,,https://tmssl.akamaized.net//images/wappen/homepageSmall/512.png?lm=1782464506,in,,Luke Graham,,,,,,,22,CB,Centre-Back,Scotland,https://tmssl.akamaized.net//images/flagge/tiny/190.png?lm=1520611569,Dundee FC,,transfer,,€2.00m,2.0,€2.35m,2.35,
England,en,2026-08-01 15:48 UTC,"Transfermarkt · England Premier League/Championship/League One/League Two (fees & values are estimates, EUR)",€,Premier League|Championship|League One|League Two,Championship,Stoke City,,,https://tmssl.akamaized.net//images/wappen/homepageSmall/512.png?lm=1782464506,in,,Svante Ingelsson,,,,,,,28,CM,Central Midfield,Sweden,https://tmssl.akamaized.net//images/flagge/tiny/147.png?lm=1520611569,Sheff Wed,,transfer,,€1.00m,1.0,€1.20m,1.2,
England,en,2026-08-01 15:48 UTC,"Transfermarkt · England Premier League/Championship/League One/League Two (fees & values are estimates, EUR)",€,Premier League|Championship|League One|League Two,Championship,Stoke City,,,https://tmssl.akamaized.net//images/wappen/homepageSmall/512.png?lm=1782464506,in,,Josh Griffiths,,,,,,,24,GK,Goalkeeper,England,https://tmssl.akamaized.net//images/flagge/tiny/189.png?lm=1520611569,West Brom,,other,,€2.00m,2.0,?,,
England,en,2026-08-01 15:48 UTC,"Transfermarkt · England Premier League/Championship/League One/League Two (fees & values are estimates, EUR)",€,Premier League|Championship|League One|League Two,Championship,Stoke City,,,https://tmssl.akamaized.net//images/wappen/homepageSmall/512.png?lm=1782464506,in,,Tommy Simkin,,,,,,,22,GK,Goalkeeper,England,https://tmssl.akamaized.net//images/flagge/tiny/189.png?lm=1520611569,Doncaster,,loan-return,,€1.00m,1.0,End of loan,,
England,en,2026-08-01 15:48 UTC,"Transfermarkt · England Premier League/Championship/League One/League Two (fees & values are estimates, EUR)",€,Premier League|Championship|League One|League Two,Championship,Stoke City,,,https://tmssl.akamaized.net//images/wappen/homepageSmall/512.png?lm=1782464506,in,,Nikola Jojic,,,,,,,22,RW,Right Winger,Serbia,https://tmssl.akamaized.net//images/flagge/tiny/215.png?lm=1520611569,NK Radomlje,,loan-return,,€500k,0.5,End of loan,,
England,en,2026-08-01 15:48 UTC,"Transfermarkt · England Premier League/Championship/League One/League Two (fees & values are estimates, EUR)",€,Premier League|Championship|League One|League Two,Championship,Stoke City,,,https://tmssl.akamaized.net//images/wappen/homepageSmall/512.png?lm=1782464506,in,,Nathan Lowe,,,,,,,21,CF,Centre-Forward,England,https://tmssl.akamaized.net//images/flagge/tiny/189.png?lm=1520611569,Hibernian FC,,loan-return,,€350k,0.35,End of loan,,
England,en,2026-08-01 15:48 UTC,"Transfermarkt · England Premier League/Championship/League One/League Two (fees & values are estimates, EUR)",€,Premier League|Championship|League One|League Two,Championship,Stoke City,,,https://tmssl.akamaized.net//images/wappen/homepageSmall/512.png?lm=1782464506,in,,True Grant,,,,,,,21,GK,Goalkeeper,England,https://tmssl.akamaized.net//images/flagge/tiny/189.png?lm=1520611569,Halifax Town,,loan-return,,?,,End of loan,,
England,en,2026-08-01 15:48 UTC,"Transfermarkt · England Premier League/Championship/League One/League Two (fees & values are estimates, EUR)",€,Premier League|Championship|League One|League Two,Championship,Stoke City,,,https://tmssl.akamaized.net//images/wappen/homepageSmall/512.png?lm=1782464506,in,,Emre Tezgel,,,,,,,21,CF,Centre-Forward,England,https://tmssl.akamaized.net//images/flagge/tiny/189.png?lm=1520611569,Wycombe,,loan-return,,€550k,0.55,End of loan,,
England,en,2026-08-01 15:48 UTC,"Transfermarkt · England Premier League/Championship/League One/League Two (fees & values are estimates, EUR)",€,Premier League|Championship|League One|League Two,Championship,Stoke City,,,https://tmssl.akamaized.net//images/wappen/homepageSmall/512.png?lm=1782464506,out,,Steven Nzonzi,,,,,,,37,DM,Defensive Midfield,France,https://tmssl.akamaized.net//images/flagge/tiny/50.png?lm=1520611569,USL Dunkerque,,free,,€300k,0.3,Free,0.0,
England,en,2026-08-01 15:48 UTC,"Transfermarkt · England Premier League/Championship/League One/League Two (fees & values are estimates, EUR)",€,Premier League|Championship|League One|League Two,Championship,Stoke City,,,https://tmssl.akamaized.net//images/wappen/homepageSmall/512.png?lm=1782464506,out,,Lewis Baker,,,,,,,31,CM,Central Midfield,England,https://tmssl.akamaized.net//images/flagge/tiny/189.png?lm=1520611569,Bursaspor,,free,,€1.00m,1.0,Free,0.0,
England,en,2026-08-01 15:48 UTC,"Transfermarkt · England Premier League/Championship/League One/League Two (fees & values are estimates, EUR)",€,Premier League|Championship|League One|League Two,Championship,Stoke City,,,https://tmssl.akamaized.net//images/wappen/homepageSmall/512.png?lm=1782464506,out,,Nathan Lowe,,,,,,,20,CF,Centre-Forward,England,https://tmssl.akamaized.net//images/flagge/tiny/189.png?lm=1520611569,Hibernian FC,,loan,,€350k,0.35,Loan,,
England,en,2026-08-01 15:48 UTC,"Transfermarkt · England Premier League/Championship/League One/League Two (fees & values are estimates, EUR)",€,Premier League|Championship|League One|League Two,Championship,Stoke City,,,https://tmssl.akamaized.net//images/wappen/homepageSmall/512.png?lm=1782464506,out,,Emre Tezgel,,,,,,,20,CF,Centre-Forward,England,https://tmssl.akamaized.net//images/flagge/tiny/189.png?lm=1520611569,Wycombe,,loan,,€550k,0.55,Loan,,
England,en,2026-08-01 15:48 UTC,"Transfermarkt · England Premier League/Championship/League One/League Two (fees & values are estimates, EUR)",€,Premier League|Championship|League One|League Two,Championship,Stoke City,,,https://tmssl.akamaized.net//images/wappen/homepageSmall/512.png?lm=1782464506,out,,Nikola Jojic,,,,,,,22,RW,Right Winger,Serbia,https://tmssl.akamaized.net//images/flagge/tiny/215.png?lm=1520611569,Without Club,,other,,€500k,0.5,?,,
England,en,2026-08-01 15:48 UTC,"Transfermarkt · England Premier League/Championship/League One/League Two (fees & values are estimates, EUR)",€,Premier League|Championship|League One|League Two,Championship,Stoke City,,,https://tmssl.akamaized.net//images/wappen/homepageSmall/512.png?lm=1782464506,out,,Tommy Simkin,,,,,,,21,GK,Goalkeeper,England,https://tmssl.akamaized.net//images/flagge/tiny/189.png?lm=1520611569,Doncaster,,loan,,€1.00m,1.0,Loan,,
England,en,2026-08-01 15:48 UTC,"Transfermarkt · England Premier League/Championship/League One/League Two (fees & values are estimates, EUR)",€,Premier League|Championship|League One|League Two,Championship,Stoke City,,,https://tmssl.akamaized.net//images/wappen/homepageSmall/512.png?lm=1782464506,out,,True Grant,,,,,,,20,GK,Goalkeeper,England,https://tmssl.akamaized.net//images/flagge/tiny/189.png?lm=1520611569,Halifax Town,,loan,,?,,Loan,,
England,en,2026-08-01 15:48 UTC,"Transfermarkt · England Premier League/Championship/League One/League Two (fees & values are estimates, EUR)",€,Premier League|Championship|League One|League Two,Championship,Stoke City,,,https://tmssl.akamaized.net//images/wappen/homepageSmall/512.png?lm=1782464506,out,,Milan Smit,,,,,,,23,CF,Centre-Forward,Netherlands,https://tmssl.akamaized.net//images/flagge/tiny/122.png?lm=1520611569,Go Ahead Eagles,,loan-return,,€2.00m,2.0,End of loan,,
England,en,2026-08-01 15:48 UTC,"Transfermarkt · England Premier League/Championship/League One/League Two (fees & values are estimates, EUR)",€,Premier League|Championship|League One|League Two,Championship,Stoke City,,,https://tmssl.akamaized.net//images/wappen/homepageSmall/512.png?lm=1782464506,out,,Divin Mubama,,,,,,,21,CF,Centre-Forward,England,https://tmssl.akamaized.net//images/flagge/tiny/189.png?lm=1520611569,Man City U21,,loan-return,,€6.00m,6.0,End of loan,,
England,en,2026-08-01 15:48 UTC,"Transfermarkt · England Premier League/Championship/League One/League Two (fees & values are estimates, EUR)",€,Premier League|Championship|League One|League Two,Championship,Swansea City,,,https://tmssl.akamaized.net//images/wappen/homepageSmall/2288.png?lm=1752825825,in,,Joseph Opoku,,,,,,,20,LW,Left Winger,Ghana,https://tmssl.akamaized.net//images/flagge/tiny/54.png?lm=1520611569,Zulte Waregem,,transfer,,€4.50m,4.5,€6.50m,6.5,
England,en,2026-08-01 15:48 UTC,"Transfermarkt · England Premier League/Championship/League One/League Two (fees & values are estimates, EUR)",€,Premier League|Championship|League One|League Two,Championship,Swansea City,,,https://tmssl.akamaized.net//images/wappen/homepageSmall/2288.png?lm=1752825825,in,,Elijah Just,,,,,,,26,AM,Attacking Midfield,New Zealand,https://tmssl.akamaized.net//images/flagge/tiny/120.png?lm=1520611569,Motherwell FC,,transfer,,€3.50m,3.5,€5.90m,5.9,
England,en,2026-08-01 15:48 UTC,"Transfermarkt · England Premier League/Championship/League One/League Two (fees & values are estimates, EUR)",€,Premier League|Championship|League One|League Two,Championship,Swansea City,,,https://tmssl.akamaized.net//images/wappen/homepageSmall/2288.png?lm=1752825825,in,,Leo Walta,,,,,,,23,AM,Attacking Midfield,Finland,https://tmssl.akamaized.net//images/flagge/tiny/49.png?lm=1520611569,Sirius,,transfer,,€3.00m,3.0,€3.40m,3.4,
England,en,2026-08-01 15:48 UTC,"Transfermarkt · England Premier League/Championship/League One/League Two (fees & values are estimates, EUR)",€,Premier League|Championship|League One|League Two,Championship,Swansea City,,,https://tmssl.akamaized.net//images/wappen/homepageSmall/2288.png?lm=1752825825,in,,Stephen Welsh,,,,,,,26,CB,Centre-Back,Scotland,https://tmssl.akamaized.net//images/flagge/tiny/190.png?lm=1520611569,Celtic,,free,,€2.00m,2.0,Free,0.0,
England,en,2026-08-01 15:48 UTC,"Transfermarkt · England Premier League/Championship/League One/League Two (fees & values are estimates, EUR)",€,Premier League|Championship|League One|League Two,Championship,Swansea City,,,https://tmssl.akamaized.net//images/wappen/homepageSmall/2288.png?lm=1752825825,in,,Moussa Yeo,,,,,,,22,RW,Right Winger,Mali,https://tmssl.akamaized.net//images/flagge/tiny/105.png?lm=1520611569,Salzburg,,other,,€5.00m,5.0,?,,
England,en,2026-08-01 15:48 UTC,"Transfermarkt · England Premier League/Championship/League One/League Two (fees & values are estimates, EUR)",€,Premier League|Championship|League One|League Two,Championship,Swansea City,,,https://tmssl.akamaized.net//images/wappen/homepageSmall/2288.png?lm=1752825825,in,,Cameron Congreve,,,,,,,22,RW,Right Winger,Wales,https://tmssl.akamaized.net//images/flagge/tiny/191.png?lm=1520611569,Dundee FC,,loan-return,,€450k,0.45,End of loan,,
England,en,2026-08-01 15:48 UTC,"Transfermarkt · England Premier League/Championship/League One/League Two (fees & values are estimates, EUR)",€,Premier League|Championship|League One|League Two,Championship,Swansea City,,,https://tmssl.akamaized.net//images/wappen/homepageSmall/2288.png?lm=1752825825,in,,Bobby Wales,,,,,,,21,CF,Centre-Forward,Scotland,https://tmssl.akamaized.net//images/flagge/tiny/190.png?lm=1520611569,Huddersfield,,loan-return,,€350k,0.35,End of loan,,
England,en,2026-08-01 15:48 UTC,"Transfermarkt · England Premier League/Championship/League One/League Two (fees & values are estimates, EUR)",€,Premier League|Championship|League One|League Two,Championship,Swansea City,,,https://tmssl.akamaized.net//images/wappen/homepageSmall/2288.png?lm=1752825825,in,,Sam Parker,,,,,,,20,RB,Right-Back,Wales,https://tmssl.akamaized.net//images/flagge/tiny/191.png?lm=1520611569,Wycombe,,loan-return,,€300k,0.3,End of loan,,
England,en,2026-08-01 15:48 UTC,"Transfermarkt · England Premier League/Championship/League One/League Two (fees & values are estimates, EUR)",€,Premier League|Championship|League One|League Two,Championship,Swansea City,,,https://tmssl.akamaized.net//images/wappen/homepageSmall/2288.png?lm=1752825825,in,,Josh Thomas,,,,,,,23,CF,Centre-Forward,Wales,https://tmssl.akamaized.net//images/flagge/tiny/191.png?lm=1520611569,Derry City,,loan-return,,€125k,0.125,End of loan,,
England,en,2026-08-01 15:48 UTC,"Transfermarkt · England Premier League/Championship/League One/League Two (fees & values are estimates, EUR)",€,Premier League|Championship|League One|League Two,Championship,Swansea City,,,https://tmssl.akamaized.net//images/wappen/homepageSmall/2288.png?lm=1752825825,out,,Ethan Galbraith,,,,,,,25,CM,Central Midfield,Northern Ireland,https://tmssl.akamaized.net//images/flagge/tiny/192.png?lm=1520611569,Stoke City,,transfer,,€2.50m,2.5,€11.66m,11.66,
England,en,2026-08-01 15:48 UTC,"Transfermarkt · England Premier League/Championship/League One/League Two (fees & values are estimates, EUR)",€,Premier League|Championship|League One|League Two,Championship,Swansea City,,,https://tmssl.akamaized.net//images/wappen/homepageSmall/2288.png?lm=1752825825,out,,Josh Thomas,,,,,,,23,CF,Centre-Forward,Wales,https://tmssl.akamaized.net//images/flagge/tiny/191.png?lm=1520611569,Fleetwood,,free,,€125k,0.125,Free,0.0,
England,en,2026-08-01 15:48 UTC,"Transfermarkt · England Premier League/Championship/League One/League Two (fees & values are estimates, EUR)",€,Premier League|Championship|League One|League Two,Championship,Swansea City,,,https://tmssl.akamaized.net//images/wappen/homepageSmall/2288.png?lm=1752825825,out,,Ricardo Santos,,,,,,,31,CB,Centre-Back,Cape Verde,https://tmssl.akamaized.net//images/flagge/tiny/32.png?lm=1520611569,Sheff Wed,,other,,€350k,0.35,?,,
England,en,2026-08-01 15:48 UTC,"Transfermarkt · England Premier League/Championship/League One/League Two (fees & values are estimates, EUR)",€,Premier League|Championship|League One|League Two,Championship,Swansea City,,,https://tmssl.akamaized.net//images/wappen/homepageSmall/2288.png?lm=1752825825,out,,Liam Cullen,,,,,,,27,AM,Attacking Midfield,Wales,https://tmssl.akamaized.net//images/flagge/tiny/191.png?lm=1520611569,Leicester,,other,,€3.20m,3.2,?,,
England,en,2026-08-01 15:48 UTC,"Transfermarkt · England Premier League/Championship/League One/League Two (fees & values are estimates, EUR)",€,Premier League|Championship|League One|League Two,Championship,Swansea City,,,https://tmssl.akamaized.net//images/wappen/homepageSmall/2288.png?lm=1752825825,out,,Joel Ward,,,,,,,36,RB,Right-Back,England,https://tmssl.akamaized.net//images/flagge/tiny/189.png?lm=1520611569,Without Club,,other,,€200k,0.2,?,,
England,en,2026-08-01 15:48 UTC,"Transfermarkt · England Premier League/Championship/League One/League Two (fees & values are estimates, EUR)",€,Premier League|Championship|League One|League Two,Championship,Swansea City,,,https://tmssl.akamaized.net//images/wappen/homepageSmall/2288.png?lm=1752825825,out,,Sam Parker,,,,,,,20,RB,Right-Back,Wales,https://tmssl.akamaized.net//images/flagge/tiny/191.png?lm=1520611569,Wycombe,,loan,,€300k,0.3,Loan,,
England,en,2026-08-01 15:48 UTC,"Transfermarkt · England Premier League/Championship/League One/League Two (fees & values are estimates, EUR)",€,Premier League|Championship|League One|League Two,Championship,Swansea City,,,https://tmssl.akamaized.net//images/wappen/homepageSmall/2288.png?lm=1752825825,out,,Leo Walta,,,,,,,23,AM,Attacking Midfield,Finland,https://tmssl.akamaized.net//images/flagge/tiny/49.png?lm=1520611569,Sirius,,loan-return,,€3.00m,3.0,End of loan,,
England,en,2026-08-01 15:48 UTC,"Transfermarkt · England Premier League/Championship/League One/League Two (fees & values are estimates, EUR)",€,Premier League|Championship|League One|League Two,Championship,Swansea City,,,https://tmssl.akamaized.net//images/wappen/homepageSmall/2288.png?lm=1752825825,out,,Gustavo Nunes,,,,,,,20,LW,Left Winger,Brazil,https://tmssl.akamaized.net//images/flagge/tiny/26.png?lm=1520611569,Brentford,,loan-return,,€8.00m,8.0,End of loan,,
England,en,2026-08-01 15:48 UTC,"Transfermarkt · England Premier League/Championship/League One/League Two (fees & values are estimates, EUR)",€,Premier League|Championship|League One|League Two,Championship,Watford FC,,,https://tmssl.akamaized.net//images/wappen/homepageSmall/1010.png?lm=1468103673,in,,Federico Ravaglia,,,,,,,26,GK,Goalkeeper,Italy,https://tmssl.akamaized.net//images/flagge/tiny/75.png?lm=1520611569,Bologna,,transfer,,€1.80m,1.8,€7.00m,7.0,
England,en,2026-08-01 15:48 UTC,"Transfermarkt · England Premier League/Championship/League One/League Two (fees & values are estimates, EUR)",€,Premier League|Championship|League One|League Two,Championship,Watford FC,,,https://tmssl.akamaized.net//images/wappen/homepageSmall/1010.png?lm=1468103673,in,,Martín Payero,,,,,,,27,CM,Central Midfield,Argentina,https://tmssl.akamaized.net//images/flagge/tiny/9.png?lm=1520611569,Udinese,,other,,€5.00m,5.0,?,,
England,en,2026-08-01 15:48 UTC,"Transfermarkt · England Premier League/Championship/League One/League Two (fees & values are estimates, EUR)",€,Premier League|Championship|League One|League Two,Championship,Watford FC,,,https://tmssl.akamaized.net//images/wappen/homepageSmall/1010.png?lm=1468103673,in,,Luca Kjerrumgaard,,,,,,,23,CF,Centre-Forward,Denmark,https://tmssl.akamaized.net//images/flagge/tiny/39.png?lm=1520611569,Udinese,,other,,€8.00m,8.0,?,,
England,en,2026-08-01 15:48 UTC,"Transfermarkt · England Premier League/Championship/League One/League Two (fees & values are estimates, EUR)",€,Premier League|Championship|League One|League Two,Championship,Watford FC,,,https://tmssl.akamaized.net//images/wappen/homepageSmall/1010.png?lm=1468103673,in,,Iker Bravo,,,,,,,21,CF,Centre-Forward,Spain,https://tmssl.akamaized.net//images/flagge/tiny/157.png?lm=1520611569,Udinese,,other,,€3.00m,3.0,?,,
England,en,2026-08-01 15:48 UTC,"Transfermarkt · England Premier League/Championship/League One/League Two (fees & values are estimates, EUR)",€,Premier League|Championship|League One|League Two,Championship,Watford FC,,,https://tmssl.akamaized.net//images/wappen/homepageSmall/1010.png?lm=1468103673,in,,Omar Traoré,,,,,,,28,RB,Right-Back,Germany,https://tmssl.akamaized.net//images/flagge/tiny/40.png?lm=1520612525,Udinese,,other,,€2.00m,2.0,?,,
England,en,2026-08-01 15:48 UTC,"Transfermarkt · England Premier League/Championship/League One/League Two (fees & values are estimates, EUR)",€,Premier League|Championship|League One|League Two,Championship,Watford FC,,,https://tmssl.akamaized.net//images/wappen/homepageSmall/1010.png?lm=1468103673,in,,Jorge Hurtado,,,,,,,22,CF,Centre-Forward,Colombia,https://tmssl.akamaized.net//images/flagge/tiny/83.png?lm=1520611569,Millonarios,,loan-return,,€400k,0.4,End of loan,,
England,en,2026-08-01 15:48 UTC,"Transfermarkt · England Premier League/Championship/League One/League Two (fees & values are estimates, EUR)",€,Premier League|Championship|League One|League Two,Championship,Watford FC,,,https://tmssl.akamaized.net//images/wappen/homepageSmall/1010.png?lm=1468103673,in,,Gabriel Ortelli,,,,,,,20,GK,Goalkeeper,Cyprus,https://tmssl.akamaized.net//images/flagge/tiny/188.png?lm=1520611569,Watford U21,,promotion,,?,,Promotion,,
England,en,2026-08-01 15:48 UTC,"Transfermarkt · England Premier League/Championship/League One/League Two (fees & values are estimates, EUR)",€,Premier League|Championship|League One|League Two,Championship,Watford FC,,,https://tmssl.akamaized.net//images/wappen/homepageSmall/1010.png?lm=1468103673,in,,Daniel Bachmann,,,,,,,31,GK,Goalkeeper,Austria,https://tmssl.akamaized.net//images/flagge/tiny/127.png?lm=1520611569,Leyton Orient,,loan-return,,€400k,0.4,End of loan,,
England,en,2026-08-01 15:48 UTC,"Transfermarkt · England Premier League/Championship/League One/League Two (fees & values are estimates, EUR)",€,Premier League|Championship|League One|League Two,Championship,Watford FC,,,https://tmssl.akamaized.net//images/wappen/homepageSmall/1010.png?lm=1468103673,in,,Tom Dele-Bashiru,,,,,,,26,DM,Defensive Midfield,Nigeria,https://tmssl.akamaized.net//images/flagge/tiny/124.png?lm=1520611569,Genclerbirligi,,loan-return,,€1.80m,1.8,End of loan,,
England,en,2026-08-01 15:48 UTC,"Transfermarkt · England Premier League/Championship/League One/League Two (fees & values are estimates, EUR)",€,Premier League|Championship|League One|League Two,Championship,Watford FC,,,https://tmssl.akamaized.net//images/wappen/homepageSmall/1010.png?lm=1468103673,in,,Myles Roberts,,,,,,,24,GK,Goalkeeper,England,https://tmssl.akamaized.net//images/flagge/tiny/189.png?lm=1520611569,Walsall,,loan-return,,€325k,0.325,End of loan,,
England,en,2026-08-01 15:48 UTC,"Transfermarkt · England Premier League/Championship/League One/League Two (fees & values are estimates, EUR)",€,Premier League|Championship|League One|League Two,Championship,Watford FC,,,https://tmssl.akamaized.net//images/wappen/homepageSmall/1010.png?lm=1468103673,out,,Tom Dele-Bashiru,,,,,,,26,DM,Defensive Midfield,Nigeria,https://tmssl.akamaized.net//images/flagge/tiny/124.png?lm=1520611569,Aris Saloniki,,transfer,,€1.80m,1.8,€500k,0.5,
England,en,2026-08-01 15:48 UTC,"Transfermarkt · England Premier League/Championship/League One/League Two (fees & values are estimates, EUR)",€,Premier League|Championship|League One|League Two,Championship,Watford FC,,,https://tmssl.akamaized.net//images/wappen/homepageSmall/1010.png?lm=1468103673,out,,Nampalys Mendy,,,,,,,34,DM,Defensive Midfield,Senegal,https://tmssl.akamaized.net//images/flagge/tiny/149.png?lm=1520611569,FC Metz,,free,,€700k,0.7,Free,0.0,
England,en,2026-08-01 15:48 UTC,"Transfermarkt · England Premier League/Championship/League One/League Two (fees & values are estimates, EUR)",€,Premier League|Championship|League One|League Two,Championship,Watford FC,,,https://tmssl.akamaized.net//images/wappen/homepageSmall/1010.png?lm=1468103673,out,,Tom Ince,,,,,,,34,RW,Right Winger,England,https://tmssl.akamaized.net//images/flagge/tiny/189.png?lm=1520611569,Tranmere,,free,,€300k,0.3,Free,0.0,
England,en,2026-08-01 15:48 UTC,"Transfermarkt · England Premier League/Championship/League One/League Two (fees & values are estimates, EUR)",€,Premier League|Championship|League One|League Two,Championship,Watford FC,,,https://tmssl.akamaized.net//images/wappen/homepageSmall/1010.png?lm=1468103673,out,,Giorgi Chakvetadze,,,,,,,26,AM,Attacking Midfield,Georgia,https://tmssl.akamaized.net//images/flagge/tiny/53.png?lm=1520611569,Udinese,,other,,€3.50m,3.5,?,,
England,en,2026-08-01 15:48 UTC,"Transfermarkt · England Premier League/Championship/League One/League Two (fees & values are estimates, EUR)",€,Premier League|Championship|League One|League Two,Championship,Watford FC,,,https://tmssl.akamaized.net//images/wappen/homepageSmall/1010.png?lm=1468103673,out,,Nathan Baxter,,,,,,,27,GK,Goalkeeper,England,https://tmssl.akamaized.net//images/flagge/tiny/189.png?lm=1520611569,Leyton Orient,,other,,€700k,0.7,?,,
England,en,2026-08-01 15:48 UTC,"Transfermarkt · England Premier League/Championship/League One/League Two (fees & values are estimates, EUR)",€,Premier League|Championship|League One|League Two,Championship,Watford FC,,,https://tmssl.akamaized.net//images/wappen/homepageSmall/1010.png?lm=1468103673,out,,Jorge Hurtado,,,,,,,22,CF,Centre-Forward,Colombia,https://tmssl.akamaized.net//images/flagge/tiny/83.png?lm=1520611569,Deportes Tolima,,loan,,€400k,0.4,Loan,,
England,en,2026-08-01 15:48 UTC,"Transfermarkt · England Premier League/Championship/League One/League Two (fees & values are estimates, EUR)",€,Premier League|Championship|League One|League Two,Championship,Watford FC,,,https://tmssl.akamaized.net//images/wappen/homepageSmall/1010.png?lm=1468103673,out,,Vivaldo Semedo,,,,,,,21,CF,Centre-Forward,Portugal,https://tmssl.akamaized.net//images/flagge/tiny/136.png?lm=1520611569,Alverca,,loan,,€1.80m,1.8,Loan,,
England,en,2026-08-01 15:48 UTC,"Transfermarkt · England Premier League/Championship/League One/League Two (fees & values are estimates, EUR)",€,Premier League|Championship|League One|League Two,Championship,Watford FC,,,https://tmssl.akamaized.net//images/wappen/homepageSmall/1010.png?lm=1468103673,out,,Pierre Dwomoh,,,,,,,22,CM,Central Midfield,Belgium,https://tmssl.akamaized.net//images/flagge/tiny/19.png?lm=1520611569,Without Club,,other,,€1.50m,1.5,?,,
England,en,2026-08-01 15:48 UTC,"Transfermarkt · England Premier League/Championship/League One/League Two (fees & values are estimates, EUR)",€,Premier League|Championship|League One|League Two,Championship,Watford FC,,,https://tmssl.akamaized.net//images/wappen/homepageSmall/1010.png?lm=1468103673,out,,Myles Roberts,,,,,,,24,GK,Goalkeeper,England,https://tmssl.akamaized.net//images/flagge/tiny/189.png?lm=1520611569,Without Club,,other,,€325k,0.325,?,,
England,en,2026-08-01 15:48 UTC,"Transfermarkt · England Premier League/Championship/League One/League Two (fees & values are estimates, EUR)",€,Premier League|Championship|League One|League Two,Championship,Watford FC,,,https://tmssl.akamaized.net//images/wappen/homepageSmall/1010.png?lm=1468103673,out,,James Abankwah,,,,,,,22,CB,Centre-Back,Ireland,https://tmssl.akamaized.net//images/flagge/tiny/72.png?lm=1520611569,Udinese,,loan-return,,€3.50m,3.5,End of loan,,
England,en,2026-08-01 15:48 UTC,"Transfermarkt · England Premier League/Championship/League One/League Two (fees & values are estimates, EUR)",€,Premier League|Championship|League One|League Two,Championship,Watford FC,,,https://tmssl.akamaized.net//images/wappen/homepageSmall/1010.png?lm=1468103673,out,,Pierre Ekwah,,,,,,,24,DM,Defensive Midfield,France,https://tmssl.akamaized.net//images/flagge/tiny/50.png?lm=1520611569,Saint-Étienne,,loan-return,,€2.00m,2.0,End of loan,,
England,en,2026-08-01 15:48 UTC,"Transfermarkt · England Premier League/Championship/League One/League Two (fees & values are estimates, EUR)",€,Premier League|Championship|League One|League Two,Championship,Watford FC,,,https://tmssl.akamaized.net//images/wappen/homepageSmall/1010.png?lm=1468103673,out,,Saba Goglichidze,,,,,,,22,CB,Centre-Back,Georgia,https://tmssl.akamaized.net//images/flagge/tiny/53.png?lm=1520611569,Udinese,,loan-return,,€3.50m,3.5,End of loan,,
England,en,2026-08-01 15:48 UTC,"Transfermarkt · England Premier League/Championship/League One/League Two (fees & values are estimates, EUR)",€,Premier League|Championship|League One|League Two,Championship,Watford FC,,,https://tmssl.akamaized.net//images/wappen/homepageSmall/1010.png?lm=1468103673,out,,Stephen Mfuni,,,,,,,18,CB,Centre-Back,England,https://tmssl.akamaized.net//images/flagge/tiny/189.png?lm=1520611569,Man City U21,,loan-return,,€1.50m,1.5,End of loan,,
England,en,2026-08-01 15:48 UTC,"Transfermarkt · England Premier League/Championship/League One/League Two (fees & values are estimates, EUR)",€,Premier League|Championship|League One|League Two,Championship,Watford FC,,,https://tmssl.akamaized.net//images/wappen/homepageSmall/1010.png?lm=1468103673,out,,Formose Mendy,,,,,,,25,CB,Centre-Back,Senegal,https://tmssl.akamaized.net//images/flagge/tiny/149.png?lm=1520611569,FC Lorient,,loan-return,,€1.50m,1.5,End of loan,,
England,en,2026-08-01 15:48 UTC,"Transfermarkt · England Premier League/Championship/League One/League Two (fees & values are estimates, EUR)",€,Premier League|Championship|League One|League Two,Championship,Watford FC,,,https://tmssl.akamaized.net//images/wappen/homepageSmall/1010.png?lm=1468103673,out,,Luca Kjerrumgaard,,,,,,,23,CF,Centre-Forward,Denmark,https://tmssl.akamaized.net//images/flagge/tiny/39.png?lm=1520611569,Udinese,,loan-return,,€8.00m,8.0,End of loan,,
England,en,2026-08-01 15:48 UTC,"Transfermarkt · England Premier League/Championship/League One/League Two (fees & values are estimates, EUR)",€,Premier League|Championship|League One|League Two,Championship,West Bromwich Albion,,,https://tmssl.akamaized.net//images/wappen/homepageSmall/984.png?lm=1457991758,in,,Barney Stewart,,,,,,,22,CF,Centre-Forward,Scotland,https://tmssl.akamaized.net//images/flagge/tiny/190.png?lm=1520611569,Falkirk,,transfer,,€1.00m,1.0,€1.50m,1.5,
England,en,2026-08-01 15:48 UTC,"Transfermarkt · England Premier League/Championship/League One/League Two (fees & values are estimates, EUR)",€,Premier League|Championship|League One|League Two,Championship,West Bromwich Albion,,,https://tmssl.akamaized.net//images/wappen/homepageSmall/984.png?lm=1457991758,in,,Jimmy-Jay Morgan,,,,,,,20,CF,Centre-Forward,England,https://tmssl.akamaized.net//images/flagge/tiny/189.png?lm=1520611569,Chelsea U21,,transfer,,€350k,0.35,€1.50m,1.5,
England,en,2026-08-01 15:48 UTC,"Transfermarkt · England Premier League/Championship/League One/League Two (fees & values are estimates, EUR)",€,Premier League|Championship|League One|League Two,Championship,West Bromwich Albion,,,https://tmssl.akamaized.net//images/wappen/homepageSmall/984.png?lm=1457991758,in,,Nolan Galves,,,,,,,23,RB,Right-Back,France,https://tmssl.akamaized.net//images/flagge/tiny/50.png?lm=1520611569,Rodez AF,,transfer,,€1.80m,1.8,€1.00m,1.0,
England,en,2026-08-01 15:48 UTC,"Transfermarkt · England Premier League/Championship/League One/League Two (fees & values are estimates, EUR)",€,Premier League|Championship|League One|League Two,Championship,West Bromwich Albion,,,https://tmssl.akamaized.net//images/wappen/homepageSmall/984.png?lm=1457991758,in,,Conor Townsend,,,,,,,33,LB,Left-Back,England,https://tmssl.akamaized.net//images/flagge/tiny/189.png?lm=1520611569,Ipswich,,free,,€350k,0.35,Free,0.0,
England,en,2026-08-01 15:48 UTC,"Transfermarkt · England Premier League/Championship/League One/League Two (fees & values are estimates, EUR)",€,Premier League|Championship|League One|League Two,Championship,West Bromwich Albion,,,https://tmssl.akamaized.net//images/wappen/homepageSmall/984.png?lm=1457991758,in,,Matt Ingram,,,,,,,32,GK,Goalkeeper,England,https://tmssl.akamaized.net//images/flagge/tiny/189.png?lm=1520611569,Oxford United,,other,,€300k,0.3,?,,
England,en,2026-08-01 15:48 UTC,"Transfermarkt · England Premier League/Championship/League One/League Two (fees & values are estimates, EUR)",€,Premier League|Championship|League One|League Two,Championship,West Bromwich Albion,,,https://tmssl.akamaized.net//images/wappen/homepageSmall/984.png?lm=1457991758,in,,Ollie Bostock,,,,,,,19,LW,Left Winger,Wales,https://tmssl.akamaized.net//images/flagge/tiny/191.png?lm=1520611569,West Brom U21,,promotion,,€200k,0.2,Promotion,,
England,en,2026-08-01 15:48 UTC,"Transfermarkt · England Premier League/Championship/League One/League Two (fees & values are estimates, EUR)",€,Premier League|Championship|League One|League Two,Championship,West Bromwich Albion,,,https://tmssl.akamaized.net//images/wappen/homepageSmall/984.png?lm=1457991758,in,,Alex Williams,,,,,,,21,RB,Right-Back,Wales,https://tmssl.akamaized.net//images/flagge/tiny/191.png?lm=1520611569,West Brom U21,,promotion,,€100k,0.1,Promotion,,
England,en,2026-08-01 15:48 UTC,"Transfermarkt · England Premier League/Championship/League One/League Two (fees & values are estimates, EUR)",€,Premier League|Championship|League One|League Two,Championship,West Bromwich Albion,,,https://tmssl.akamaized.net//images/wappen/homepageSmall/984.png?lm=1457991758,out,,Daryl Dike,,,,,,,26,CF,Centre-Forward,United States,https://tmssl.akamaized.net//images/flagge/tiny/184.png?lm=1520611569,Orlando,,free,,€1.00m,1.0,Free,0.0,
England,en,2026-08-01 15:48 UTC,"Transfermarkt · England Premier League/Championship/League One/League Two (fees & values are estimates, EUR)",€,Premier League|Championship|League One|League Two,Championship,West Bromwich Albion,,,https://tmssl.akamaized.net//images/wappen/homepageSmall/984.png?lm=1457991758,out,,Jed Wallace,,,,,,,32,RW,Right Winger,England,https://tmssl.akamaized.net//images/flagge/tiny/189.png?lm=1520611569,Bristol City,,free,,€1.20m,1.2,Free,0.0,
England,en,2026-08-01 15:48 UTC,"Transfermarkt · England Premier League/Championship/League One/League Two (fees & values are estimates, EUR)",€,Premier League|Championship|League One|League Two,Championship,West Bromwich Albion,,,https://tmssl.akamaized.net//images/wappen/homepageSmall/984.png?lm=1457991758,out,,Karlan Grant,,,,,,,28,CF,Centre-Forward,England,https://tmssl.akamaized.net//images/flagge/tiny/189.png?lm=1520611569,Charlton,,free,,€1.80m,1.8,Free,0.0,
England,en,2026-08-01 15:48 UTC,"Transfermarkt · England Premier League/Championship/League One/League Two (fees & values are estimates, EUR)",€,Premier League|Championship|League One|League Two,Championship,West Bromwich Albion,,,https://tmssl.akamaized.net//images/wappen/homepageSmall/984.png?lm=1457991758,out,,Josh Maja,,,,,,,27,CF,Centre-Forward,Nigeria,https://tmssl.akamaized.net//images/flagge/tiny/124.png?lm=1520611569,Le Havre AC,,free,,€4.50m,4.5,Free,0.0,
England,en,2026-08-01 15:48 UTC,"Transfermarkt · England Premier League/Championship/League One/League Two (fees & values are estimates, EUR)",€,Premier League|Championship|League One|League Two,Championship,West Bromwich Albion,,,https://tmssl.akamaized.net//images/wappen/homepageSmall/984.png?lm=1457991758,out,,Josh Griffiths,,,,,,,24,GK,Goalkeeper,England,https://tmssl.akamaized.net//images/flagge/tiny/189.png?lm=1520611569,Stoke City,,other,,€2.00m,2.0,?,,
England,en,2026-08-01 15:48 UTC,"Transfermarkt · England Premier League/Championship/League One/League Two (fees & values are estimates, EUR)",€,Premier League|Championship|League One|League Two,Championship,West Bromwich Albion,,,https://tmssl.akamaized.net//images/wappen/homepageSmall/984.png?lm=1457991758,out,,Joe Wildsmith,,,,,,,30,GK,Goalkeeper,England,https://tmssl.akamaized.net//images/flagge/tiny/189.png?lm=1520611569,Without Club,,other,,€300k,0.3,?,,
England,en,2026-08-01 15:48 UTC,"Transfermarkt · England Premier League/Championship/League One/League Two (fees & values are estimates, EUR)",€,Premier League|Championship|League One|League Two,Championship,West Bromwich Albion,,,https://tmssl.akamaized.net//images/wappen/homepageSmall/984.png?lm=1457991758,out,,Charlie Taylor,,,,,,,32,LB,Left-Back,England,https://tmssl.akamaized.net//images/flagge/tiny/189.png?lm=1520611569,Southampton,,loan-return,,€1.20m,1.2,End of loan,,
England,en,2026-08-01 15:48 UTC,"Transfermarkt · England Premier League/Championship/League One/League Two (fees & values are estimates, EUR)",€,Premier League|Championship|League One|League Two,Championship,West Bromwich Albion,,,https://tmssl.akamaized.net//images/wappen/homepageSmall/984.png?lm=1457991758,out,,Jamaldeen Jimoh-Aloba,,,,,,,19,AM,Attacking Midfield,England,https://tmssl.akamaized.net//images/flagge/tiny/189.png?lm=1520611569,Aston Villa U21,,loan-return,,€500k,0.5,End of loan,,
England,en,2026-08-01 15:48 UTC,"Transfermarkt · England Premier League/Championship/League One/League Two (fees & values are estimates, EUR)",€,Premier League|Championship|League One|League Two,Championship,West Bromwich Albion,,,https://tmssl.akamaized.net//images/wappen/homepageSmall/984.png?lm=1457991758,out,,Hindolo Mustapha,,,,,,,19,AM,Attacking Midfield,Sierra Leone,https://tmssl.akamaized.net//images/flagge/tiny/152.png?lm=1520611569,Palace U21,,loan-return,,€100k,0.1,End of loan,,
England,en,2026-08-01 15:48 UTC,"Transfermarkt · England Premier League/Championship/League One/League Two (fees & values are estimates, EUR)",€,Premier League|Championship|League One|League Two,Championship,West Ham United,,,https://tmssl.akamaized.net//images/wappen/homepageSmall/379.png?lm=1464675260,in,,Keiber Lamadrid,,,,,,,22,LW,Left Winger,Venezuela,https://tmssl.akamaized.net//images/flagge/tiny/182.png?lm=1520611569,Dep. La Guaira,,transfer,,€1.20m,1.2,€1.15m,1.15,
England,en,2026-08-01 15:48 UTC,"Transfermarkt · England Premier League/Championship/League One/League Two (fees & values are estimates, EUR)",€,Premier League|Championship|League One|League Two,Championship,West Ham United,,,https://tmssl.akamaized.net//images/wappen/homepageSmall/379.png?lm=1464675260,in,,George Earthy,,,,,,,21,AM,Attacking Midfield,England,https://tmssl.akamaized.net//images/flagge/tiny/189.png?lm=1520611569,West Ham U21,,promotion,,€1.80m,1.8,Promotion,,
England,en,2026-08-01 15:48 UTC,"Transfermarkt · England Premier League/Championship/League One/League Two (fees & values are estimates, EUR)",€,Premier League|Championship|League One|League Two,Championship,West Ham United,,,https://tmssl.akamaized.net//images/wappen/homepageSmall/379.png?lm=1464675260,in,,Ezra Mayers,,,,,,,19,CB,Centre-Back,England,https://tmssl.akamaized.net//images/flagge/tiny/189.png?lm=1520611569,West Ham U21,,promotion,,€2.00m,2.0,Promotion,,
England,en,2026-08-01 15:48 UTC,"Transfermarkt · England Premier League/Championship/League One/League Two (fees & values are estimates, EUR)",€,Premier League|Championship|League One|League Two,Championship,West Ham United,,,https://tmssl.akamaized.net//images/wappen/homepageSmall/379.png?lm=1464675260,in,,Finlay Herrick,,,,,,,20,GK,Goalkeeper,England,https://tmssl.akamaized.net//images/flagge/tiny/189.png?lm=1520611569,West Ham U21,,promotion,,?,,Promotion,,
England,en,2026-08-01 15:48 UTC,"Transfermarkt · England Premier League/Championship/League One/League Two (fees & values are estimates, EUR)",€,Premier League|Championship|League One|League Two,Championship,West Ham United,,,https://tmssl.akamaized.net//images/wappen/homepageSmall/379.png?lm=1464675260,in,,Edson Álvarez,,,,,,,28,DM,Defensive Midfield,Mexico,https://tmssl.akamaized.net//images/flagge/tiny/110.png?lm=1520611569,Fenerbahçe,,loan-return,,€15.00m,15.0,End of loan,,
England,en,2026-08-01 15:48 UTC,"Transfermarkt · England Premier League/Championship/League One/League Two (fees & values are estimates, EUR)",€,Premier League|Championship|League One|League Two,Championship,West Ham United,,,https://tmssl.akamaized.net//images/wappen/homepageSmall/379.png?lm=1464675260,in,,James Ward-Prowse,,,,,,,31,CM,Central Midfield,England,https://tmssl.akamaized.net//images/flagge/tiny/189.png?lm=1520611569,Burnley,,loan-return,,€5.00m,5.0,End of loan,,
England,en,2026-08-01 15:48 UTC,"Transfermarkt · England Premier League/Championship/League One/League Two (fees & values are estimates, EUR)",€,Premier League|Championship|League One|League Two,Championship,West Ham United,,,https://tmssl.akamaized.net//images/wappen/homepageSmall/379.png?lm=1464675260,in,,Kaelan Casey,,,,,,,21,CB,Centre-Back,England,https://tmssl.akamaized.net//images/flagge/tiny/189.png?lm=1520611569,Leyton Orient,,loan-return,,€900k,0.9,End of loan,,
England,en,2026-08-01 15:48 UTC,"Transfermarkt · England Premier League/Championship/League One/League Two (fees & values are estimates, EUR)",€,Premier League|Championship|League One|League Two,Championship,West Ham United,,,https://tmssl.akamaized.net//images/wappen/homepageSmall/379.png?lm=1464675260,in,,Callum Marshall,,,,,,,21,CF,Centre-Forward,Northern Ireland,https://tmssl.akamaized.net//images/flagge/tiny/192.png?lm=1520611569,VfL Bochum,,loan-return,,€2.00m,2.0,End of loan,,
England,en,2026-08-01 15:48 UTC,"Transfermarkt · England Premier League/Championship/League One/League Two (fees & values are estimates, EUR)",€,Premier League|Championship|League One|League Two,Championship,West Ham United,,,https://tmssl.akamaized.net//images/wappen/homepageSmall/379.png?lm=1464675260,in,,Niclas Füllkrug,,,,,,,33,CF,Centre-Forward,Germany,https://tmssl.akamaized.net//images/flagge/tiny/40.png?lm=1520612525,AC Milan,,loan-return,,€3.50m,3.5,End of loan,,
England,en,2026-08-01 15:48 UTC,"Transfermarkt · England Premier League/Championship/League One/League Two (fees & values are estimates, EUR)",€,Premier League|Championship|League One|League Two,Championship,West Ham United,,,https://tmssl.akamaized.net//images/wappen/homepageSmall/379.png?lm=1464675260,in,,Maxwel Cornet,,,,,,,29,LW,Left Winger,Cote d'Ivoire,https://tmssl.akamaized.net//images/flagge/tiny/38.png?lm=1520611569,Genoa,,loan-return,,€2.00m,2.0,End of loan,,
England,en,2026-08-01 15:48 UTC,"Transfermarkt · England Premier League/Championship/League One/League Two (fees & values are estimates, EUR)",€,Premier League|Championship|League One|League Two,Championship,West Ham United,,,https://tmssl.akamaized.net//images/wappen/homepageSmall/379.png?lm=1464675260,out,,Mateus Fernandes,,,,,,,21,CM,Central Midfield,Portugal,https://tmssl.akamaized.net//images/flagge/tiny/136.png?lm=1520611569,Tottenham,,transfer,,€50.00m,50.0,€99.00m,99.0,
England,en,2026-08-01 15:48 UTC,"Transfermarkt · England Premier League/Championship/League One/League Two (fees & values are estimates, EUR)",€,Premier League|Championship|League One|League Two,Championship,West Ham United,,,https://tmssl.akamaized.net//images/wappen/homepageSmall/379.png?lm=1464675260,out,,Crysencio Summerville,,,,,,,24,LW,Left Winger,Netherlands,https://tmssl.akamaized.net//images/flagge/tiny/122.png?lm=1520611569,Al-Hilal,,transfer,,€45.00m,45.0,€64.50m,64.5,
England,en,2026-08-01 15:48 UTC,"Transfermarkt · England Premier League/Championship/League One/League Two (fees & values are estimates, EUR)",€,Premier League|Championship|League One|League Two,Championship,West Ham United,,,https://tmssl.akamaized.net//images/wappen/homepageSmall/379.png?lm=1464675260,out,,Callum Wilson,,,,,,,34,CF,Centre-Forward,England,https://tmssl.akamaized.net//images/flagge/tiny/189.png?lm=1520611569,Brentford,,free,,€4.00m,4.0,Free,0.0,
England,en,2026-08-01 15:48 UTC,"Transfermarkt · England Premier League/Championship/League One/League Two (fees & values are estimates, EUR)",€,Premier League|Championship|League One|League Two,Championship,West Ham United,,,https://tmssl.akamaized.net//images/wappen/homepageSmall/379.png?lm=1464675260,out,,Callum Marshall,,,,,,,21,CF,Centre-Forward,Northern Ireland,https://tmssl.akamaized.net//images/flagge/tiny/192.png?lm=1520611569,Luton,,other,,€2.00m,2.0,?,,
England,en,2026-08-01 15:48 UTC,"Transfermarkt · England Premier League/Championship/League One/League Two (fees & values are estimates, EUR)",€,Premier League|Championship|League One|League Two,Championship,West Ham United,,,https://tmssl.akamaized.net//images/wappen/homepageSmall/379.png?lm=1464675260,out,,Adama Traoré,,,,,,,30,RW,Right Winger,Spain,https://tmssl.akamaized.net//images/flagge/tiny/157.png?lm=1520611569,Without Club,,other,,€6.00m,6.0,?,,
England,en,2026-08-01 15:48 UTC,"Transfermarkt · England Premier League/Championship/League One/League Two (fees & values are estimates, EUR)",€,Premier League|Championship|League One|League Two,Championship,West Ham United,,,https://tmssl.akamaized.net//images/wappen/homepageSmall/379.png?lm=1464675260,out,,Łukasz Fabiański,,,,,,,41,GK,Goalkeeper,Poland,https://tmssl.akamaized.net//images/flagge/tiny/135.png?lm=1520611569,Retired,,other,,€150k,0.15,?,,
England,en,2026-08-01 15:48 UTC,"Transfermarkt · England Premier League/Championship/League One/League Two (fees & values are estimates, EUR)",€,Premier League|Championship|League One|League Two,Championship,West Ham United,,,https://tmssl.akamaized.net//images/wappen/homepageSmall/379.png?lm=1464675260,out,,Axel Disasi,,,,,,,28,CB,Centre-Back,France,https://tmssl.akamaized.net//images/flagge/tiny/50.png?lm=1520611569,Chelsea,,loan-return,,€15.00m,15.0,End of loan,,
England,en,2026-08-01 15:48 UTC,"Transfermarkt · England Premier League/Championship/League One/League Two (fees & values are estimates, EUR)",€,Premier League|Championship|League One|League Two,Championship,West Ham United,,,https://tmssl.akamaized.net//images/wappen/homepageSmall/379.png?lm=1464675260,out,,Keiber Lamadrid,,,,,,,22,LW,Left Winger,Venezuela,https://tmssl.akamaized.net//images/flagge/tiny/182.png?lm=1520611569,Dep. La Guaira,,loan-return,,€1.20m,1.2,End of loan,,
England,en,2026-08-01 15:48 UTC,"Transfermarkt · England Premier League/Championship/League One/League Two (fees & values are estimates, EUR)",€,Premier League|Championship|League One|League Two,Championship,Wolverhampton Wanderers,,,https://tmssl.akamaized.net//images/wappen/homepageSmall/543.png?lm=1467496784,in,,Rafiki Saïd,,,,,,,26,LW,Left Winger,Comoros,https://tmssl.akamaized.net//images/flagge/tiny/35.png?lm=1520611569,Standard Liège,,transfer,,€5.00m,5.0,€9.00m,9.0,
England,en,2026-08-01 15:48 UTC,"Transfermarkt · England Premier League/Championship/League One/League Two (fees & values are estimates, EUR)",€,Premier League|Championship|League One|League Two,Championship,Wolverhampton Wanderers,,,https://tmssl.akamaized.net//images/wappen/homepageSmall/543.png?lm=1467496784,in,,Ladislav Krejci,,,,,,,27,CB,Centre-Back,Czech Republic,https://tmssl.akamaized.net//images/flagge/tiny/172.png?lm=1520611569,Girona,,transfer,,€22.00m,22.0,€7.50m,7.5,
England,en,2026-08-01 15:48 UTC,"Transfermarkt · England Premier League/Championship/League One/League Two (fees & values are estimates, EUR)",€,Premier League|Championship|League One|League Two,Championship,Wolverhampton Wanderers,,,https://tmssl.akamaized.net//images/wappen/homepageSmall/543.png?lm=1467496784,in,,Raúl Jiménez,,,,,,,35,CF,Centre-Forward,Mexico,https://tmssl.akamaized.net//images/flagge/tiny/110.png?lm=1520611569,Fulham,,free,,€3.00m,3.0,Free,0.0,
England,en,2026-08-01 15:48 UTC,"Transfermarkt · England Premier League/Championship/League One/League Two (fees & values are estimates, EUR)",€,Premier League|Championship|League One|League Two,Championship,Wolverhampton Wanderers,,,https://tmssl.akamaized.net//images/wappen/homepageSmall/543.png?lm=1467496784,in,,Kieran Trippier,,,,,,,35,RB,Right-Back,England,https://tmssl.akamaized.net//images/flagge/tiny/189.png?lm=1520611569,Newcastle,,free,,€1.50m,1.5,Free,0.0,
England,en,2026-08-01 15:48 UTC,"Transfermarkt · England Premier League/Championship/League One/League Two (fees & values are estimates, EUR)",€,Premier League|Championship|League One|League Two,Championship,Wolverhampton Wanderers,,,https://tmssl.akamaized.net//images/wappen/homepageSmall/543.png?lm=1467496784,in,,Boubacar Traoré,,,,,,,24,DM,Defensive Midfield,Mali,https://tmssl.akamaized.net//images/flagge/tiny/105.png?lm=1520611569,FC Metz,,loan-return,,€4.00m,4.0,End of loan,,
England,en,2026-08-01 15:48 UTC,"Transfermarkt · England Premier League/Championship/League One/League Two (fees & values are estimates, EUR)",€,Premier League|Championship|League One|League Two,Championship,Wolverhampton Wanderers,,,https://tmssl.akamaized.net//images/wappen/homepageSmall/543.png?lm=1467496784,in,,Sasa Kalajdzic,,,,,,,28,CF,Centre-Forward,Austria,https://tmssl.akamaized.net//images/flagge/tiny/127.png?lm=1520611569,LASK,,loan-return,,€4.00m,4.0,End of loan,,
England,en,2026-08-01 15:48 UTC,"Transfermarkt · England Premier League/Championship/League One/League Two (fees & values are estimates, EUR)",€,Premier League|Championship|League One|League Two,Championship,Wolverhampton Wanderers,,,https://tmssl.akamaized.net//images/wappen/homepageSmall/543.png?lm=1467496784,in,,Marshall Munetsi,,,,,,,30,CM,Central Midfield,Zimbabwe,https://tmssl.akamaized.net//images/flagge/tiny/187.png?lm=1520611569,Paris FC,,loan-return,,€15.00m,15.0,End of loan,,
England,en,2026-08-01 15:48 UTC,"Transfermarkt · England Premier League/Championship/League One/League Two (fees & values are estimates, EUR)",€,Premier League|Championship|League One|League Two,Championship,Wolverhampton Wanderers,,,https://tmssl.akamaized.net//images/wappen/homepageSmall/543.png?lm=1467496784,in,,Fer López,,,,,,,22,AM,Attacking Midfield,Spain,https://tmssl.akamaized.net//images/flagge/tiny/157.png?lm=1520611569,Celta de Vigo,,loan-return,,€16.00m,16.0,End of loan,,
England,en,2026-08-01 15:48 UTC,"Transfermarkt · England Premier League/Championship/League One/League Two (fees & values are estimates, EUR)",€,Premier League|Championship|League One|League Two,Championship,Wolverhampton Wanderers,,,https://tmssl.akamaized.net//images/wappen/homepageSmall/543.png?lm=1467496784,out,,João Gomes,,,,,,,25,CM,Central Midfield,Brazil,https://tmssl.akamaized.net//images/flagge/tiny/26.png?lm=1520611569,Aston Villa,,transfer,,€40.00m,40.0,€40.00m,40.0,
England,en,2026-08-01 15:48 UTC,"Transfermarkt · England Premier League/Championship/League One/League Two (fees & values are estimates, EUR)",€,Premier League|Championship|League One|League Two,Championship,Wolverhampton Wanderers,,,https://tmssl.akamaized.net//images/wappen/homepageSmall/543.png?lm=1467496784,out,,Matt Doherty,,,,,,,34,RB,Right-Back,Ireland,https://tmssl.akamaized.net//images/flagge/tiny/72.png?lm=1520611569,Sheff Utd,,free,,€1.00m,1.0,Free,0.0,
England,en,2026-08-01 15:48 UTC,"Transfermarkt · England Premier League/Championship/League One/League Two (fees & values are estimates, EUR)",€,Premier League|Championship|League One|League Two,Championship,Wolverhampton Wanderers,,,https://tmssl.akamaized.net//images/wappen/homepageSmall/543.png?lm=1467496784,out,,Tolu Arokodare,,,,,,,25,CF,Centre-Forward,Nigeria,https://tmssl.akamaized.net//images/flagge/tiny/124.png?lm=1520611569,Ajax,,loan,,€20.00m,20.0,Loan,,
England,en,2026-08-01 15:48 UTC,"Transfermarkt · England Premier League/Championship/League One/League Two (fees & values are estimates, EUR)",€,Premier League|Championship|League One|League Two,Championship,Wolverhampton Wanderers,,,https://tmssl.akamaized.net//images/wappen/homepageSmall/543.png?lm=1467496784,out,,Ladislav Krejci,,,,,,,27,CB,Centre-Back,Czech Republic,https://tmssl.akamaized.net//images/flagge/tiny/172.png?lm=1520611569,Girona,,loan-return,,€22.00m,22.0,End of loan,,
England,en,2026-08-01 15:48 UTC,"Transfermarkt · England Premier League/Championship/League One/League Two (fees & values are estimates, EUR)",€,Premier League|Championship|League One|League Two,Championship,Wolverhampton Wanderers,,,https://tmssl.akamaized.net//images/wappen/homepageSmall/543.png?lm=1467496784,out,,Angel Gomes,,,,,,,25,AM,Attacking Midfield,England,https://tmssl.akamaized.net//images/flagge/tiny/189.png?lm=1520611569,Marseille,,loan-return,,€10.00m,10.0,End of loan,,
England,en,2026-08-01 15:48 UTC,"Transfermarkt · England Premier League/Championship/League One/League Two (fees & values are estimates, EUR)",€,Premier League|Championship|League One|League Two,Championship,Wrexham AFC,,,https://tmssl.akamaized.net//images/wappen/homepageSmall/1112.png?lm=1704797430,in,,Danny Imray,,,,,,,23,RB,Right-Back,England,https://tmssl.akamaized.net//images/flagge/tiny/189.png?lm=1520611569,Crystal Palace,,other,,€800k,0.8,?,,
England,en,2026-08-01 15:48 UTC,"Transfermarkt · England Premier League/Championship/League One/League Two (fees & values are estimates, EUR)",€,Premier League|Championship|League One|League Two,Championship,Wrexham AFC,,,https://tmssl.akamaized.net//images/wappen/homepageSmall/1112.png?lm=1704797430,in,,Joe Rees,,,,,,,18,DM,Defensive Midfield,Wales,https://tmssl.akamaized.net//images/flagge/tiny/191.png?lm=1520611569,Wrexham U18,,promotion,,?,,Promotion,,
England,en,2026-08-01 15:48 UTC,"Transfermarkt · England Premier League/Championship/League One/League Two (fees & values are estimates, EUR)",€,Premier League|Championship|League One|League Two,Championship,Wrexham AFC,,,https://tmssl.akamaized.net//images/wappen/homepageSmall/1112.png?lm=1704797430,in,,Sebastian Revan,,,,,,,22,LB,Left-Back,England,https://tmssl.akamaized.net//images/flagge/tiny/189.png?lm=1520611569,Burton Albion,,loan-return,,€500k,0.5,End of loan,,
England,en,2026-08-01 15:48 UTC,"Transfermarkt · England Premier League/Championship/League One/League Two (fees & values are estimates, EUR)",€,Premier League|Championship|League One|League Two,Championship,Wrexham AFC,,,https://tmssl.akamaized.net//images/wappen/homepageSmall/1112.png?lm=1704797430,in,,Mo Faal,,,,,,,23,CF,Centre-Forward,The Gambia,https://tmssl.akamaized.net//images/flagge/tiny/52.png?lm=1520611569,Cheltenham,,loan-return,,€350k,0.35,End of loan,,
England,en,2026-08-01 15:48 UTC,"Transfermarkt · England Premier League/Championship/League One/League Two (fees & values are estimates, EUR)",€,Premier League|Championship|League One|League Two,Championship,Wrexham AFC,,,https://tmssl.akamaized.net//images/wappen/homepageSmall/1112.png?lm=1704797430,in,,Harry Ashfield,,,,,,,20,AM,Attacking Midfield,Wales,https://tmssl.akamaized.net//images/flagge/tiny/191.png?lm=1520611569,Cheltenham,,loan-return,,€150k,0.15,End of loan,,
England,en,2026-08-01 15:48 UTC,"Transfermarkt · England Premier League/Championship/League One/League Two (fees & values are estimates, EUR)",€,Premier League|Championship|League One|League Two,Championship,Wrexham AFC,,,https://tmssl.akamaized.net//images/wappen/homepageSmall/1112.png?lm=1704797430,in,,Ryan Hardie,,,,,,,29,CF,Centre-Forward,Scotland,https://tmssl.akamaized.net//images/flagge/tiny/190.png?lm=1520611569,Huddersfield,,loan-return,,€800k,0.8,End of loan,,
England,en,2026-08-01 15:48 UTC,"Transfermarkt · England Premier League/Championship/League One/League Two (fees & values are estimates, EUR)",€,Premier League|Championship|League One|League Two,Championship,Wrexham AFC,,,https://tmssl.akamaized.net//images/wappen/homepageSmall/1112.png?lm=1704797430,in,,Elliot Lee,,,,,,,31,AM,Attacking Midfield,England,https://tmssl.akamaized.net//images/flagge/tiny/189.png?lm=1520611569,Doncaster,,loan-return,,€550k,0.55,End of loan,,
England,en,2026-08-01 15:48 UTC,"Transfermarkt · England Premier League/Championship/League One/League Two (fees & values are estimates, EUR)",€,Premier League|Championship|League One|League Two,Championship,Wrexham AFC,,,https://tmssl.akamaized.net//images/wappen/homepageSmall/1112.png?lm=1704797430,in,,Paul Mullin,,,,,,,31,CF,Centre-Forward,England,https://tmssl.akamaized.net//images/flagge/tiny/189.png?lm=1520611569,Bradford,,loan-return,,€350k,0.35,End of loan,,
England,en,2026-08-01 15:48 UTC,"Transfermarkt · England Premier League/Championship/League One/League Two (fees & values are estimates, EUR)",€,Premier League|Championship|League One|League Two,Championship,Wrexham AFC,,,https://tmssl.akamaized.net//images/wappen/homepageSmall/1112.png?lm=1704797430,in,,Conor Coady,,,,,,,33,CB,Centre-Back,England,https://tmssl.akamaized.net//images/flagge/tiny/189.png?lm=1520611569,Charlton,,loan-return,,€1.00m,1.0,End of loan,,
England,en,2026-08-01 15:48 UTC,"Transfermarkt · England Premier League/Championship/League One/League Two (fees & values are estimates, EUR)",€,Premier League|Championship|League One|League Two,Championship,Wrexham AFC,,,https://tmssl.akamaized.net//images/wappen/homepageSmall/1112.png?lm=1704797430,in,,Andy Cannon,,,,,,,30,CM,Central Midfield,England,https://tmssl.akamaized.net//images/flagge/tiny/189.png?lm=1520611569,Burton Albion,,loan-return,,€200k,0.2,End of loan,,
England,en,2026-08-01 15:48 UTC,"Transfermarkt · England Premier League/Championship/League One/League Two (fees & values are estimates, EUR)",€,Premier League|Championship|League One|League Two,Championship,Wrexham AFC,,,https://tmssl.akamaized.net//images/wappen/homepageSmall/1112.png?lm=1704797430,in,,Tom Kelly,,,,,,,19,CM,Central Midfield,England,https://tmssl.akamaized.net//images/flagge/tiny/189.png?lm=1520611569,Bala,,loan-return,,€50k,0.05,End of loan,,
England,en,2026-08-01 15:48 UTC,"Transfermarkt · England Premier League/Championship/League One/League Two (fees & values are estimates, EUR)",€,Premier League|Championship|League One|League Two,Championship,Wrexham AFC,,,https://tmssl.akamaized.net//images/wappen/homepageSmall/1112.png?lm=1704797430,out,,Andy Cannon,,,,,,,30,CM,Central Midfield,England,https://tmssl.akamaized.net//images/flagge/tiny/189.png?lm=1520611569,Fleetwood,,free,,€200k,0.2,Free,0.0,
England,en,2026-08-01 15:48 UTC,"Transfermarkt · England Premier League/Championship/League One/League Two (fees & values are estimates, EUR)",€,Premier League|Championship|League One|League Two,Championship,Wrexham AFC,,,https://tmssl.akamaized.net//images/wappen/homepageSmall/1112.png?lm=1704797430,out,,Thomas O'Connor,,,,,,,27,CB,Centre-Back,Ireland,https://tmssl.akamaized.net//images/flagge/tiny/72.png?lm=1520611569,Peterborough,,free,,€500k,0.5,Free,0.0,
England,en,2026-08-01 15:48 UTC,"Transfermarkt · England Premier League/Championship/League One/League Two (fees & values are estimates, EUR)",€,Premier League|Championship|League One|League Two,Championship,Wrexham AFC,,,https://tmssl.akamaized.net//images/wappen/homepageSmall/1112.png?lm=1704797430,out,,Paul Mullin,,,,,,,31,CF,Centre-Forward,England,https://tmssl.akamaized.net//images/flagge/tiny/189.png?lm=1520611569,Rotherham,,free,,€350k,0.35,Free,0.0,
England,en,2026-08-01 15:48 UTC,"Transfermarkt · England Premier League/Championship/League One/League Two (fees & values are estimates, EUR)",€,Premier League|Championship|League One|League Two,Championship,Wrexham AFC,,,https://tmssl.akamaized.net//images/wappen/homepageSmall/1112.png?lm=1704797430,out,,Max Purvis,,,,,,,19,CB,Centre-Back,Wales,https://tmssl.akamaized.net//images/flagge/tiny/191.png?lm=1520611569,Dinas Bangor,,free,,€50k,0.05,Free,0.0,
England,en,2026-08-01 15:48 UTC,"Transfermarkt · England Premier League/Championship/League One/League Two (fees & values are estimates, EUR)",€,Premier League|Championship|League One|League Two,Championship,Wrexham AFC,,,https://tmssl.akamaized.net//images/wappen/homepageSmall/1112.png?lm=1704797430,out,,Tom Kelly,,,,,,,19,CM,Central Midfield,England,https://tmssl.akamaized.net//images/flagge/tiny/189.png?lm=1520611569,Bala,,free,,€50k,0.05,Free,0.0,
England,en,2026-08-01 15:48 UTC,"Transfermarkt · England Premier League/Championship/League One/League Two (fees & values are estimates, EUR)",€,Premier League|Championship|League One|League Two,Championship,Wrexham AFC,,,https://tmssl.akamaized.net//images/wappen/homepageSmall/1112.png?lm=1704797430,out,,Mo Faal,,,,,,,23,CF,Centre-Forward,The Gambia,https://tmssl.akamaized.net//images/flagge/tiny/52.png?lm=1520611569,Port Vale,,loan,,€350k,0.35,Loan,,
England,en,2026-08-01 15:48 UTC,"Transfermarkt · England Premier League/Championship/League One/League Two (fees & values are estimates, EUR)",€,Premier League|Championship|League One|League Two,Championship,Wrexham AFC,,,https://tmssl.akamaized.net//images/wappen/homepageSmall/1112.png?lm=1704797430,out,,Jay Rodríguez,,,,,,,36,CF,Centre-Forward,England,https://tmssl.akamaized.net//images/flagge/tiny/189.png?lm=1520611569,Without Club,,other,,€200k,0.2,?,,
England,en,2026-08-01 15:48 UTC,"Transfermarkt · England Premier League/Championship/League One/League Two (fees & values are estimates, EUR)",€,Premier League|Championship|League One|League Two,Championship,Wrexham AFC,,,https://tmssl.akamaized.net//images/wappen/homepageSmall/1112.png?lm=1704797430,out,,Callum Edwards,,,,,,,20,RW,Right Winger,England,https://tmssl.akamaized.net//images/flagge/tiny/189.png?lm=1520611569,Without Club,,other,,€75k,0.075,?,,
England,en,2026-08-01 15:48 UTC,"Transfermarkt · England Premier League/Championship/League One/League Two (fees & values are estimates, EUR)",€,Premier League|Championship|League One|League Two,Championship,Wrexham AFC,,,https://tmssl.akamaized.net//images/wappen/homepageSmall/1112.png?lm=1704797430,out,,Reuben Egan,,,,,,,20,GK,Goalkeeper,Ireland,https://tmssl.akamaized.net//images/flagge/tiny/72.png?lm=1520611569,Without Club,,other,,?,,?,,
England,en,2026-08-01 15:48 UTC,"Transfermarkt · England Premier League/Championship/League One/League Two (fees & values are estimates, EUR)",€,Premier League|Championship|League One|League Two,Championship,Wrexham AFC,,,https://tmssl.akamaized.net//images/wappen/homepageSmall/1112.png?lm=1704797430,out,,Issa Kaboré,,,,,,,25,RB,Right-Back,Burkina Faso,https://tmssl.akamaized.net//images/flagge/tiny/29.png?lm=1520611569,Man City,,loan-return,,€4.00m,4.0,End of loan,,
England,en,2026-08-01 15:48 UTC,"Transfermarkt · England Premier League/Championship/League One/League Two (fees & values are estimates, EUR)",€,Premier League|Championship|League One|League Two,League One,AFC Wimbledon,,,https://tmssl.akamaized.net//images/wappen/homepageSmall/3884.png?lm=1590095759,in,,Zack Nelson,,,,,,,21,AM,Attacking Midfield,England,https://tmssl.akamaized.net//images/flagge/tiny/189.png?lm=1520611569,Luton,,free,,€600k,0.6,Free,0.0,
England,en,2026-08-01 15:48 UTC,"Transfermarkt · England Premier League/Championship/League One/League Two (fees & values are estimates, EUR)",€,Premier League|Championship|League One|League Two,League One,AFC Wimbledon,,,https://tmssl.akamaized.net//images/wappen/homepageSmall/3884.png?lm=1590095759,in,,Dan Sweeney,,,,,,,32,CB,Centre-Back,England,https://tmssl.akamaized.net//images/flagge/tiny/189.png?lm=1520611569,Stevenage,,free,,€100k,0.1,Free,0.0,
England,en,2026-08-01 15:48 UTC,"Transfermarkt · England Premier League/Championship/League One/League Two (fees & values are estimates, EUR)",€,Premier League|Championship|League One|League Two,League One,AFC Wimbledon,,,https://tmssl.akamaized.net//images/wappen/homepageSmall/3884.png?lm=1590095759,in,,Steven Sessegnon,,,,,,,26,RB,Right-Back,England,https://tmssl.akamaized.net//images/flagge/tiny/189.png?lm=1520611569,Wigan,,free,,€250k,0.25,Free,0.0,
England,en,2026-08-01 15:48 UTC,"Transfermarkt · England Premier League/Championship/League One/League Two (fees & values are estimates, EUR)",€,Premier League|Championship|League One|League Two,League One,AFC Wimbledon,,,https://tmssl.akamaized.net//images/wappen/homepageSmall/3884.png?lm=1590095759,in,,James Tilley,,,,,,,28,RW,Right Winger,England,https://tmssl.akamaized.net//images/flagge/tiny/189.png?lm=1520611569,Wycombe,,other,,€350k,0.35,?,,
England,en,2026-08-01 15:48 UTC,"Transfermarkt · England Premier League/Championship/League One/League Two (fees & values are estimates, EUR)",€,Premier League|Championship|League One|League Two,League One,AFC Wimbledon,,,https://tmssl.akamaized.net//images/wappen/homepageSmall/3884.png?lm=1590095759,in,,Sam Goma,,,,,,,18,CB,Centre-Back,England,https://tmssl.akamaized.net//images/flagge/tiny/189.png?lm=1520611569,Wimbledon U18,,promotion,,?,,Promotion,,
England,en,2026-08-01 15:48 UTC,"Transfermarkt · England Premier League/Championship/League One/League Two (fees & values are estimates, EUR)",€,Premier League|Championship|League One|League Two,League One,AFC Wimbledon,,,https://tmssl.akamaized.net//images/wappen/homepageSmall/3884.png?lm=1590095759,in,,Harry Hedges,,,,,,,18,AM,Attacking Midfield,England,https://tmssl.akamaized.net//images/flagge/tiny/189.png?lm=1520611569,Wimbledon U18,,promotion,,?,,Promotion,,
England,en,2026-08-01 15:48 UTC,"Transfermarkt · England Premier League/Championship/League One/League Two (fees & values are estimates, EUR)",€,Premier League|Championship|League One|League Two,League One,AFC Wimbledon,,,https://tmssl.akamaized.net//images/wappen/homepageSmall/3884.png?lm=1590095759,in,,Joe Kirby,,,,,,,18,CM,Central Midfield,England,https://tmssl.akamaized.net//images/flagge/tiny/189.png?lm=1520611569,Wimbledon U18,,promotion,,?,,Promotion,,
England,en,2026-08-01 15:48 UTC,"Transfermarkt · England Premier League/Championship/League One/League Two (fees & values are estimates, EUR)",€,Premier League|Championship|League One|League Two,League One,AFC Wimbledon,,,https://tmssl.akamaized.net//images/wappen/homepageSmall/3884.png?lm=1590095759,in,,Ollie Harrison,,,,,,,18,DM,Defensive Midfield,England,https://tmssl.akamaized.net//images/flagge/tiny/189.png?lm=1520611569,Chelsea U21,,loan,,?,,Loan,,
England,en,2026-08-01 15:48 UTC,"Transfermarkt · England Premier League/Championship/League One/League Two (fees & values are estimates, EUR)",€,Premier League|Championship|League One|League Two,League One,AFC Wimbledon,,,https://tmssl.akamaized.net//images/wappen/homepageSmall/3884.png?lm=1590095759,in,,Harry Sidwell,,,,,,,20,CM,Central Midfield,England,https://tmssl.akamaized.net//images/flagge/tiny/189.png?lm=1520611569,Eastleigh,,loan-return,,?,,End of loan,,
England,en,2026-08-01 15:48 UTC,"Transfermarkt · England Premier League/Championship/League One/League Two (fees & values are estimates, EUR)",€,Premier League|Championship|League One|League Two,League One,AFC Wimbledon,,,https://tmssl.akamaized.net//images/wappen/homepageSmall/3884.png?lm=1590095759,in,,Delano McCoy-Splatt,,,,,,,21,CM,Central Midfield,Jamaica,https://tmssl.akamaized.net//images/flagge/tiny/76.png?lm=1520611569,Yeovil Town,,loan-return,,?,,End of loan,,
England,en,2026-08-01 15:48 UTC,"Transfermarkt · England Premier League/Championship/League One/League Two (fees & values are estimates, EUR)",€,Premier League|Championship|League One|League Two,League One,AFC Wimbledon,,,https://tmssl.akamaized.net//images/wappen/homepageSmall/3884.png?lm=1590095759,out,,Omar Bugiel,,,,,,,32,CF,Centre-Forward,Lebanon,https://tmssl.akamaized.net//images/flagge/tiny/94.png?lm=1520611569,SZ Dongwu,,free,,€150k,0.15,Free,0.0,
England,en,2026-08-01 15:48 UTC,"Transfermarkt · England Premier League/Championship/League One/League Two (fees & values are estimates, EUR)",€,Premier League|Championship|League One|League Two,League One,AFC Wimbledon,,,https://tmssl.akamaized.net//images/wappen/homepageSmall/3884.png?lm=1590095759,out,,Sam Hutchinson,,,,,,,36,DM,Defensive Midfield,England,https://tmssl.akamaized.net//images/flagge/tiny/189.png?lm=1520611569,Farnham Town,,free,,€50k,0.05,Free,0.0,
England,en,2026-08-01 15:48 UTC,"Transfermarkt · England Premier League/Championship/League One/League Two (fees & values are estimates, EUR)",€,Premier League|Championship|League One|League Two,League One,AFC Wimbledon,,,https://tmssl.akamaized.net//images/wappen/homepageSmall/3884.png?lm=1590095759,out,,Patrick Bauer,,,,,,,33,CB,Centre-Back,Germany,https://tmssl.akamaized.net//images/flagge/tiny/40.png?lm=1520612525,Cambridge Utd.,,free,,€150k,0.15,Free,0.0,
England,en,2026-08-01 15:48 UTC,"Transfermarkt · England Premier League/Championship/League One/League Two (fees & values are estimates, EUR)",€,Premier League|Championship|League One|League Two,League One,AFC Wimbledon,,,https://tmssl.akamaized.net//images/wappen/homepageSmall/3884.png?lm=1590095759,out,,Josh Kelly,,,,,,,27,SS,Second Striker,Northern Ireland,https://tmssl.akamaized.net//images/flagge/tiny/192.png?lm=1520611569,Woking,,free,,?,,Free,0.0,
England,en,2026-08-01 15:48 UTC,"Transfermarkt · England Premier League/Championship/League One/League Two (fees & values are estimates, EUR)",€,Premier League|Championship|League One|League Two,League One,AFC Wimbledon,,,https://tmssl.akamaized.net//images/wappen/homepageSmall/3884.png?lm=1590095759,out,,Osman Foyo,,,,,,,21,RW,Right Winger,England,https://tmssl.akamaized.net//images/flagge/tiny/189.png?lm=1520611569,Rhode Island FC,,other,,€75k,0.075,?,,
England,en,2026-08-01 15:48 UTC,"Transfermarkt · England Premier League/Championship/League One/League Two (fees & values are estimates, EUR)",€,Premier League|Championship|League One|League Two,League One,AFC Wimbledon,,,https://tmssl.akamaized.net//images/wappen/homepageSmall/3884.png?lm=1590095759,out,,Leo Young,,,,,,,20,CB,Centre-Back,England,https://tmssl.akamaized.net//images/flagge/tiny/189.png?lm=1520611569,Without Club,,other,,?,,?,,
England,en,2026-08-01 15:48 UTC,"Transfermarkt · England Premier League/Championship/League One/League Two (fees & values are estimates, EUR)",€,Premier League|Championship|League One|League Two,League One,AFC Wimbledon,,,https://tmssl.akamaized.net//images/wappen/homepageSmall/3884.png?lm=1590095759,out,,Ethan Sutcliffe,,,,,,,22,CB,Centre-Back,England,https://tmssl.akamaized.net//images/flagge/tiny/189.png?lm=1520611569,Without Club,,other,,?,,?,,
England,en,2026-08-01 15:48 UTC,"Transfermarkt · England Premier League/Championship/League One/League Two (fees & values are estimates, EUR)",€,Premier League|Championship|League One|League Two,League One,AFC Wimbledon,,,https://tmssl.akamaized.net//images/wappen/homepageSmall/3884.png?lm=1590095759,out,,Harry Sidwell,,,,,,,19,CM,Central Midfield,England,https://tmssl.akamaized.net//images/flagge/tiny/189.png?lm=1520611569,Eastleigh,,loan,,?,,Loan,,
England,en,2026-08-01 15:48 UTC,"Transfermarkt · England Premier League/Championship/League One/League Two (fees & values are estimates, EUR)",€,Premier League|Championship|League One|League Two,League One,AFC Wimbledon,,,https://tmssl.akamaized.net//images/wappen/homepageSmall/3884.png?lm=1590095759,out,,Ollie Harrison,,,,,,,19,DM,Defensive Midfield,England,https://tmssl.akamaized.net//images/flagge/tiny/189.png?lm=1520611569,Chelsea U21,,loan-return,,?,,End of loan,,
England,en,2026-08-01 15:48 UTC,"Transfermarkt · England Premier League/Championship/League One/League Two (fees & values are estimates, EUR)",€,Premier League|Championship|League One|League Two,League One,AFC Wimbledon,,,https://tmssl.akamaized.net//images/wappen/homepageSmall/3884.png?lm=1590095759,out,,Zack Nelson,,,,,,,21,AM,Attacking Midfield,England,https://tmssl.akamaized.net//images/flagge/tiny/189.png?lm=1520611569,Luton,,loan-return,,€600k,0.6,End of loan,,
England,en,2026-08-01 15:48 UTC,"Transfermarkt · England Premier League/Championship/League One/League Two (fees & values are estimates, EUR)",€,Premier League|Championship|League One|League Two,League One,AFC Wimbledon,,,https://tmssl.akamaized.net//images/wappen/homepageSmall/3884.png?lm=1590095759,out,,Layton Stewart,,,,,,,23,CF,Centre-Forward,England,https://tmssl.akamaized.net//images/flagge/tiny/189.png?lm=1520611569,FC Thun,,loan-return,,€200k,0.2,End of loan,,
England,en,2026-08-01 15:48 UTC,"Transfermarkt · England Premier League/Championship/League One/League Two (fees & values are estimates, EUR)",€,Premier League|Championship|League One|League Two,League One,Barnsley FC,,,https://tmssl.akamaized.net//images/wappen/homepageSmall/349.png?lm=1574162298,in,,Tyrese Noslin,,,,,,,23,RM,Right Midfield,Curacao,https://tmssl.akamaized.net//images/flagge/tiny/260.png?lm=1520611569,Telstar,,transfer,,€750k,0.75,€300k,0.3,
England,en,2026-08-01 15:48 UTC,"Transfermarkt · England Premier League/Championship/League One/League Two (fees & values are estimates, EUR)",€,Premier League|Championship|League One|League Two,League One,Barnsley FC,,,https://tmssl.akamaized.net//images/wappen/homepageSmall/349.png?lm=1574162298,in,,Cameron McGeehan,,,,,,,31,CM,Central Midfield,Northern Ireland,https://tmssl.akamaized.net//images/flagge/tiny/192.png?lm=1520611569,Northampton,,free,,€250k,0.25,Free,0.0,
England,en,2026-08-01 15:48 UTC,"Transfermarkt · England Premier League/Championship/League One/League Two (fees & values are estimates, EUR)",€,Premier League|Championship|League One|League Two,League One,Barnsley FC,,,https://tmssl.akamaized.net//images/wappen/homepageSmall/349.png?lm=1574162298,in,,Clayton Taylor,,,,,,,22,LW,Left Winger,Australia,https://tmssl.akamaized.net//images/flagge/tiny/12.png?lm=1520611569,Newcastle,,free,,€650k,0.65,Free,0.0,
England,en,2026-08-01 15:48 UTC,"Transfermarkt · England Premier League/Championship/League One/League Two (fees & values are estimates, EUR)",€,Premier League|Championship|League One|League Two,League One,Barnsley FC,,,https://tmssl.akamaized.net//images/wappen/homepageSmall/349.png?lm=1574162298,in,,Sam Gale,,,,,,,21,CB,Centre-Back,England,https://tmssl.akamaized.net//images/flagge/tiny/189.png?lm=1520611569,Gillingham,,other,,€350k,0.35,?,,
England,en,2026-08-01 15:48 UTC,"Transfermarkt · England Premier League/Championship/League One/League Two (fees & values are estimates, EUR)",€,Premier League|Championship|League One|League Two,League One,Barnsley FC,,,https://tmssl.akamaized.net//images/wappen/homepageSmall/349.png?lm=1574162298,in,,Amani Richards,,,,,,,21,CF,Centre-Forward,England,https://tmssl.akamaized.net//images/flagge/tiny/189.png?lm=1520611569,Leicester U21,,other,,€50k,0.05,?,,
England,en,2026-08-01 15:48 UTC,"Transfermarkt · England Premier League/Championship/League One/League Two (fees & values are estimates, EUR)",€,Premier League|Championship|League One|League Two,League One,Barnsley FC,,,https://tmssl.akamaized.net//images/wappen/homepageSmall/349.png?lm=1574162298,in,,Isaac Smith,,,,,,,20,CB,Centre-Back,England,https://tmssl.akamaized.net//images/flagge/tiny/189.png?lm=1520611569,Man City U21,,other,,?,,?,,
England,en,2026-08-01 15:48 UTC,"Transfermarkt · England Premier League/Championship/League One/League Two (fees & values are estimates, EUR)",€,Premier League|Championship|League One|League Two,League One,Barnsley FC,,,https://tmssl.akamaized.net//images/wappen/homepageSmall/349.png?lm=1574162298,in,,Cieran Slicker,,,,,,,23,GK,Goalkeeper,Scotland,https://tmssl.akamaized.net//images/flagge/tiny/190.png?lm=1520611569,Ipswich,,loan,,€350k,0.35,Loan,,
England,en,2026-08-01 15:48 UTC,"Transfermarkt · England Premier League/Championship/League One/League Two (fees & values are estimates, EUR)",€,Premier League|Championship|League One|League Two,League One,Barnsley FC,,,https://tmssl.akamaized.net//images/wappen/homepageSmall/349.png?lm=1574162298,in,,Makenzie Kirk,,,,,,,22,CF,Centre-Forward,Northern Ireland,https://tmssl.akamaized.net//images/flagge/tiny/192.png?lm=1520611569,Portsmouth,,loan,,€400k,0.4,Loan,,
England,en,2026-08-01 15:48 UTC,"Transfermarkt · England Premier League/Championship/League One/League Two (fees & values are estimates, EUR)",€,Premier League|Championship|League One|League Two,League One,Barnsley FC,,,https://tmssl.akamaized.net//images/wappen/homepageSmall/349.png?lm=1574162298,in,,Connor Barratt,,,,,,,22,CB,Centre-Back,Ireland,https://tmssl.akamaized.net//images/flagge/tiny/72.png?lm=1520611569,Galway United,,loan-return,,€125k,0.125,End of loan,,
England,en,2026-08-01 15:48 UTC,"Transfermarkt · England Premier League/Championship/League One/League Two (fees & values are estimates, EUR)",€,Premier League|Championship|League One|League Two,League One,Barnsley FC,,,https://tmssl.akamaized.net//images/wappen/homepageSmall/349.png?lm=1574162298,in,,Fábio Jaló,,,,,,,20,RW,Right Winger,Portugal,https://tmssl.akamaized.net//images/flagge/tiny/136.png?lm=1520611569,Oldham Athletic,,loan-return,,€150k,0.15,End of loan,,
England,en,2026-08-01 15:48 UTC,"Transfermarkt · England Premier League/Championship/League One/League Two (fees & values are estimates, EUR)",€,Premier League|Championship|League One|League Two,League One,Barnsley FC,,,https://tmssl.akamaized.net//images/wappen/homepageSmall/349.png?lm=1574162298,in,,Kacper Łopata,,,,,,,24,CB,Centre-Back,Poland,https://tmssl.akamaized.net//images/flagge/tiny/135.png?lm=1520611569,Walsall,,loan-return,,€250k,0.25,End of loan,,
England,en,2026-08-01 15:48 UTC,"Transfermarkt · England Premier League/Championship/League One/League Two (fees & values are estimates, EUR)",€,Premier League|Championship|League One|League Two,League One,Barnsley FC,,,https://tmssl.akamaized.net//images/wappen/homepageSmall/349.png?lm=1574162298,in,,Jon Russell,,,,,,,25,CM,Central Midfield,Jamaica,https://tmssl.akamaized.net//images/flagge/tiny/76.png?lm=1520611569,Mansfield Town,,loan-return,,€750k,0.75,End of loan,,
England,en,2026-08-01 15:48 UTC,"Transfermarkt · England Premier League/Championship/League One/League Two (fees & values are estimates, EUR)",€,Premier League|Championship|League One|League Two,League One,Barnsley FC,,,https://tmssl.akamaized.net//images/wappen/homepageSmall/349.png?lm=1574162298,in,,Jackson Smith,,,,,,,24,GK,Goalkeeper,England,https://tmssl.akamaized.net//images/flagge/tiny/189.png?lm=1520611569,Grimsby Town,,loan-return,,€300k,0.3,End of loan,,
England,en,2026-08-01 15:48 UTC,"Transfermarkt · England Premier League/Championship/League One/League Two (fees & values are estimates, EUR)",€,Premier League|Championship|League One|League Two,League One,Barnsley FC,,,https://tmssl.akamaized.net//images/wappen/homepageSmall/349.png?lm=1574162298,in,,Andy Dallas,,,,,,,26,CF,Centre-Forward,Scotland,https://tmssl.akamaized.net//images/flagge/tiny/190.png?lm=1520611569,Southend United,,loan-return,,€100k,0.1,End of loan,,
England,en,2026-08-01 15:48 UTC,"Transfermarkt · England Premier League/Championship/League One/League Two (fees & values are estimates, EUR)",€,Premier League|Championship|League One|League Two,League One,Barnsley FC,,,https://tmssl.akamaized.net//images/wappen/homepageSmall/349.png?lm=1574162298,in,,Max Watters,,,,,,,27,CF,Centre-Forward,England,https://tmssl.akamaized.net//images/flagge/tiny/189.png?lm=1520611569,Dundee United,,loan-return,,€400k,0.4,End of loan,,
England,en,2026-08-01 15:48 UTC,"Transfermarkt · England Premier League/Championship/League One/League Two (fees & values are estimates, EUR)",€,Premier League|Championship|League One|League Two,League One,Barnsley FC,,,https://tmssl.akamaized.net//images/wappen/homepageSmall/349.png?lm=1574162298,out,,Max Watters,,,,,,,27,CF,Centre-Forward,England,https://tmssl.akamaized.net//images/flagge/tiny/189.png?lm=1520611569,Port Vale,,free,,€400k,0.4,Free,0.0,
England,en,2026-08-01 15:48 UTC,"Transfermarkt · England Premier League/Championship/League One/League Two (fees & values are estimates, EUR)",€,Premier League|Championship|League One|League Two,League One,Barnsley FC,,,https://tmssl.akamaized.net//images/wappen/homepageSmall/349.png?lm=1574162298,out,,Eoghan O'Connell,,,,,,,30,CB,Centre-Back,Ireland,https://tmssl.akamaized.net//images/flagge/tiny/72.png?lm=1520611569,Stockport,,free,,€400k,0.4,Free,0.0,
England,en,2026-08-01 15:48 UTC,"Transfermarkt · England Premier League/Championship/League One/League Two (fees & values are estimates, EUR)",€,Premier League|Championship|League One|League Two,League One,Barnsley FC,,,https://tmssl.akamaized.net//images/wappen/homepageSmall/349.png?lm=1574162298,out,,Andy Dallas,,,,,,,26,CF,Centre-Forward,Scotland,https://tmssl.akamaized.net//images/flagge/tiny/190.png?lm=1520611569,Walsall,,free,,€100k,0.1,Free,0.0,
England,en,2026-08-01 15:48 UTC,"Transfermarkt · England Premier League/Championship/League One/League Two (fees & values are estimates, EUR)",€,Premier League|Championship|League One|League Two,League One,Barnsley FC,,,https://tmssl.akamaized.net//images/wappen/homepageSmall/349.png?lm=1574162298,out,,David McGoldrick,,,,,,,38,CF,Centre-Forward,Ireland,https://tmssl.akamaized.net//images/flagge/tiny/72.png?lm=1520611569,Mansfield Town,,free,,€25k,0.025,Free,0.0,
England,en,2026-08-01 15:48 UTC,"Transfermarkt · England Premier League/Championship/League One/League Two (fees & values are estimates, EUR)",€,Premier League|Championship|League One|League Two,League One,Barnsley FC,,,https://tmssl.akamaized.net//images/wappen/homepageSmall/349.png?lm=1574162298,out,,Jon Russell,,,,,,,25,CM,Central Midfield,Jamaica,https://tmssl.akamaized.net//images/flagge/tiny/76.png?lm=1520611569,Mansfield Town,,free,,€750k,0.75,Free,0.0,
England,en,2026-08-01 15:48 UTC,"Transfermarkt · England Premier League/Championship/League One/League Two (fees & values are estimates, EUR)",€,Premier League|Championship|League One|League Two,League One,Barnsley FC,,,https://tmssl.akamaized.net//images/wappen/homepageSmall/349.png?lm=1574162298,out,,Jackson Smith,,,,,,,24,GK,Goalkeeper,England,https://tmssl.akamaized.net//images/flagge/tiny/189.png?lm=1520611569,Port Vale,,other,,€300k,0.3,?,,
England,en,2026-08-01 15:48 UTC,"Transfermarkt · England Premier League/Championship/League One/League Two (fees & values are estimates, EUR)",€,Premier League|Championship|League One|League Two,League One,Barnsley FC,,,https://tmssl.akamaized.net//images/wappen/homepageSmall/349.png?lm=1574162298,out,,Adam Phillips,,,,,,,28,AM,Attacking Midfield,England,https://tmssl.akamaized.net//images/flagge/tiny/189.png?lm=1520611569,Bradford,,other,,€650k,0.65,?,,
England,en,2026-08-01 15:48 UTC,"Transfermarkt · England Premier League/Championship/League One/League Two (fees & values are estimates, EUR)",€,Premier League|Championship|League One|League Two,League One,Barnsley FC,,,https://tmssl.akamaized.net//images/wappen/homepageSmall/349.png?lm=1574162298,out,,Tennai Watson,,,,,,,29,RB,Right-Back,England,https://tmssl.akamaized.net//images/flagge/tiny/189.png?lm=1520611569,Without Club,,other,,€175k,0.175,?,,
England,en,2026-08-01 15:48 UTC,"Transfermarkt · England Premier League/Championship/League One/League Two (fees & values are estimates, EUR)",€,Premier League|Championship|League One|League Two,League One,Barnsley FC,,,https://tmssl.akamaized.net//images/wappen/homepageSmall/349.png?lm=1574162298,out,,Marc Roberts,,,,,,,35,CB,Centre-Back,England,https://tmssl.akamaized.net//images/flagge/tiny/189.png?lm=1520611569,Without Club,,other,,€50k,0.05,?,,
England,en,2026-08-01 15:48 UTC,"Transfermarkt · England Premier League/Championship/League One/League Two (fees & values are estimates, EUR)",€,Premier League|Championship|League One|League Two,League One,Barnsley FC,,,https://tmssl.akamaized.net//images/wappen/homepageSmall/349.png?lm=1574162298,out,,Scott Banks,,,,,,,24,RW,Right Winger,Scotland,https://tmssl.akamaized.net//images/flagge/tiny/190.png?lm=1520611569,St. Pauli,,loan-return,,€400k,0.4,End of loan,,
England,en,2026-08-01 15:48 UTC,"Transfermarkt · England Premier League/Championship/League One/League Two (fees & values are estimates, EUR)",€,Premier League|Championship|League One|League Two,League One,Barnsley FC,,,https://tmssl.akamaized.net//images/wappen/homepageSmall/349.png?lm=1574162298,out,,Owen Goodman,,,,,,,22,GK,Goalkeeper,Canada,https://tmssl.akamaized.net//images/flagge/tiny/80.png?lm=1520611569,Crystal Palace,,loan-return,,€550k,0.55,End of loan,,
England,en,2026-08-01 15:48 UTC,"Transfermarkt · England Premier League/Championship/League One/League Two (fees & values are estimates, EUR)",€,Premier League|Championship|League One|League Two,League One,Barnsley FC,,,https://tmssl.akamaized.net//images/wappen/homepageSmall/349.png?lm=1574162298,out,,Cieran Slicker,,,,,,,24,GK,Goalkeeper,Scotland,https://tmssl.akamaized.net//images/flagge/tiny/190.png?lm=1520611569,Ipswich,,loan-return,,€350k,0.35,End of loan,,
England,en,2026-08-01 15:48 UTC,"Transfermarkt · England Premier League/Championship/League One/League Two (fees & values are estimates, EUR)",€,Premier League|Championship|League One|League Two,League One,Blackpool FC,,,https://tmssl.akamaized.net//images/wappen/homepageSmall/1181.png?lm=1407655321,in,,Ilmari Niskanen,,,,,,,28,RM,Right Midfield,Finland,https://tmssl.akamaized.net//images/flagge/tiny/49.png?lm=1520611569,Exeter City,,free,,€500k,0.5,Free,0.0,
England,en,2026-08-01 15:48 UTC,"Transfermarkt · England Premier League/Championship/League One/League Two (fees & values are estimates, EUR)",€,Premier League|Championship|League One|League Two,League One,Blackpool FC,,,https://tmssl.akamaized.net//images/wappen/homepageSmall/1181.png?lm=1407655321,in,,Karoy Anderson,,,,,,,21,CM,Central Midfield,Jamaica,https://tmssl.akamaized.net//images/flagge/tiny/76.png?lm=1520611569,Charlton,,other,,€375k,0.375,?,,
England,en,2026-08-01 15:48 UTC,"Transfermarkt · England Premier League/Championship/League One/League Two (fees & values are estimates, EUR)",€,Premier League|Championship|League One|League Two,League One,Blackpool FC,,,https://tmssl.akamaized.net//images/wappen/homepageSmall/1181.png?lm=1407655321,in,,Dion Charles,,,,,,,30,CF,Centre-Forward,Northern Ireland,https://tmssl.akamaized.net//images/flagge/tiny/192.png?lm=1520611569,Huddersfield,,loan,,€500k,0.5,Loan,,
England,en,2026-08-01 15:48 UTC,"Transfermarkt · England Premier League/Championship/League One/League Two (fees & values are estimates, EUR)",€,Premier League|Championship|League One|League Two,League One,Blackpool FC,,,https://tmssl.akamaized.net//images/wappen/homepageSmall/1181.png?lm=1407655321,in,,Jordan Williams,,,,,,,26,RB,Right-Back,England,https://tmssl.akamaized.net//images/flagge/tiny/189.png?lm=1520611569,Portsmouth,,loan,,€800k,0.8,Loan,,
England,en,2026-08-01 15:48 UTC,"Transfermarkt · England Premier League/Championship/League One/League Two (fees & values are estimates, EUR)",€,Premier League|Championship|League One|League Two,League One,Blackpool FC,,,https://tmssl.akamaized.net//images/wappen/homepageSmall/1181.png?lm=1407655321,out,,James Husband,,,,,,,32,LB,Left-Back,England,https://tmssl.akamaized.net//images/flagge/tiny/189.png?lm=1520611569,Doncaster,,free,,€175k,0.175,Free,0.0,
England,en,2026-08-01 15:48 UTC,"Transfermarkt · England Premier League/Championship/League One/League Two (fees & values are estimates, EUR)",€,Premier League|Championship|League One|League Two,League One,Blackpool FC,,,https://tmssl.akamaized.net//images/wappen/homepageSmall/1181.png?lm=1407655321,out,,Ashley Fletcher,,,,,,,30,CF,Centre-Forward,England,https://tmssl.akamaized.net//images/flagge/tiny/189.png?lm=1520611569,Huddersfield,,free,,€325k,0.325,Free,0.0,
England,en,2026-08-01 15:48 UTC,"Transfermarkt · England Premier League/Championship/League One/League Two (fees & values are estimates, EUR)",€,Premier League|Championship|League One|League Two,League One,Blackpool FC,,,https://tmssl.akamaized.net//images/wappen/homepageSmall/1181.png?lm=1407655321,out,,Dan Sassi,,,,,,,22,CB,Centre-Back,England,https://tmssl.akamaized.net//images/flagge/tiny/189.png?lm=1520611569,Newport County,,free,,?,,Free,0.0,
England,en,2026-08-01 15:48 UTC,"Transfermarkt · England Premier League/Championship/League One/League Two (fees & values are estimates, EUR)",€,Premier League|Championship|League One|League Two,League One,Blackpool FC,,,https://tmssl.akamaized.net//images/wappen/homepageSmall/1181.png?lm=1407655321,out,,Ryan Finnigan,,,,,,,22,CM,Central Midfield,England,https://tmssl.akamaized.net//images/flagge/tiny/189.png?lm=1520611569,Dundee FC,,other,,€150k,0.15,?,,
England,en,2026-08-01 15:48 UTC,"Transfermarkt · England Premier League/Championship/League One/League Two (fees & values are estimates, EUR)",€,Premier League|Championship|League One|League Two,League One,Blackpool FC,,,https://tmssl.akamaized.net//images/wappen/homepageSmall/1181.png?lm=1407655321,out,,Reuell Walters,,,,,,,21,RB,Right-Back,England,https://tmssl.akamaized.net//images/flagge/tiny/189.png?lm=1520611569,Luton,,loan-return,,€2.50m,2.5,End of loan,,
England,en,2026-08-01 15:48 UTC,"Transfermarkt · England Premier League/Championship/League One/League Two (fees & values are estimates, EUR)",€,Premier League|Championship|League One|League Two,League One,Blackpool FC,,,https://tmssl.akamaized.net//images/wappen/homepageSmall/1181.png?lm=1407655321,out,,Karoy Anderson,,,,,,,21,CM,Central Midfield,Jamaica,https://tmssl.akamaized.net//images/flagge/tiny/76.png?lm=1520611569,Charlton,,loan-return,,€375k,0.375,End of loan,,
England,en,2026-08-01 15:48 UTC,"Transfermarkt · England Premier League/Championship/League One/League Two (fees & values are estimates, EUR)",€,Premier League|Championship|League One|League Two,League One,Blackpool FC,,,https://tmssl.akamaized.net//images/wappen/homepageSmall/1181.png?lm=1407655321,out,,Jordan Williams,,,,,,,27,RB,Right-Back,England,https://tmssl.akamaized.net//images/flagge/tiny/189.png?lm=1520611569,Portsmouth,,loan-return,,€800k,0.8,End of loan,,
England,en,2026-08-01 15:48 UTC,"Transfermarkt · England Premier League/Championship/League One/League Two (fees & values are estimates, EUR)",€,Premier League|Championship|League One|League Two,League One,Bradford City,,,https://tmssl.akamaized.net//images/wappen/homepageSmall/1027.png?lm=1455219590,in,,Callum Connolly,,,,,,,28,CB,Centre-Back,England,https://tmssl.akamaized.net//images/flagge/tiny/189.png?lm=1520611569,Stockport,,free,,€550k,0.55,Free,0.0,
England,en,2026-08-01 15:48 UTC,"Transfermarkt · England Premier League/Championship/League One/League Two (fees & values are estimates, EUR)",€,Premier League|Championship|League One|League Two,League One,Bradford City,,,https://tmssl.akamaized.net//images/wappen/homepageSmall/1027.png?lm=1455219590,in,,Jon McCracken,,,,,,,26,GK,Goalkeeper,Scotland,https://tmssl.akamaized.net//images/flagge/tiny/190.png?lm=1520611569,Dundee FC,,free,,€500k,0.5,Free,0.0,
England,en,2026-08-01 15:48 UTC,"Transfermarkt · England Premier League/Championship/League One/League Two (fees & values are estimates, EUR)",€,Premier League|Championship|League One|League Two,League One,Bradford City,,,https://tmssl.akamaized.net//images/wappen/homepageSmall/1027.png?lm=1455219590,in,,Henry Cartwright,,,,,,,21,DM,Defensive Midfield,England,https://tmssl.akamaized.net//images/flagge/tiny/189.png?lm=1520611569,Leicester U21,,other,,€150k,0.15,?,,
England,en,2026-08-01 15:48 UTC,"Transfermarkt · England Premier League/Championship/League One/League Two (fees & values are estimates, EUR)",€,Premier League|Championship|League One|League Two,League One,Bradford City,,,https://tmssl.akamaized.net//images/wappen/homepageSmall/1027.png?lm=1455219590,in,,Macaulay Gillesphey,,,,,,,30,CB,Centre-Back,England,https://tmssl.akamaized.net//images/flagge/tiny/189.png?lm=1520611569,Charlton,,other,,€400k,0.4,?,,
England,en,2026-08-01 15:48 UTC,"Transfermarkt · England Premier League/Championship/League One/League Two (fees & values are estimates, EUR)",€,Premier League|Championship|League One|League Two,League One,Bradford City,,,https://tmssl.akamaized.net//images/wappen/homepageSmall/1027.png?lm=1455219590,in,,Adam Phillips,,,,,,,28,AM,Attacking Midfield,England,https://tmssl.akamaized.net//images/flagge/tiny/189.png?lm=1520611569,Barnsley,,other,,€650k,0.65,?,,
England,en,2026-08-01 15:48 UTC,"Transfermarkt · England Premier League/Championship/League One/League Two (fees & values are estimates, EUR)",€,Premier League|Championship|League One|League Two,League One,Bradford City,,,https://tmssl.akamaized.net//images/wappen/homepageSmall/1027.png?lm=1455219590,in,,Jake Beesley,,,,,,,29,CF,Centre-Forward,England,https://tmssl.akamaized.net//images/flagge/tiny/189.png?lm=1520611569,Burton Albion,,other,,€300k,0.3,?,,
England,en,2026-08-01 15:48 UTC,"Transfermarkt · England Premier League/Championship/League One/League Two (fees & values are estimates, EUR)",€,Premier League|Championship|League One|League Two,League One,Bradford City,,,https://tmssl.akamaized.net//images/wappen/homepageSmall/1027.png?lm=1455219590,in,,Oscar Lunn,,,,,,,17,CB,Centre-Back,England,https://tmssl.akamaized.net//images/flagge/tiny/189.png?lm=1520611569,Bradford U18,,promotion,,?,,Promotion,,
England,en,2026-08-01 15:48 UTC,"Transfermarkt · England Premier League/Championship/League One/League Two (fees & values are estimates, EUR)",€,Premier League|Championship|League One|League Two,League One,Bradford City,,,https://tmssl.akamaized.net//images/wappen/homepageSmall/1027.png?lm=1455219590,in,,Neill Byrne,,,,,,,33,CB,Centre-Back,Ireland,https://tmssl.akamaized.net//images/flagge/tiny/72.png?lm=1520611569,Doncaster,,loan-return,,€50k,0.05,End of loan,,
England,en,2026-08-01 15:48 UTC,"Transfermarkt · England Premier League/Championship/League One/League Two (fees & values are estimates, EUR)",€,Premier League|Championship|League One|League Two,League One,Bradford City,,,https://tmssl.akamaized.net//images/wappen/homepageSmall/1027.png?lm=1455219590,in,,Andy Cook,,,,,,,35,CF,Centre-Forward,England,https://tmssl.akamaized.net//images/flagge/tiny/189.png?lm=1520611569,Grimsby Town,,loan-return,,€50k,0.05,End of loan,,
England,en,2026-08-01 15:48 UTC,"Transfermarkt · England Premier League/Championship/League One/League Two (fees & values are estimates, EUR)",€,Premier League|Championship|League One|League Two,League One,Bradford City,,,https://tmssl.akamaized.net//images/wappen/homepageSmall/1027.png?lm=1455219590,in,,Clarke Oduor,,,,,,,27,CM,Central Midfield,Kenya,https://tmssl.akamaized.net//images/flagge/tiny/82.png?lm=1520611569,Grimsby Town,,loan-return,,€150k,0.15,End of loan,,
England,en,2026-08-01 15:48 UTC,"Transfermarkt · England Premier League/Championship/League One/League Two (fees & values are estimates, EUR)",€,Premier League|Championship|League One|League Two,League One,Bradford City,,,https://tmssl.akamaized.net//images/wappen/homepageSmall/1027.png?lm=1455219590,out,,Ciarán Kelly,,,,,,,27,CB,Centre-Back,Ireland,https://tmssl.akamaized.net//images/flagge/tiny/72.png?lm=1520611569,Bristol Rovers,,free,,€200k,0.2,Free,0.0,
England,en,2026-08-01 15:48 UTC,"Transfermarkt · England Premier League/Championship/League One/League Two (fees & values are estimates, EUR)",€,Premier League|Championship|League One|League Two,League One,Bradford City,,,https://tmssl.akamaized.net//images/wappen/homepageSmall/1027.png?lm=1455219590,out,,Andy Cook,,,,,,,35,CF,Centre-Forward,England,https://tmssl.akamaized.net//images/flagge/tiny/189.png?lm=1520611569,Grimsby Town,,free,,€50k,0.05,Free,0.0,
England,en,2026-08-01 15:48 UTC,"Transfermarkt · England Premier League/Championship/League One/League Two (fees & values are estimates, EUR)",€,Premier League|Championship|League One|League Two,League One,Bradford City,,,https://tmssl.akamaized.net//images/wappen/homepageSmall/1027.png?lm=1455219590,out,,Neill Byrne,,,,,,,33,CB,Centre-Back,Ireland,https://tmssl.akamaized.net//images/flagge/tiny/72.png?lm=1520611569,Doncaster,,free,,€50k,0.05,Free,0.0,
England,en,2026-08-01 15:48 UTC,"Transfermarkt · England Premier League/Championship/League One/League Two (fees & values are estimates, EUR)",€,Premier League|Championship|League One|League Two,League One,Bradford City,,,https://tmssl.akamaized.net//images/wappen/homepageSmall/1027.png?lm=1455219590,out,,Curtis Tilt,,,,,,,34,CB,Centre-Back,Jamaica,https://tmssl.akamaized.net//images/flagge/tiny/76.png?lm=1520611569,Burton Albion,,other,,€50k,0.05,?,,
England,en,2026-08-01 15:48 UTC,"Transfermarkt · England Premier League/Championship/League One/League Two (fees & values are estimates, EUR)",€,Premier League|Championship|League One|League Two,League One,Bradford City,,,https://tmssl.akamaized.net//images/wappen/homepageSmall/1027.png?lm=1455219590,out,,Jenson Metcalfe,,,,,,,21,CM,Central Midfield,England,https://tmssl.akamaized.net//images/flagge/tiny/189.png?lm=1520611569,Millwall,,other,,€300k,0.3,?,,
England,en,2026-08-01 15:48 UTC,"Transfermarkt · England Premier League/Championship/League One/League Two (fees & values are estimates, EUR)",€,Premier League|Championship|League One|League Two,League One,Bradford City,,,https://tmssl.akamaized.net//images/wappen/homepageSmall/1027.png?lm=1455219590,out,,Max Power,,,,,,,32,CM,Central Midfield,England,https://tmssl.akamaized.net//images/flagge/tiny/189.png?lm=1520611569,Wigan,,other,,€200k,0.2,?,,
England,en,2026-08-01 15:48 UTC,"Transfermarkt · England Premier League/Championship/League One/League Two (fees & values are estimates, EUR)",€,Premier League|Championship|League One|League Two,League One,Bradford City,,,https://tmssl.akamaized.net//images/wappen/homepageSmall/1027.png?lm=1455219590,out,,Clarke Oduor,,,,,,,27,CM,Central Midfield,Kenya,https://tmssl.akamaized.net//images/flagge/tiny/82.png?lm=1520611569,Without Club,,other,,€150k,0.15,?,,
England,en,2026-08-01 15:48 UTC,"Transfermarkt · England Premier League/Championship/League One/League Two (fees & values are estimates, EUR)",€,Premier League|Championship|League One|League Two,League One,Bradford City,,,https://tmssl.akamaized.net//images/wappen/homepageSmall/1027.png?lm=1455219590,out,,Joe Hilton,,,,,,,26,GK,Goalkeeper,England,https://tmssl.akamaized.net//images/flagge/tiny/189.png?lm=1520611569,Without Club,,other,,€125k,0.125,?,,
England,en,2026-08-01 15:48 UTC,"Transfermarkt · England Premier League/Championship/League One/League Two (fees & values are estimates, EUR)",€,Premier League|Championship|League One|League Two,League One,Bradford City,,,https://tmssl.akamaized.net//images/wappen/homepageSmall/1027.png?lm=1455219590,out,,Lee Evans,,,,,,,31,CM,Central Midfield,Wales,https://tmssl.akamaized.net//images/flagge/tiny/191.png?lm=1520611569,Without Club,,other,,€275k,0.275,?,,
England,en,2026-08-01 15:48 UTC,"Transfermarkt · England Premier League/Championship/League One/League Two (fees & values are estimates, EUR)",€,Premier League|Championship|League One|League Two,League One,Bradford City,,,https://tmssl.akamaized.net//images/wappen/homepageSmall/1027.png?lm=1455219590,out,,George Goodman,,,,,,,19,CB,Centre-Back,Northern Ireland,https://tmssl.akamaized.net//images/flagge/tiny/192.png?lm=1520611569,Without Club,,other,,?,,?,,
England,en,2026-08-01 15:48 UTC,"Transfermarkt · England Premier League/Championship/League One/League Two (fees & values are estimates, EUR)",€,Premier League|Championship|League One|League Two,League One,Bradford City,,,https://tmssl.akamaized.net//images/wappen/homepageSmall/1027.png?lm=1455219590,out,,Ethan Wheatley,,,,,,,20,CF,Centre-Forward,England,https://tmssl.akamaized.net//images/flagge/tiny/189.png?lm=1520611569,Man Utd U21,,loan-return,,€250k,0.25,End of loan,,
England,en,2026-08-01 15:48 UTC,"Transfermarkt · England Premier League/Championship/League One/League Two (fees & values are estimates, EUR)",€,Premier League|Championship|League One|League Two,League One,Bradford City,,,https://tmssl.akamaized.net//images/wappen/homepageSmall/1027.png?lm=1455219590,out,,Paul Mullin,,,,,,,31,CF,Centre-Forward,England,https://tmssl.akamaized.net//images/flagge/tiny/189.png?lm=1520611569,Wrexham,,loan-return,,€350k,0.35,End of loan,,
England,en,2026-08-01 15:48 UTC,"Transfermarkt · England Premier League/Championship/League One/League Two (fees & values are estimates, EUR)",€,Premier League|Championship|League One|League Two,League One,Bradford City,,,https://tmssl.akamaized.net//images/wappen/homepageSmall/1027.png?lm=1455219590,out,,Joe White,,,,,,,23,AM,Attacking Midfield,England,https://tmssl.akamaized.net//images/flagge/tiny/189.png?lm=1520611569,Newcastle,,loan-return,,€200k,0.2,End of loan,,
England,en,2026-08-01 15:48 UTC,"Transfermarkt · England Premier League/Championship/League One/League Two (fees & values are estimates, EUR)",€,Premier League|Championship|League One|League Two,League One,Bradford City,,,https://tmssl.akamaized.net//images/wappen/homepageSmall/1027.png?lm=1455219590,out,,Louie Sibley,,,,,,,24,CM,Central Midfield,England,https://tmssl.akamaized.net//images/flagge/tiny/189.png?lm=1520611569,Oxford United,,loan-return,,€1.20m,1.2,End of loan,,
England,en,2026-08-01 15:48 UTC,"Transfermarkt · England Premier League/Championship/League One/League Two (fees & values are estimates, EUR)",€,Premier League|Championship|League One|League Two,League One,Bromley FC,,,https://tmssl.akamaized.net//images/wappen/homepageSmall/8981.png?lm=1560787189,in,,Victor Adeboyejo,,,,,,,28,CF,Centre-Forward,Nigeria,https://tmssl.akamaized.net//images/flagge/tiny/124.png?lm=1520611569,Mansfield Town,,free,,€400k,0.4,Free,0.0,
England,en,2026-08-01 15:48 UTC,"Transfermarkt · England Premier League/Championship/League One/League Two (fees & values are estimates, EUR)",€,Premier League|Championship|League One|League Two,League One,Bromley FC,,,https://tmssl.akamaized.net//images/wappen/homepageSmall/8981.png?lm=1560787189,in,,Hayden Bullas,,,,,,,20,CM,Central Midfield,England,https://tmssl.akamaized.net//images/flagge/tiny/189.png?lm=1520611569,Leyton Orient,,free,,?,,Free,0.0,
England,en,2026-08-01 15:48 UTC,"Transfermarkt · England Premier League/Championship/League One/League Two (fees & values are estimates, EUR)",€,Premier League|Championship|League One|League Two,League One,Bromley FC,,,https://tmssl.akamaized.net//images/wappen/homepageSmall/8981.png?lm=1560787189,in,,Jacob Mendy,,,,,,,29,LB,Left-Back,The Gambia,https://tmssl.akamaized.net//images/flagge/tiny/52.png?lm=1520611569,Peterborough,,free,,€125k,0.125,Free,0.0,
England,en,2026-08-01 15:48 UTC,"Transfermarkt · England Premier League/Championship/League One/League Two (fees & values are estimates, EUR)",€,Premier League|Championship|League One|League Two,League One,Bromley FC,,,https://tmssl.akamaized.net//images/wappen/homepageSmall/8981.png?lm=1560787189,in,,Shamal George,,,,,,,28,GK,Goalkeeper,England,https://tmssl.akamaized.net//images/flagge/tiny/189.png?lm=1520611569,Wycombe,,free,,€300k,0.3,Free,0.0,
England,en,2026-08-01 15:48 UTC,"Transfermarkt · England Premier League/Championship/League One/League Two (fees & values are estimates, EUR)",€,Premier League|Championship|League One|League Two,League One,Bromley FC,,,https://tmssl.akamaized.net//images/wappen/homepageSmall/8981.png?lm=1560787189,in,,Kamil Conteh,,,,,,,23,CM,Central Midfield,Sierra Leone,https://tmssl.akamaized.net//images/flagge/tiny/152.png?lm=1520611569,Bristol Rovers,,other,,€400k,0.4,?,,
England,en,2026-08-01 15:48 UTC,"Transfermarkt · England Premier League/Championship/League One/League Two (fees & values are estimates, EUR)",€,Premier League|Championship|League One|League Two,League One,Bromley FC,,,https://tmssl.akamaized.net//images/wappen/homepageSmall/8981.png?lm=1560787189,in,,Chanse Headman,,,,,,,21,CB,Centre-Back,England,https://tmssl.akamaized.net//images/flagge/tiny/189.png?lm=1520611569,Harrogate Town,,other,,€75k,0.075,?,,
England,en,2026-08-01 15:48 UTC,"Transfermarkt · England Premier League/Championship/League One/League Two (fees & values are estimates, EUR)",€,Premier League|Championship|League One|League Two,League One,Bromley FC,,,https://tmssl.akamaized.net//images/wappen/homepageSmall/8981.png?lm=1560787189,in,,Deon Woodman,,,,,,,23,CB,Centre-Back,Kenya,https://tmssl.akamaized.net//images/flagge/tiny/82.png?lm=1520611569,Wealdstone,,other,,?,,?,,
England,en,2026-08-01 15:48 UTC,"Transfermarkt · England Premier League/Championship/League One/League Two (fees & values are estimates, EUR)",€,Premier League|Championship|League One|League Two,League One,Bromley FC,,,https://tmssl.akamaized.net//images/wappen/homepageSmall/8981.png?lm=1560787189,in,,JJ McKiernan,,,,,,,24,CM,Central Midfield,Northern Ireland,https://tmssl.akamaized.net//images/flagge/tiny/192.png?lm=1520611569,Lincoln City,,other,,€275k,0.275,?,,
England,en,2026-08-01 15:48 UTC,"Transfermarkt · England Premier League/Championship/League One/League Two (fees & values are estimates, EUR)",€,Premier League|Championship|League One|League Two,League One,Bromley FC,,,https://tmssl.akamaized.net//images/wappen/homepageSmall/8981.png?lm=1560787189,in,,Richard Taylor,,,,,,,25,CB,Centre-Back,England,https://tmssl.akamaized.net//images/flagge/tiny/189.png?lm=1520611569,Bolton,,loan,,€325k,0.325,Loan,,
England,en,2026-08-01 15:48 UTC,"Transfermarkt · England Premier League/Championship/League One/League Two (fees & values are estimates, EUR)",€,Premier League|Championship|League One|League Two,League One,Bromley FC,,,https://tmssl.akamaized.net//images/wappen/homepageSmall/8981.png?lm=1560787189,in,,Ethon Archer,,,,,,,23,LW,Left Winger,England,https://tmssl.akamaized.net//images/flagge/tiny/189.png?lm=1520611569,Luton,,loan,,€200k,0.2,Loan,,
England,en,2026-08-01 15:48 UTC,"Transfermarkt · England Premier League/Championship/League One/League Two (fees & values are estimates, EUR)",€,Premier League|Championship|League One|League Two,League One,Bromley FC,,,https://tmssl.akamaized.net//images/wappen/homepageSmall/8981.png?lm=1560787189,in,,Kamarl Grant,,,,,,,23,CB,Centre-Back,England,https://tmssl.akamaized.net//images/flagge/tiny/189.png?lm=1520611569,Millwall,,loan,,€125k,0.125,Loan,,
England,en,2026-08-01 15:48 UTC,"Transfermarkt · England Premier League/Championship/League One/League Two (fees & values are estimates, EUR)",€,Premier League|Championship|League One|League Two,League One,Bromley FC,,,https://tmssl.akamaized.net//images/wappen/homepageSmall/8981.png?lm=1560787189,in,,George Evans,,,,,,,19,CF,Centre-Forward,England,https://tmssl.akamaized.net//images/flagge/tiny/189.png?lm=1520611569,Bromley U18,,promotion,,?,,Promotion,,
England,en,2026-08-01 15:48 UTC,"Transfermarkt · England Premier League/Championship/League One/League Two (fees & values are estimates, EUR)",€,Premier League|Championship|League One|League Two,League One,Bromley FC,,,https://tmssl.akamaized.net//images/wappen/homepageSmall/8981.png?lm=1560787189,out,,Jude Arthurs,,,,,,,24,CM,Central Midfield,England,https://tmssl.akamaized.net//images/flagge/tiny/189.png?lm=1520611569,Crawley Town,,free,,€225k,0.225,Free,0.0,
England,en,2026-08-01 15:48 UTC,"Transfermarkt · England Premier League/Championship/League One/League Two (fees & values are estimates, EUR)",€,Premier League|Championship|League One|League Two,League One,Bromley FC,,,https://tmssl.akamaized.net//images/wappen/homepageSmall/8981.png?lm=1560787189,out,,Sam German,,,,,,,21,CB,Centre-Back,England,https://tmssl.akamaized.net//images/flagge/tiny/189.png?lm=1520611569,Walton & Hersh.,,free,,?,,Free,0.0,
England,en,2026-08-01 15:48 UTC,"Transfermarkt · England Premier League/Championship/League One/League Two (fees & values are estimates, EUR)",€,Premier League|Championship|League One|League Two,League One,Bromley FC,,,https://tmssl.akamaized.net//images/wappen/homepageSmall/8981.png?lm=1560787189,out,,Kyle Cameron,,,,,,,29,CB,Centre-Back,Scotland,https://tmssl.akamaized.net//images/flagge/tiny/190.png?lm=1520611569,Newport County,,free,,€300k,0.3,Free,0.0,
England,en,2026-08-01 15:48 UTC,"Transfermarkt · England Premier League/Championship/League One/League Two (fees & values are estimates, EUR)",€,Premier League|Championship|League One|League Two,League One,Bromley FC,,,https://tmssl.akamaized.net//images/wappen/homepageSmall/8981.png?lm=1560787189,out,,Idris Odutayo,,,,,,,23,LB,Left-Back,England,https://tmssl.akamaized.net//images/flagge/tiny/189.png?lm=1520611569,Dundee FC,,free,,€400k,0.4,Free,0.0,
England,en,2026-08-01 15:48 UTC,"Transfermarkt · England Premier League/Championship/League One/League Two (fees & values are estimates, EUR)",€,Premier League|Championship|League One|League Two,League One,Bromley FC,,,https://tmssl.akamaized.net//images/wappen/homepageSmall/8981.png?lm=1560787189,out,,Brooklyn Ilunga,,,,,,,22,LM,Left Midfield,England,https://tmssl.akamaized.net//images/flagge/tiny/189.png?lm=1520611569,Hartlepool,,free,,€150k,0.15,Free,0.0,
England,en,2026-08-01 15:48 UTC,"Transfermarkt · England Premier League/Championship/League One/League Two (fees & values are estimates, EUR)",€,Premier League|Championship|League One|League Two,League One,Bromley FC,,,https://tmssl.akamaized.net//images/wappen/homepageSmall/8981.png?lm=1560787189,out,,Harry Lee,,,,,,,20,RB,Right-Back,England,https://tmssl.akamaized.net//images/flagge/tiny/189.png?lm=1520611569,Gosport Borough,,free,,?,,Free,0.0,
England,en,2026-08-01 15:48 UTC,"Transfermarkt · England Premier League/Championship/League One/League Two (fees & values are estimates, EUR)",€,Premier League|Championship|League One|League Two,League One,Bromley FC,,,https://tmssl.akamaized.net//images/wappen/homepageSmall/8981.png?lm=1560787189,out,,Sam Long,,,,,,,23,GK,Goalkeeper,Scotland,https://tmssl.akamaized.net//images/flagge/tiny/190.png?lm=1520611569,Salford,,free,,€75k,0.075,Free,0.0,
England,en,2026-08-01 15:48 UTC,"Transfermarkt · England Premier League/Championship/League One/League Two (fees & values are estimates, EUR)",€,Premier League|Championship|League One|League Two,League One,Bromley FC,,,https://tmssl.akamaized.net//images/wappen/homepageSmall/8981.png?lm=1560787189,out,,Marcus Dinanga,,,,,,,29,CF,Centre-Forward,England,https://tmssl.akamaized.net//images/flagge/tiny/189.png?lm=1520611569,Aldershot,,free,,€100k,0.1,Free,0.0,
England,en,2026-08-01 15:48 UTC,"Transfermarkt · England Premier League/Championship/League One/League Two (fees & values are estimates, EUR)",€,Premier League|Championship|League One|League Two,League One,Bromley FC,,,https://tmssl.akamaized.net//images/wappen/homepageSmall/8981.png?lm=1560787189,out,,Carl Jenkinson,,,,,,,34,RB,Right-Back,England,https://tmssl.akamaized.net//images/flagge/tiny/189.png?lm=1520611569,Without Club,,other,,€50k,0.05,?,,
England,en,2026-08-01 15:48 UTC,"Transfermarkt · England Premier League/Championship/League One/League Two (fees & values are estimates, EUR)",€,Premier League|Championship|League One|League Two,League One,Bromley FC,,,https://tmssl.akamaized.net//images/wappen/homepageSmall/8981.png?lm=1560787189,out,,Byron Webster,,,,,,,39,CB,Centre-Back,England,https://tmssl.akamaized.net//images/flagge/tiny/189.png?lm=1520611569,Retired,,other,,€25k,0.025,?,,
England,en,2026-08-01 15:48 UTC,"Transfermarkt · England Premier League/Championship/League One/League Two (fees & values are estimates, EUR)",€,Premier League|Championship|League One|League Two,League One,Bromley FC,,,https://tmssl.akamaized.net//images/wappen/homepageSmall/8981.png?lm=1560787189,out,,Richard Taylor,,,,,,,26,CB,Centre-Back,England,https://tmssl.akamaized.net//images/flagge/tiny/189.png?lm=1520611569,Bolton,,loan-return,,€325k,0.325,End of loan,,
England,en,2026-08-01 15:48 UTC,"Transfermarkt · England Premier League/Championship/League One/League Two (fees & values are estimates, EUR)",€,Premier League|Championship|League One|League Two,League One,Bromley FC,,,https://tmssl.akamaized.net//images/wappen/homepageSmall/8981.png?lm=1560787189,out,,Kamarl Grant,,,,,,,24,CB,Centre-Back,England,https://tmssl.akamaized.net//images/flagge/tiny/189.png?lm=1520611569,Millwall,,loan-return,,€125k,0.125,End of loan,,
England,en,2026-08-01 15:48 UTC,"Transfermarkt · England Premier League/Championship/League One/League Two (fees & values are estimates, EUR)",€,Premier League|Championship|League One|League Two,League One,Burton Albion,,,https://tmssl.akamaized.net//images/wappen/homepageSmall/2963.png?lm=1756884009,in,,Curtis Tilt,,,,,,,34,CB,Centre-Back,Jamaica,https://tmssl.akamaized.net//images/flagge/tiny/76.png?lm=1520611569,Bradford,,other,,€50k,0.05,?,,
England,en,2026-08-01 15:48 UTC,"Transfermarkt · England Premier League/Championship/League One/League Two (fees & values are estimates, EUR)",€,Premier League|Championship|League One|League Two,League One,Burton Albion,,,https://tmssl.akamaized.net//images/wappen/homepageSmall/2963.png?lm=1756884009,in,,Gbemi Arubi,,,,,,,22,CF,Centre-Forward,Ireland,https://tmssl.akamaized.net//images/flagge/tiny/72.png?lm=1520611569,Dundalk FC,,other,,€200k,0.2,?,,
England,en,2026-08-01 15:48 UTC,"Transfermarkt · England Premier League/Championship/League One/League Two (fees & values are estimates, EUR)",€,Premier League|Championship|League One|League Two,League One,Burton Albion,,,https://tmssl.akamaized.net//images/wappen/homepageSmall/2963.png?lm=1756884009,in,,Matthew Dennis,,,,,,,24,CF,Centre-Forward,England,https://tmssl.akamaized.net//images/flagge/tiny/189.png?lm=1520611569,Notts County,,other,,€275k,0.275,?,,
England,en,2026-08-01 15:48 UTC,"Transfermarkt · England Premier League/Championship/League One/League Two (fees & values are estimates, EUR)",€,Premier League|Championship|League One|League Two,League One,Burton Albion,,,https://tmssl.akamaized.net//images/wappen/homepageSmall/2963.png?lm=1756884009,in,,Corey Addai,,,,,,,28,GK,Goalkeeper,Jamaica,https://tmssl.akamaized.net//images/flagge/tiny/76.png?lm=1520611569,Stockport,,loan,,€400k,0.4,Loan,,
England,en,2026-08-01 15:48 UTC,"Transfermarkt · England Premier League/Championship/League One/League Two (fees & values are estimates, EUR)",€,Premier League|Championship|League One|League Two,League One,Burton Albion,,,https://tmssl.akamaized.net//images/wappen/homepageSmall/2963.png?lm=1756884009,in,,Alex Bannon,,,,,,,22,CB,Centre-Back,Scotland,https://tmssl.akamaized.net//images/flagge/tiny/190.png?lm=1520611569,Derry City,,loan-return,,€150k,0.15,End of loan,,
England,en,2026-08-01 15:48 UTC,"Transfermarkt · England Premier League/Championship/League One/League Two (fees & values are estimates, EUR)",€,Premier League|Championship|League One|League Two,League One,Burton Albion,,,https://tmssl.akamaized.net//images/wappen/homepageSmall/2963.png?lm=1756884009,in,,Tomas Kalinauskas,,,,,,,26,LW,Left Winger,Lithuania,https://tmssl.akamaized.net//images/flagge/tiny/98.png?lm=1520611569,Roda JC,,loan-return,,€450k,0.45,End of loan,,
England,en,2026-08-01 15:48 UTC,"Transfermarkt · England Premier League/Championship/League One/League Two (fees & values are estimates, EUR)",€,Premier League|Championship|League One|League Two,League One,Burton Albion,,,https://tmssl.akamaized.net//images/wappen/homepageSmall/2963.png?lm=1756884009,in,,Jack Cooper-Love,,,,,,,24,CF,Centre-Forward,Sweden,https://tmssl.akamaized.net//images/flagge/tiny/147.png?lm=1520611569,Roda JC,,loan-return,,€350k,0.35,End of loan,,
England,en,2026-08-01 15:48 UTC,"Transfermarkt · England Premier League/Championship/League One/League Two (fees & values are estimates, EUR)",€,Premier League|Championship|League One|League Two,League One,Burton Albion,,,https://tmssl.akamaized.net//images/wappen/homepageSmall/2963.png?lm=1756884009,out,,Jack Newall,,,,,,,19,CF,Centre-Forward,England,https://tmssl.akamaized.net//images/flagge/tiny/189.png?lm=1520611569,Stoke U21,,free,,?,,Free,0.0,
England,en,2026-08-01 15:48 UTC,"Transfermarkt · England Premier League/Championship/League One/League Two (fees & values are estimates, EUR)",€,Premier League|Championship|League One|League Two,League One,Burton Albion,,,https://tmssl.akamaized.net//images/wappen/homepageSmall/2963.png?lm=1756884009,out,,Geraldo Bajrami,,,,,,,26,DM,Defensive Midfield,Albania,https://tmssl.akamaized.net//images/flagge/tiny/3.png?lm=1520611569,KF Teuta,,free,,€125k,0.125,Free,0.0,
England,en,2026-08-01 15:48 UTC,"Transfermarkt · England Premier League/Championship/League One/League Two (fees & values are estimates, EUR)",€,Premier League|Championship|League One|League Two,League One,Burton Albion,,,https://tmssl.akamaized.net//images/wappen/homepageSmall/2963.png?lm=1756884009,out,,Nick Akoto,,,,,,,27,RB,Right-Back,France,https://tmssl.akamaized.net//images/flagge/tiny/50.png?lm=1520611569,Eastleigh,,free,,€100k,0.1,Free,0.0,
England,en,2026-08-01 15:48 UTC,"Transfermarkt · England Premier League/Championship/League One/League Two (fees & values are estimates, EUR)",€,Premier League|Championship|League One|League Two,League One,Burton Albion,,,https://tmssl.akamaized.net//images/wappen/homepageSmall/2963.png?lm=1756884009,out,,Jack Cooper-Love,,,,,,,24,CF,Centre-Forward,Sweden,https://tmssl.akamaized.net//images/flagge/tiny/147.png?lm=1520611569,FC Emmen,,free,,€350k,0.35,Free,0.0,
England,en,2026-08-01 15:48 UTC,"Transfermarkt · England Premier League/Championship/League One/League Two (fees & values are estimates, EUR)",€,Premier League|Championship|League One|League Two,League One,Burton Albion,,,https://tmssl.akamaized.net//images/wappen/homepageSmall/2963.png?lm=1756884009,out,,Alex Hartridge,,,,,,,27,CB,Centre-Back,England,https://tmssl.akamaized.net//images/flagge/tiny/189.png?lm=1520611569,Plymouth,,free,,€450k,0.45,Free,0.0,
England,en,2026-08-01 15:48 UTC,"Transfermarkt · England Premier League/Championship/League One/League Two (fees & values are estimates, EUR)",€,Premier League|Championship|League One|League Two,League One,Burton Albion,,,https://tmssl.akamaized.net//images/wappen/homepageSmall/2963.png?lm=1756884009,out,,Jasper Moon,,,,,,,25,CB,Centre-Back,England,https://tmssl.akamaized.net//images/flagge/tiny/189.png?lm=1520611569,Port Vale,,free,,€250k,0.25,Free,0.0,
England,en,2026-08-01 15:48 UTC,"Transfermarkt · England Premier League/Championship/League One/League Two (fees & values are estimates, EUR)",€,Premier League|Championship|League One|League Two,League One,Burton Albion,,,https://tmssl.akamaized.net//images/wappen/homepageSmall/2963.png?lm=1756884009,out,,Fábio Tavares,,,,,,,25,CF,Centre-Forward,Portugal,https://tmssl.akamaized.net//images/flagge/tiny/136.png?lm=1520611569,Rotherham,,free,,€225k,0.225,Free,0.0,
England,en,2026-08-01 15:48 UTC,"Transfermarkt · England Premier League/Championship/League One/League Two (fees & values are estimates, EUR)",€,Premier League|Championship|League One|League Two,League One,Burton Albion,,,https://tmssl.akamaized.net//images/wappen/homepageSmall/2963.png?lm=1756884009,out,,Alex Bannon,,,,,,,22,CB,Centre-Back,Scotland,https://tmssl.akamaized.net//images/flagge/tiny/190.png?lm=1520611569,Cliftonville,,free,,€150k,0.15,Free,0.0,
England,en,2026-08-01 15:48 UTC,"Transfermarkt · England Premier League/Championship/League One/League Two (fees & values are estimates, EUR)",€,Premier League|Championship|League One|League Two,League One,Burton Albion,,,https://tmssl.akamaized.net//images/wappen/homepageSmall/2963.png?lm=1756884009,out,,Jordan Amissah,,,,,,,24,GK,Goalkeeper,Ghana,https://tmssl.akamaized.net//images/flagge/tiny/54.png?lm=1520611569,Dundee United,,free,,€150k,0.15,Free,0.0,
England,en,2026-08-01 15:48 UTC,"Transfermarkt · England Premier League/Championship/League One/League Two (fees & values are estimates, EUR)",€,Premier League|Championship|League One|League Two,League One,Burton Albion,,,https://tmssl.akamaized.net//images/wappen/homepageSmall/2963.png?lm=1756884009,out,,Terence Vancooten,,,,,,,28,CB,Centre-Back,Guyana,https://tmssl.akamaized.net//images/flagge/tiny/61.png?lm=1520611569,Stevenage,,other,,€325k,0.325,?,,
England,en,2026-08-01 15:48 UTC,"Transfermarkt · England Premier League/Championship/League One/League Two (fees & values are estimates, EUR)",€,Premier League|Championship|League One|League Two,League One,Burton Albion,,,https://tmssl.akamaized.net//images/wappen/homepageSmall/2963.png?lm=1756884009,out,,Dylan Williams,,,,,,,22,LB,Left-Back,England,https://tmssl.akamaized.net//images/flagge/tiny/189.png?lm=1520611569,Motherwell FC,,other,,€350k,0.35,?,,
England,en,2026-08-01 15:48 UTC,"Transfermarkt · England Premier League/Championship/League One/League Two (fees & values are estimates, EUR)",€,Premier League|Championship|League One|League Two,League One,Burton Albion,,,https://tmssl.akamaized.net//images/wappen/homepageSmall/2963.png?lm=1756884009,out,,Udoka Godwin-Malife,,,,,,,26,CB,Centre-Back,England,https://tmssl.akamaized.net//images/flagge/tiny/189.png?lm=1520611569,Reading,,other,,€550k,0.55,?,,
England,en,2026-08-01 15:48 UTC,"Transfermarkt · England Premier League/Championship/League One/League Two (fees & values are estimates, EUR)",€,Premier League|Championship|League One|League Two,League One,Burton Albion,,,https://tmssl.akamaized.net//images/wappen/homepageSmall/2963.png?lm=1756884009,out,,Julian Larsson,,,,,,,25,CF,Centre-Forward,Sweden,https://tmssl.akamaized.net//images/flagge/tiny/147.png?lm=1520611569,Helsingborgs IF,,other,,€100k,0.1,?,,
England,en,2026-08-01 15:48 UTC,"Transfermarkt · England Premier League/Championship/League One/League Two (fees & values are estimates, EUR)",€,Premier League|Championship|League One|League Two,League One,Burton Albion,,,https://tmssl.akamaized.net//images/wappen/homepageSmall/2963.png?lm=1756884009,out,,Jake Beesley,,,,,,,29,CF,Centre-Forward,England,https://tmssl.akamaized.net//images/flagge/tiny/189.png?lm=1520611569,Bradford,,other,,€300k,0.3,?,,
England,en,2026-08-01 15:48 UTC,"Transfermarkt · England Premier League/Championship/League One/League Two (fees & values are estimates, EUR)",€,Premier League|Championship|League One|League Two,League One,Burton Albion,,,https://tmssl.akamaized.net//images/wappen/homepageSmall/2963.png?lm=1756884009,out,,James Jones,,,,,,,30,CM,Central Midfield,Scotland,https://tmssl.akamaized.net//images/flagge/tiny/190.png?lm=1520611569,Without Club,,other,,€100k,0.1,?,,
England,en,2026-08-01 15:48 UTC,"Transfermarkt · England Premier League/Championship/League One/League Two (fees & values are estimates, EUR)",€,Premier League|Championship|League One|League Two,League One,Burton Albion,,,https://tmssl.akamaized.net//images/wappen/homepageSmall/2963.png?lm=1756884009,out,,Josh Taroni,,,,,,,19,LB,Left-Back,Wales,https://tmssl.akamaized.net//images/flagge/tiny/191.png?lm=1520611569,Without Club,,other,,?,,?,,
England,en,2026-08-01 15:48 UTC,"Transfermarkt · England Premier League/Championship/League One/League Two (fees & values are estimates, EUR)",€,Premier League|Championship|League One|League Two,League One,Burton Albion,,,https://tmssl.akamaized.net//images/wappen/homepageSmall/2963.png?lm=1756884009,out,,Corey Addai,,,,,,,29,GK,Goalkeeper,Jamaica,https://tmssl.akamaized.net//images/flagge/tiny/76.png?lm=1520611569,Stockport,,loan-return,,€400k,0.4,End of loan,,
England,en,2026-08-01 15:48 UTC,"Transfermarkt · England Premier League/Championship/League One/League Two (fees & values are estimates, EUR)",€,Premier League|Championship|League One|League Two,League One,Burton Albion,,,https://tmssl.akamaized.net//images/wappen/homepageSmall/2963.png?lm=1756884009,out,,Andy Cannon,,,,,,,30,CM,Central Midfield,England,https://tmssl.akamaized.net//images/flagge/tiny/189.png?lm=1520611569,Wrexham,,loan-return,,€200k,0.2,End of loan,,
England,en,2026-08-01 15:48 UTC,"Transfermarkt · England Premier League/Championship/League One/League Two (fees & values are estimates, EUR)",€,Premier League|Championship|League One|League Two,League One,Burton Albion,,,https://tmssl.akamaized.net//images/wappen/homepageSmall/2963.png?lm=1756884009,out,,Sebastian Revan,,,,,,,22,LB,Left-Back,England,https://tmssl.akamaized.net//images/flagge/tiny/189.png?lm=1520611569,Wrexham,,loan-return,,€500k,0.5,End of loan,,
England,en,2026-08-01 15:48 UTC,"Transfermarkt · England Premier League/Championship/League One/League Two (fees & values are estimates, EUR)",€,Premier League|Championship|League One|League Two,League One,Cambridge United,,,https://tmssl.akamaized.net//images/wappen/homepageSmall/986.png?lm=1751997707,in,,Callum Stead,,,,,,,26,CF,Centre-Forward,England,https://tmssl.akamaized.net//images/flagge/tiny/189.png?lm=1520611569,Barnet,,free,,€200k,0.2,Free,0.0,
England,en,2026-08-01 15:48 UTC,"Transfermarkt · England Premier League/Championship/League One/League Two (fees & values are estimates, EUR)",€,Premier League|Championship|League One|League Two,League One,Cambridge United,,,https://tmssl.akamaized.net//images/wappen/homepageSmall/986.png?lm=1751997707,in,,Patrick Bauer,,,,,,,33,CB,Centre-Back,Germany,https://tmssl.akamaized.net//images/flagge/tiny/40.png?lm=1520612525,AFC Wimbledon,,free,,€150k,0.15,Free,0.0,
England,en,2026-08-01 15:48 UTC,"Transfermarkt · England Premier League/Championship/League One/League Two (fees & values are estimates, EUR)",€,Premier League|Championship|League One|League Two,League One,Cambridge United,,,https://tmssl.akamaized.net//images/wappen/homepageSmall/986.png?lm=1751997707,in,,Isaac Heath,,,,,,,21,LW,Left Winger,England,https://tmssl.akamaized.net//images/flagge/tiny/189.png?lm=1520611569,Everton U21,,other,,€250k,0.25,?,,
England,en,2026-08-01 15:48 UTC,"Transfermarkt · England Premier League/Championship/League One/League Two (fees & values are estimates, EUR)",€,Premier League|Championship|League One|League Two,League One,Cambridge United,,,https://tmssl.akamaized.net//images/wappen/homepageSmall/986.png?lm=1751997707,in,,Gassan Ahadme,,,,,,,25,CF,Centre-Forward,Morocco,https://tmssl.akamaized.net//images/flagge/tiny/107.png?lm=1520611569,Charlton,,loan,,€600k,0.6,Loan,,
England,en,2026-08-01 15:48 UTC,"Transfermarkt · England Premier League/Championship/League One/League Two (fees & values are estimates, EUR)",€,Premier League|Championship|League One|League Two,League One,Cambridge United,,,https://tmssl.akamaized.net//images/wappen/homepageSmall/986.png?lm=1751997707,in,,Callum Perry,,,,,,,20,CB,Centre-Back,England,https://tmssl.akamaized.net//images/flagge/tiny/189.png?lm=1520611569,Coventry U21,,loan,,?,,Loan,,
England,en,2026-08-01 15:48 UTC,"Transfermarkt · England Premier League/Championship/League One/League Two (fees & values are estimates, EUR)",€,Premier League|Championship|League One|League Two,League One,Cambridge United,,,https://tmssl.akamaized.net//images/wappen/homepageSmall/986.png?lm=1751997707,in,,Zeno Ibsen Rossi,,,,,,,25,CB,Centre-Back,England,https://tmssl.akamaized.net//images/flagge/tiny/189.png?lm=1520611569,Shelbourne,,loan-return,,€150k,0.15,End of loan,,
England,en,2026-08-01 15:48 UTC,"Transfermarkt · England Premier League/Championship/League One/League Two (fees & values are estimates, EUR)",€,Premier League|Championship|League One|League Two,League One,Cambridge United,,,https://tmssl.akamaized.net//images/wappen/homepageSmall/986.png?lm=1751997707,out,,James Brophy,,,,,,,31,LM,Left Midfield,England,https://tmssl.akamaized.net//images/flagge/tiny/189.png?lm=1520611569,Gillingham,,free,,€250k,0.25,Free,0.0,
England,en,2026-08-01 15:48 UTC,"Transfermarkt · England Premier League/Championship/League One/League Two (fees & values are estimates, EUR)",€,Premier League|Championship|League One|League Two,League One,Cambridge United,,,https://tmssl.akamaized.net//images/wappen/homepageSmall/986.png?lm=1751997707,out,,James Gibbons,,,,,,,28,RB,Right-Back,England,https://tmssl.akamaized.net//images/flagge/tiny/189.png?lm=1520611569,Notts County,,free,,€300k,0.3,Free,0.0,
England,en,2026-08-01 15:48 UTC,"Transfermarkt · England Premier League/Championship/League One/League Two (fees & values are estimates, EUR)",€,Premier League|Championship|League One|League Two,League One,Cambridge United,,,https://tmssl.akamaized.net//images/wappen/homepageSmall/986.png?lm=1751997707,out,,Ben Purrington,,,,,,,30,LB,Left-Back,England,https://tmssl.akamaized.net//images/flagge/tiny/189.png?lm=1520611569,Bristol Rovers,,free,,€200k,0.2,Free,0.0,
England,en,2026-08-01 15:48 UTC,"Transfermarkt · England Premier League/Championship/League One/League Two (fees & values are estimates, EUR)",€,Premier League|Championship|League One|League Two,League One,Cambridge United,,,https://tmssl.akamaized.net//images/wappen/homepageSmall/986.png?lm=1751997707,out,,Zeno Ibsen Rossi,,,,,,,25,CB,Centre-Back,England,https://tmssl.akamaized.net//images/flagge/tiny/189.png?lm=1520611569,Glentoran,,free,,€150k,0.15,Free,0.0,
England,en,2026-08-01 15:48 UTC,"Transfermarkt · England Premier League/Championship/League One/League Two (fees & values are estimates, EUR)",€,Premier League|Championship|League One|League Two,League One,Cambridge United,,,https://tmssl.akamaized.net//images/wappen/homepageSmall/986.png?lm=1751997707,out,,George Munday,,,,,,,19,CF,Centre-Forward,England,https://tmssl.akamaized.net//images/flagge/tiny/189.png?lm=1520611569,Brighton U21,,other,,?,,?,,
England,en,2026-08-01 15:48 UTC,"Transfermarkt · England Premier League/Championship/League One/League Two (fees & values are estimates, EUR)",€,Premier League|Championship|League One|League Two,League One,Cambridge United,,,https://tmssl.akamaized.net//images/wappen/homepageSmall/986.png?lm=1751997707,out,,Michael Morrison,,,,,,,38,CB,Centre-Back,England,https://tmssl.akamaized.net//images/flagge/tiny/189.png?lm=1520611569,Retired,,other,,€25k,0.025,?,,
England,en,2026-08-01 15:48 UTC,"Transfermarkt · England Premier League/Championship/League One/League Two (fees & values are estimates, EUR)",€,Premier League|Championship|League One|League Two,League One,Cambridge United,,,https://tmssl.akamaized.net//images/wappen/homepageSmall/986.png?lm=1751997707,out,,Korey Smith,,,,,,,35,CM,Central Midfield,England,https://tmssl.akamaized.net//images/flagge/tiny/189.png?lm=1520611569,Without Club,,other,,€100k,0.1,?,,
England,en,2026-08-01 15:48 UTC,"Transfermarkt · England Premier League/Championship/League One/League Two (fees & values are estimates, EUR)",€,Premier League|Championship|League One|League Two,League One,Cambridge United,,,https://tmssl.akamaized.net//images/wappen/homepageSmall/986.png?lm=1751997707,out,,Elias Kachunga,,,,,,,34,CF,Centre-Forward,DR Congo,https://tmssl.akamaized.net//images/flagge/tiny/193.png?lm=1520611569,Without Club,,other,,€50k,0.05,?,,
England,en,2026-08-01 15:48 UTC,"Transfermarkt · England Premier League/Championship/League One/League Two (fees & values are estimates, EUR)",€,Premier League|Championship|League One|League Two,League One,Cambridge United,,,https://tmssl.akamaized.net//images/wappen/homepageSmall/986.png?lm=1751997707,out,,Gassan Ahadme,,,,,,,26,CF,Centre-Forward,Morocco,https://tmssl.akamaized.net//images/flagge/tiny/107.png?lm=1520611569,Charlton,,loan-return,,€600k,0.6,End of loan,,
England,en,2026-08-01 15:48 UTC,"Transfermarkt · England Premier League/Championship/League One/League Two (fees & values are estimates, EUR)",€,Premier League|Championship|League One|League Two,League One,Cambridge United,,,https://tmssl.akamaized.net//images/wappen/homepageSmall/986.png?lm=1751997707,out,,Callum Perry,,,,,,,21,CB,Centre-Back,England,https://tmssl.akamaized.net//images/flagge/tiny/189.png?lm=1520611569,Coventry U21,,loan-return,,?,,End of loan,,
England,en,2026-08-01 15:48 UTC,"Transfermarkt · England Premier League/Championship/League One/League Two (fees & values are estimates, EUR)",€,Premier League|Championship|League One|League Two,League One,Doncaster Rovers,,,https://tmssl.akamaized.net//images/wappen/homepageSmall/2454.png?lm=1409253612,in,,Jordan Thomas,,,,,,,25,RW,Right Winger,England,https://tmssl.akamaized.net//images/flagge/tiny/189.png?lm=1520611569,Cheltenham,,free,,€200k,0.2,Free,0.0,
England,en,2026-08-01 15:48 UTC,"Transfermarkt · England Premier League/Championship/League One/League Two (fees & values are estimates, EUR)",€,Premier League|Championship|League One|League Two,League One,Doncaster Rovers,,,https://tmssl.akamaized.net//images/wappen/homepageSmall/2454.png?lm=1409253612,in,,Francis Okoronkwo,,,,,,,21,CF,Centre-Forward,England,https://tmssl.akamaized.net//images/flagge/tiny/189.png?lm=1520611569,Everton U21,,free,,€200k,0.2,Free,0.0,
England,en,2026-08-01 15:48 UTC,"Transfermarkt · England Premier League/Championship/League One/League Two (fees & values are estimates, EUR)",€,Premier League|Championship|League One|League Two,League One,Doncaster Rovers,,,https://tmssl.akamaized.net//images/wappen/homepageSmall/2454.png?lm=1409253612,in,,Neill Byrne,,,,,,,33,CB,Centre-Back,Ireland,https://tmssl.akamaized.net//images/flagge/tiny/72.png?lm=1520611569,Bradford,,free,,€50k,0.05,Free,0.0,
England,en,2026-08-01 15:48 UTC,"Transfermarkt · England Premier League/Championship/League One/League Two (fees & values are estimates, EUR)",€,Premier League|Championship|League One|League Two,League One,Doncaster Rovers,,,https://tmssl.akamaized.net//images/wappen/homepageSmall/2454.png?lm=1409253612,in,,Leon Ayinde,,,,,,,21,LW,Left Winger,Ireland,https://tmssl.akamaized.net//images/flagge/tiny/72.png?lm=1520611569,Ipswich U21,,free,,?,,Free,0.0,
England,en,2026-08-01 15:48 UTC,"Transfermarkt · England Premier League/Championship/League One/League Two (fees & values are estimates, EUR)",€,Premier League|Championship|League One|League Two,League One,Doncaster Rovers,,,https://tmssl.akamaized.net//images/wappen/homepageSmall/2454.png?lm=1409253612,in,,James Husband,,,,,,,32,LB,Left-Back,England,https://tmssl.akamaized.net//images/flagge/tiny/189.png?lm=1520611569,Blackpool,,free,,€175k,0.175,Free,0.0,
England,en,2026-08-01 15:48 UTC,"Transfermarkt · England Premier League/Championship/League One/League Two (fees & values are estimates, EUR)",€,Premier League|Championship|League One|League Two,League One,Doncaster Rovers,,,https://tmssl.akamaized.net//images/wappen/homepageSmall/2454.png?lm=1409253612,in,,Isaac Hutchinson,,,,,,,26,CM,Central Midfield,England,https://tmssl.akamaized.net//images/flagge/tiny/189.png?lm=1520611569,Bristol Rovers,,other,,€400k,0.4,?,,
England,en,2026-08-01 15:48 UTC,"Transfermarkt · England Premier League/Championship/League One/League Two (fees & values are estimates, EUR)",€,Premier League|Championship|League One|League Two,League One,Doncaster Rovers,,,https://tmssl.akamaized.net//images/wappen/homepageSmall/2454.png?lm=1409253612,in,,Alfie May,,,,,,,32,CF,Centre-Forward,England,https://tmssl.akamaized.net//images/flagge/tiny/189.png?lm=1520611569,Huddersfield,,loan,,€450k,0.45,Loan,,
England,en,2026-08-01 15:48 UTC,"Transfermarkt · England Premier League/Championship/League One/League Two (fees & values are estimates, EUR)",€,Premier League|Championship|League One|League Two,League One,Doncaster Rovers,,,https://tmssl.akamaized.net//images/wappen/homepageSmall/2454.png?lm=1409253612,in,,Josh Clarke,,,,,,,21,GK,Goalkeeper,Northern Ireland,https://tmssl.akamaized.net//images/flagge/tiny/192.png?lm=1520611569,Partick Thistle,,loan,,€200k,0.2,Loan,,
England,en,2026-08-01 15:48 UTC,"Transfermarkt · England Premier League/Championship/League One/League Two (fees & values are estimates, EUR)",€,Premier League|Championship|League One|League Two,League One,Doncaster Rovers,,,https://tmssl.akamaized.net//images/wappen/homepageSmall/2454.png?lm=1409253612,in,,Alex Pavan,,,,,,,17,AM,Attacking Midfield,England,https://tmssl.akamaized.net//images/flagge/tiny/189.png?lm=1520611569,Doncaster U18,,promotion,,?,,Promotion,,
England,en,2026-08-01 15:48 UTC,"Transfermarkt · England Premier League/Championship/League One/League Two (fees & values are estimates, EUR)",€,Premier League|Championship|League One|League Two,League One,Doncaster Rovers,,,https://tmssl.akamaized.net//images/wappen/homepageSmall/2454.png?lm=1409253612,in,,Lincoln Pawlak,,,,,,,17,CB,Centre-Back,England,https://tmssl.akamaized.net//images/flagge/tiny/189.png?lm=1520611569,Doncaster U18,,promotion,,?,,Promotion,,
England,en,2026-08-01 15:48 UTC,"Transfermarkt · England Premier League/Championship/League One/League Two (fees & values are estimates, EUR)",€,Premier League|Championship|League One|League Two,League One,Doncaster Rovers,,,https://tmssl.akamaized.net//images/wappen/homepageSmall/2454.png?lm=1409253612,in,,Tommy Simkin,,,,,,,21,GK,Goalkeeper,England,https://tmssl.akamaized.net//images/flagge/tiny/189.png?lm=1520611569,Stoke City,,loan,,€1.00m,1.0,Loan,,
England,en,2026-08-01 15:48 UTC,"Transfermarkt · England Premier League/Championship/League One/League Two (fees & values are estimates, EUR)",€,Premier League|Championship|League One|League Two,League One,Doncaster Rovers,,,https://tmssl.akamaized.net//images/wappen/homepageSmall/2454.png?lm=1409253612,in,,Bobby Faulkner,,,,,,,22,CB,Centre-Back,England,https://tmssl.akamaized.net//images/flagge/tiny/189.png?lm=1520611569,Tranmere,,loan-return,,€125k,0.125,End of loan,,
England,en,2026-08-01 15:48 UTC,"Transfermarkt · England Premier League/Championship/League One/League Two (fees & values are estimates, EUR)",€,Premier League|Championship|League One|League Two,League One,Doncaster Rovers,,,https://tmssl.akamaized.net//images/wappen/homepageSmall/2454.png?lm=1409253612,out,,Zain Westbrooke,,,,,,,29,CM,Central Midfield,England,https://tmssl.akamaized.net//images/flagge/tiny/189.png?lm=1520611569,Yeovil Town,,free,,€100k,0.1,Free,0.0,
England,en,2026-08-01 15:48 UTC,"Transfermarkt · England Premier League/Championship/League One/League Two (fees & values are estimates, EUR)",€,Premier League|Championship|League One|League Two,League One,Doncaster Rovers,,,https://tmssl.akamaized.net//images/wappen/homepageSmall/2454.png?lm=1409253612,out,,Kyle Hurst,,,,,,,24,LW,Left Winger,England,https://tmssl.akamaized.net//images/flagge/tiny/189.png?lm=1520611569,Scunthorpe Utd.,,free,,€150k,0.15,Free,0.0,
England,en,2026-08-01 15:48 UTC,"Transfermarkt · England Premier League/Championship/League One/League Two (fees & values are estimates, EUR)",€,Premier League|Championship|League One|League Two,League One,Doncaster Rovers,,,https://tmssl.akamaized.net//images/wappen/homepageSmall/2454.png?lm=1409253612,out,,Joe Sbarra,,,,,,,27,AM,Attacking Midfield,England,https://tmssl.akamaized.net//images/flagge/tiny/189.png?lm=1520611569,Solihull Moors,,free,,€75k,0.075,Free,0.0,
England,en,2026-08-01 15:48 UTC,"Transfermarkt · England Premier League/Championship/League One/League Two (fees & values are estimates, EUR)",€,Premier League|Championship|League One|League Two,League One,Doncaster Rovers,,,https://tmssl.akamaized.net//images/wappen/homepageSmall/2454.png?lm=1409253612,out,,James Maxwell,,,,,,,24,LB,Left-Back,Scotland,https://tmssl.akamaized.net//images/flagge/tiny/190.png?lm=1520611569,Northampton,,free,,€275k,0.275,Free,0.0,
England,en,2026-08-01 15:48 UTC,"Transfermarkt · England Premier League/Championship/League One/League Two (fees & values are estimates, EUR)",€,Premier League|Championship|League One|League Two,League One,Doncaster Rovers,,,https://tmssl.akamaized.net//images/wappen/homepageSmall/2454.png?lm=1409253612,out,,Jordan Gibson,,,,,,,28,RM,Right Midfield,England,https://tmssl.akamaized.net//images/flagge/tiny/189.png?lm=1520611569,Crewe Alexandra,,free,,€300k,0.3,Free,0.0,
England,en,2026-08-01 15:48 UTC,"Transfermarkt · England Premier League/Championship/League One/League Two (fees & values are estimates, EUR)",€,Premier League|Championship|League One|League Two,League One,Doncaster Rovers,,,https://tmssl.akamaized.net//images/wappen/homepageSmall/2454.png?lm=1409253612,out,,Will Flint,,,,,,,20,CB,Centre-Back,England,https://tmssl.akamaized.net//images/flagge/tiny/189.png?lm=1520611569,Halifax Town,,other,,?,,?,,
England,en,2026-08-01 15:48 UTC,"Transfermarkt · England Premier League/Championship/League One/League Two (fees & values are estimates, EUR)",€,Premier League|Championship|League One|League Two,League One,Doncaster Rovers,,,https://tmssl.akamaized.net//images/wappen/homepageSmall/2454.png?lm=1409253612,out,,Luke Molyneux,,,,,,,28,RW,Right Winger,England,https://tmssl.akamaized.net//images/flagge/tiny/189.png?lm=1520611569,Salford,,other,,€600k,0.6,?,,
England,en,2026-08-01 15:48 UTC,"Transfermarkt · England Premier League/Championship/League One/League Two (fees & values are estimates, EUR)",€,Premier League|Championship|League One|League Two,League One,Doncaster Rovers,,,https://tmssl.akamaized.net//images/wappen/homepageSmall/2454.png?lm=1409253612,out,,Bobby Faulkner,,,,,,,21,CB,Centre-Back,England,https://tmssl.akamaized.net//images/flagge/tiny/189.png?lm=1520611569,Tranmere,,loan,,€125k,0.125,Loan,,
England,en,2026-08-01 15:48 UTC,"Transfermarkt · England Premier League/Championship/League One/League Two (fees & values are estimates, EUR)",€,Premier League|Championship|League One|League Two,League One,Doncaster Rovers,,,https://tmssl.akamaized.net//images/wappen/homepageSmall/2454.png?lm=1409253612,out,,Billy Sharp,,,,,,,40,CF,Centre-Forward,England,https://tmssl.akamaized.net//images/flagge/tiny/189.png?lm=1520611569,Without Club,,other,,€25k,0.025,?,,
England,en,2026-08-01 15:48 UTC,"Transfermarkt · England Premier League/Championship/League One/League Two (fees & values are estimates, EUR)",€,Premier League|Championship|League One|League Two,League One,Doncaster Rovers,,,https://tmssl.akamaized.net//images/wappen/homepageSmall/2454.png?lm=1409253612,out,,Ben Close,,,,,,,29,CM,Central Midfield,England,https://tmssl.akamaized.net//images/flagge/tiny/189.png?lm=1520611569,Without Club,,other,,€100k,0.1,?,,
England,en,2026-08-01 15:48 UTC,"Transfermarkt · England Premier League/Championship/League One/League Two (fees & values are estimates, EUR)",€,Premier League|Championship|League One|League Two,League One,Doncaster Rovers,,,https://tmssl.akamaized.net//images/wappen/homepageSmall/2454.png?lm=1409253612,out,,Tommy Simkin,,,,,,,22,GK,Goalkeeper,England,https://tmssl.akamaized.net//images/flagge/tiny/189.png?lm=1520611569,Stoke City,,loan-return,,€1.00m,1.0,End of loan,,
England,en,2026-08-01 15:48 UTC,"Transfermarkt · England Premier League/Championship/League One/League Two (fees & values are estimates, EUR)",€,Premier League|Championship|League One|League Two,League One,Doncaster Rovers,,,https://tmssl.akamaized.net//images/wappen/homepageSmall/2454.png?lm=1409253612,out,,Josh Clarke,,,,,,,22,GK,Goalkeeper,Northern Ireland,https://tmssl.akamaized.net//images/flagge/tiny/192.png?lm=1520611569,Partick Thistle,,loan-return,,€200k,0.2,End of loan,,
England,en,2026-08-01 15:48 UTC,"Transfermarkt · England Premier League/Championship/League One/League Two (fees & values are estimates, EUR)",€,Premier League|Championship|League One|League Two,League One,Doncaster Rovers,,,https://tmssl.akamaized.net//images/wappen/homepageSmall/2454.png?lm=1409253612,out,,Elliot Lee,,,,,,,31,AM,Attacking Midfield,England,https://tmssl.akamaized.net//images/flagge/tiny/189.png?lm=1520611569,Wrexham,,loan-return,,€550k,0.55,End of loan,,
England,en,2026-08-01 15:48 UTC,"Transfermarkt · England Premier League/Championship/League One/League Two (fees & values are estimates, EUR)",€,Premier League|Championship|League One|League Two,League One,Doncaster Rovers,,,https://tmssl.akamaized.net//images/wappen/homepageSmall/2454.png?lm=1409253612,out,,Neill Byrne,,,,,,,33,CB,Centre-Back,Ireland,https://tmssl.akamaized.net//images/flagge/tiny/72.png?lm=1520611569,Bradford,,loan-return,,€50k,0.05,End of loan,,
England,en,2026-08-01 15:48 UTC,"Transfermarkt · England Premier League/Championship/League One/League Two (fees & values are estimates, EUR)",€,Premier League|Championship|League One|League Two,League One,Doncaster Rovers,,,https://tmssl.akamaized.net//images/wappen/homepageSmall/2454.png?lm=1409253612,out,,Thimothée Lo-Tutala,,,,,,,23,GK,Goalkeeper,France,https://tmssl.akamaized.net//images/flagge/tiny/50.png?lm=1520611569,Hull City,,loan-return,,€400k,0.4,End of loan,,
England,en,2026-08-01 15:48 UTC,"Transfermarkt · England Premier League/Championship/League One/League Two (fees & values are estimates, EUR)",€,Premier League|Championship|League One|League Two,League One,Huddersfield Town,,,https://tmssl.akamaized.net//images/wappen/homepageSmall/1110.png?lm=1567439677,in,,Derensili Sanches Fernandes,,,,,,,25,RW,Right Winger,Netherlands,https://tmssl.akamaized.net//images/flagge/tiny/122.png?lm=1520611569,Excelsior,,transfer,,€900k,0.9,€1.00m,1.0,
England,en,2026-08-01 15:48 UTC,"Transfermarkt · England Premier League/Championship/League One/League Two (fees & values are estimates, EUR)",€,Premier League|Championship|League One|League Two,League One,Huddersfield Town,,,https://tmssl.akamaized.net//images/wappen/homepageSmall/1110.png?lm=1567439677,in,,Ilias Bronkhorst,,,,,,,29,RB,Right-Back,Netherlands,https://tmssl.akamaized.net//images/flagge/tiny/122.png?lm=1520611569,Excelsior,,free,,€700k,0.7,Free,0.0,
England,en,2026-08-01 15:48 UTC,"Transfermarkt · England Premier League/Championship/League One/League Two (fees & values are estimates, EUR)",€,Premier League|Championship|League One|League Two,League One,Huddersfield Town,,,https://tmssl.akamaized.net//images/wappen/homepageSmall/1110.png?lm=1567439677,in,,Ashley Fletcher,,,,,,,30,CF,Centre-Forward,England,https://tmssl.akamaized.net//images/flagge/tiny/189.png?lm=1520611569,Blackpool,,free,,€325k,0.325,Free,0.0,
England,en,2026-08-01 15:48 UTC,"Transfermarkt · England Premier League/Championship/League One/League Two (fees & values are estimates, EUR)",€,Premier League|Championship|League One|League Two,League One,Huddersfield Town,,,https://tmssl.akamaized.net//images/wappen/homepageSmall/1110.png?lm=1567439677,in,,Ethan Brierley,,,,,,,22,CM,Central Midfield,England,https://tmssl.akamaized.net//images/flagge/tiny/189.png?lm=1520611569,Brentford B,,other,,€375k,0.375,?,,
England,en,2026-08-01 15:48 UTC,"Transfermarkt · England Premier League/Championship/League One/League Two (fees & values are estimates, EUR)",€,Premier League|Championship|League One|League Two,League One,Huddersfield Town,,,https://tmssl.akamaized.net//images/wappen/homepageSmall/1110.png?lm=1567439677,in,,Matty Young,,,,,,,19,GK,Goalkeeper,England,https://tmssl.akamaized.net//images/flagge/tiny/189.png?lm=1520611569,Sunderland U21,,loan,,€350k,0.35,Loan,,
England,en,2026-08-01 15:48 UTC,"Transfermarkt · England Premier League/Championship/League One/League Two (fees & values are estimates, EUR)",€,Premier League|Championship|League One|League Two,League One,Huddersfield Town,,,https://tmssl.akamaized.net//images/wappen/homepageSmall/1110.png?lm=1567439677,in,,Max Murray,,,,,,,19,RB,Right-Back,England,https://tmssl.akamaized.net//images/flagge/tiny/189.png?lm=1520611569,Huddersf. U21,,promotion,,?,,Promotion,,
England,en,2026-08-01 15:48 UTC,"Transfermarkt · England Premier League/Championship/League One/League Two (fees & values are estimates, EUR)",€,Premier League|Championship|League One|League Two,League One,Huddersfield Town,,,https://tmssl.akamaized.net//images/wappen/homepageSmall/1110.png?lm=1567439677,in,,Jay Smith-Sway,,,,,,,19,RB,Right-Back,England,https://tmssl.akamaized.net//images/flagge/tiny/189.png?lm=1520611569,Huddersf. U21,,promotion,,?,,Promotion,,
England,en,2026-08-01 15:48 UTC,"Transfermarkt · England Premier League/Championship/League One/League Two (fees & values are estimates, EUR)",€,Premier League|Championship|League One|League Two,League One,Huddersfield Town,,,https://tmssl.akamaized.net//images/wappen/homepageSmall/1110.png?lm=1567439677,in,,Daniel Vost,,,,,,,20,DM,Defensive Midfield,England,https://tmssl.akamaized.net//images/flagge/tiny/189.png?lm=1520611569,Huddersf. U21,,promotion,,?,,Promotion,,
England,en,2026-08-01 15:48 UTC,"Transfermarkt · England Premier League/Championship/League One/League Two (fees & values are estimates, EUR)",€,Premier League|Championship|League One|League Two,League One,Huddersfield Town,,,https://tmssl.akamaized.net//images/wappen/homepageSmall/1110.png?lm=1567439677,in,,George Sebine,,,,,,,19,CF,Centre-Forward,England,https://tmssl.akamaized.net//images/flagge/tiny/189.png?lm=1520611569,Huddersf. U21,,promotion,,?,,Promotion,,
England,en,2026-08-01 15:48 UTC,"Transfermarkt · England Premier League/Championship/League One/League Two (fees & values are estimates, EUR)",€,Premier League|Championship|League One|League Two,League One,Huddersfield Town,,,https://tmssl.akamaized.net//images/wappen/homepageSmall/1110.png?lm=1567439677,in,,Ruben Roosken,,,,,,,26,LB,Left-Back,Netherlands,https://tmssl.akamaized.net//images/flagge/tiny/122.png?lm=1520611569,Oxford United,,loan-return,,€500k,0.5,End of loan,,
England,en,2026-08-01 15:48 UTC,"Transfermarkt · England Premier League/Championship/League One/League Two (fees & values are estimates, EUR)",€,Premier League|Championship|League One|League Two,League One,Huddersfield Town,,,https://tmssl.akamaized.net//images/wappen/homepageSmall/1110.png?lm=1567439677,in,,Jacob Chapman,,,,,,,25,GK,Goalkeeper,Australia,https://tmssl.akamaized.net//images/flagge/tiny/12.png?lm=1520611569,Crawley Town,,loan-return,,€275k,0.275,End of loan,,
England,en,2026-08-01 15:48 UTC,"Transfermarkt · England Premier League/Championship/League One/League Two (fees & values are estimates, EUR)",€,Premier League|Championship|League One|League Two,League One,Huddersfield Town,,,https://tmssl.akamaized.net//images/wappen/homepageSmall/1110.png?lm=1567439677,in,,Joe Taylor,,,,,,,23,CF,Centre-Forward,Wales,https://tmssl.akamaized.net//images/flagge/tiny/191.png?lm=1520611569,Wigan,,loan-return,,€600k,0.6,End of loan,,
England,en,2026-08-01 15:48 UTC,"Transfermarkt · England Premier League/Championship/League One/League Two (fees & values are estimates, EUR)",€,Premier League|Championship|League One|League Two,League One,Huddersfield Town,,,https://tmssl.akamaized.net//images/wappen/homepageSmall/1110.png?lm=1567439677,in,,Tom Iorpenda,,,,,,,21,CM,Central Midfield,England,https://tmssl.akamaized.net//images/flagge/tiny/189.png?lm=1520611569,Notts County,,loan-return,,€175k,0.175,End of loan,,
England,en,2026-08-01 15:48 UTC,"Transfermarkt · England Premier League/Championship/League One/League Two (fees & values are estimates, EUR)",€,Premier League|Championship|League One|League Two,League One,Huddersfield Town,,,https://tmssl.akamaized.net//images/wappen/homepageSmall/1110.png?lm=1567439677,out,,Neo Eccleston,,,,,,,22,RB,Right-Back,England,https://tmssl.akamaized.net//images/flagge/tiny/189.png?lm=1520611569,Hartlepool,,free,,€75k,0.075,Free,0.0,
England,en,2026-08-01 15:48 UTC,"Transfermarkt · England Premier League/Championship/League One/League Two (fees & values are estimates, EUR)",€,Premier League|Championship|League One|League Two,League One,Huddersfield Town,,,https://tmssl.akamaized.net//images/wappen/homepageSmall/1110.png?lm=1567439677,out,,Jacob Chapman,,,,,,,25,GK,Goalkeeper,Australia,https://tmssl.akamaized.net//images/flagge/tiny/12.png?lm=1520611569,St. Mirren,,other,,€275k,0.275,?,,
England,en,2026-08-01 15:48 UTC,"Transfermarkt · England Premier League/Championship/League One/League Two (fees & values are estimates, EUR)",€,Premier League|Championship|League One|League Two,League One,Huddersfield Town,,,https://tmssl.akamaized.net//images/wappen/homepageSmall/1110.png?lm=1567439677,out,,Ruben Roosken,,,,,,,26,LB,Left-Back,Netherlands,https://tmssl.akamaized.net//images/flagge/tiny/122.png?lm=1520611569,Oxford United,,other,,€500k,0.5,?,,
England,en,2026-08-01 15:48 UTC,"Transfermarkt · England Premier League/Championship/League One/League Two (fees & values are estimates, EUR)",€,Premier League|Championship|League One|League Two,League One,Huddersfield Town,,,https://tmssl.akamaized.net//images/wappen/homepageSmall/1110.png?lm=1567439677,out,,Lee Nicholls,,,,,,,33,GK,Goalkeeper,England,https://tmssl.akamaized.net//images/flagge/tiny/189.png?lm=1520611569,Preston,,other,,€400k,0.4,?,,
England,en,2026-08-01 15:48 UTC,"Transfermarkt · England Premier League/Championship/League One/League Two (fees & values are estimates, EUR)",€,Premier League|Championship|League One|League Two,League One,Huddersfield Town,,,https://tmssl.akamaized.net//images/wappen/homepageSmall/1110.png?lm=1567439677,out,,Alfie May,,,,,,,32,CF,Centre-Forward,England,https://tmssl.akamaized.net//images/flagge/tiny/189.png?lm=1520611569,Doncaster,,loan,,€450k,0.45,Loan,,
England,en,2026-08-01 15:48 UTC,"Transfermarkt · England Premier League/Championship/League One/League Two (fees & values are estimates, EUR)",€,Premier League|Championship|League One|League Two,League One,Huddersfield Town,,,https://tmssl.akamaized.net//images/wappen/homepageSmall/1110.png?lm=1567439677,out,,Dion Charles,,,,,,,30,CF,Centre-Forward,Northern Ireland,https://tmssl.akamaized.net//images/flagge/tiny/192.png?lm=1520611569,Blackpool,,loan,,€500k,0.5,Loan,,
England,en,2026-08-01 15:48 UTC,"Transfermarkt · England Premier League/Championship/League One/League Two (fees & values are estimates, EUR)",€,Premier League|Championship|League One|League Two,League One,Huddersfield Town,,,https://tmssl.akamaized.net//images/wappen/homepageSmall/1110.png?lm=1567439677,out,,Rhys Healey,,,,,,,31,CF,Centre-Forward,England,https://tmssl.akamaized.net//images/flagge/tiny/189.png?lm=1520611569,Without Club,,other,,€350k,0.35,?,,
England,en,2026-08-01 15:48 UTC,"Transfermarkt · England Premier League/Championship/League One/League Two (fees & values are estimates, EUR)",€,Premier League|Championship|League One|League Two,League One,Huddersfield Town,,,https://tmssl.akamaized.net//images/wappen/homepageSmall/1110.png?lm=1567439677,out,,Mickel Miller,,,,,,,30,LM,Left Midfield,England,https://tmssl.akamaized.net//images/flagge/tiny/189.png?lm=1520611569,Without Club,,other,,€325k,0.325,?,,
England,en,2026-08-01 15:48 UTC,"Transfermarkt · England Premier League/Championship/League One/League Two (fees & values are estimates, EUR)",€,Premier League|Championship|League One|League Two,League One,Huddersfield Town,,,https://tmssl.akamaized.net//images/wappen/homepageSmall/1110.png?lm=1567439677,out,,Ryan Hardie,,,,,,,29,CF,Centre-Forward,Scotland,https://tmssl.akamaized.net//images/flagge/tiny/190.png?lm=1520611569,Wrexham,,loan-return,,€800k,0.8,End of loan,,
England,en,2026-08-01 15:48 UTC,"Transfermarkt · England Premier League/Championship/League One/League Two (fees & values are estimates, EUR)",€,Premier League|Championship|League One|League Two,League One,Huddersfield Town,,,https://tmssl.akamaized.net//images/wappen/homepageSmall/1110.png?lm=1567439677,out,,Bobby Wales,,,,,,,21,CF,Centre-Forward,Scotland,https://tmssl.akamaized.net//images/flagge/tiny/190.png?lm=1520611569,Swansea,,loan-return,,€350k,0.35,End of loan,,
England,en,2026-08-01 15:48 UTC,"Transfermarkt · England Premier League/Championship/League One/League Two (fees & values are estimates, EUR)",€,Premier League|Championship|League One|League Two,League One,Huddersfield Town,,,https://tmssl.akamaized.net//images/wappen/homepageSmall/1110.png?lm=1567439677,out,,Josh Feeney,,,,,,,21,CB,Centre-Back,England,https://tmssl.akamaized.net//images/flagge/tiny/189.png?lm=1520611569,Aston Villa U21,,loan-return,,€650k,0.65,End of loan,,
England,en,2026-08-01 15:48 UTC,"Transfermarkt · England Premier League/Championship/League One/League Two (fees & values are estimates, EUR)",€,Premier League|Championship|League One|League Two,League One,Leicester City,,,https://tmssl.akamaized.net//images/wappen/homepageSmall/1003.png?lm=1472229265,in,,Conor Chaplin,,,,,,,29,SS,Second Striker,England,https://tmssl.akamaized.net//images/flagge/tiny/189.png?lm=1520611569,Ipswich,,free,,€2.20m,2.2,Free,0.0,
England,en,2026-08-01 15:48 UTC,"Transfermarkt · England Premier League/Championship/League One/League Two (fees & values are estimates, EUR)",€,Premier League|Championship|League One|League Two,League One,Leicester City,,,https://tmssl.akamaized.net//images/wappen/homepageSmall/1003.png?lm=1472229265,in,,Alex McCarthy,,,,,,,36,GK,Goalkeeper,England,https://tmssl.akamaized.net//images/flagge/tiny/189.png?lm=1520611569,Southampton,,free,,€200k,0.2,Free,0.0,
England,en,2026-08-01 15:48 UTC,"Transfermarkt · England Premier League/Championship/League One/League Two (fees & values are estimates, EUR)",€,Premier League|Championship|League One|League Two,League One,Leicester City,,,https://tmssl.akamaized.net//images/wappen/homepageSmall/1003.png?lm=1472229265,in,,Liam Cullen,,,,,,,27,AM,Attacking Midfield,Wales,https://tmssl.akamaized.net//images/flagge/tiny/191.png?lm=1520611569,Swansea,,other,,€3.20m,3.2,?,,
England,en,2026-08-01 15:48 UTC,"Transfermarkt · England Premier League/Championship/League One/League Two (fees & values are estimates, EUR)",€,Premier League|Championship|League One|League Two,League One,Leicester City,,,https://tmssl.akamaized.net//images/wappen/homepageSmall/1003.png?lm=1472229265,in,,Christian McFarlane,,,,,,,19,LB,Left-Back,England,https://tmssl.akamaized.net//images/flagge/tiny/189.png?lm=1520611569,Man City U21,,loan,,€1.50m,1.5,Loan,,
England,en,2026-08-01 15:48 UTC,"Transfermarkt · England Premier League/Championship/League One/League Two (fees & values are estimates, EUR)",€,Premier League|Championship|League One|League Two,League One,Leicester City,,,https://tmssl.akamaized.net//images/wappen/homepageSmall/1003.png?lm=1472229265,in,,Wout Faes,,,,,,,28,CB,Centre-Back,Belgium,https://tmssl.akamaized.net//images/flagge/tiny/19.png?lm=1520611569,Monaco,,loan-return,,€10.00m,10.0,End of loan,,
England,en,2026-08-01 15:48 UTC,"Transfermarkt · England Premier League/Championship/League One/League Two (fees & values are estimates, EUR)",€,Premier League|Championship|League One|League Two,League One,Leicester City,,,https://tmssl.akamaized.net//images/wappen/homepageSmall/1003.png?lm=1472229265,in,,Woyo Coulibaly,,,,,,,27,RB,Right-Back,Mali,https://tmssl.akamaized.net//images/flagge/tiny/105.png?lm=1520611569,Sassuolo,,loan-return,,€2.00m,2.0,End of loan,,
England,en,2026-08-01 15:48 UTC,"Transfermarkt · England Premier League/Championship/League One/League Two (fees & values are estimates, EUR)",€,Premier League|Championship|League One|League Two,League One,Leicester City,,,https://tmssl.akamaized.net//images/wappen/homepageSmall/1003.png?lm=1472229265,in,,Bilal El Khannouss,,,,,,,22,AM,Attacking Midfield,Morocco,https://tmssl.akamaized.net//images/flagge/tiny/107.png?lm=1520611569,Stuttgart,,loan-return,,€35.00m,35.0,End of loan,,
England,en,2026-08-01 15:48 UTC,"Transfermarkt · England Premier League/Championship/League One/League Two (fees & values are estimates, EUR)",€,Premier League|Championship|League One|League Two,League One,Leicester City,,,https://tmssl.akamaized.net//images/wappen/homepageSmall/1003.png?lm=1472229265,out,,Abdul Fatawu,,,,,,,22,RW,Right Winger,Ghana,https://tmssl.akamaized.net//images/flagge/tiny/54.png?lm=1520611569,Ipswich,,transfer,,€20.00m,20.0,€23.45m,23.45,
England,en,2026-08-01 15:48 UTC,"Transfermarkt · England Premier League/Championship/League One/League Two (fees & values are estimates, EUR)",€,Premier League|Championship|League One|League Two,League One,Leicester City,,,https://tmssl.akamaized.net//images/wappen/homepageSmall/1003.png?lm=1472229265,out,,Bilal El Khannouss,,,,,,,22,AM,Attacking Midfield,Morocco,https://tmssl.akamaized.net//images/flagge/tiny/107.png?lm=1520611569,Stuttgart,,transfer,,€35.00m,35.0,€15.00m,15.0,
England,en,2026-08-01 15:48 UTC,"Transfermarkt · England Premier League/Championship/League One/League Two (fees & values are estimates, EUR)",€,Premier League|Championship|League One|League Two,League One,Leicester City,,,https://tmssl.akamaized.net//images/wappen/homepageSmall/1003.png?lm=1472229265,out,,Jeremy Monga,,,,,,,17,LW,Left Winger,England,https://tmssl.akamaized.net//images/flagge/tiny/189.png?lm=1520611569,Man City,,transfer,,€15.00m,15.0,€11.70m,11.7,
England,en,2026-08-01 15:48 UTC,"Transfermarkt · England Premier League/Championship/League One/League Two (fees & values are estimates, EUR)",€,Premier League|Championship|League One|League Two,League One,Leicester City,,,https://tmssl.akamaized.net//images/wappen/homepageSmall/1003.png?lm=1472229265,out,,Victor Kristiansen,,,,,,,23,LB,Left-Back,Denmark,https://tmssl.akamaized.net//images/flagge/tiny/39.png?lm=1520611569,Panathinaikos,,loan,,€9.00m,9.0,Loan,,
England,en,2026-08-01 15:48 UTC,"Transfermarkt · England Premier League/Championship/League One/League Two (fees & values are estimates, EUR)",€,Premier League|Championship|League One|League Two,League One,Leicester City,,,https://tmssl.akamaized.net//images/wappen/homepageSmall/1003.png?lm=1472229265,out,,Silko Thomas,,,,,,,22,RW,Right Winger,England,https://tmssl.akamaized.net//images/flagge/tiny/189.png?lm=1520611569,Wycombe,,free,,€500k,0.5,Free,0.0,
England,en,2026-08-01 15:48 UTC,"Transfermarkt · England Premier League/Championship/League One/League Two (fees & values are estimates, EUR)",€,Premier League|Championship|League One|League Two,League One,Leicester City,,,https://tmssl.akamaized.net//images/wappen/homepageSmall/1003.png?lm=1472229265,out,,Patson Daka,,,,,,,27,CF,Centre-Forward,Zambia,https://tmssl.akamaized.net//images/flagge/tiny/142.png?lm=1520611569,Hamburg,,free,,€3.00m,3.0,Free,0.0,
England,en,2026-08-01 15:48 UTC,"Transfermarkt · England Premier League/Championship/League One/League Two (fees & values are estimates, EUR)",€,Premier League|Championship|League One|League Two,League One,Leicester City,,,https://tmssl.akamaized.net//images/wappen/homepageSmall/1003.png?lm=1472229265,out,,Harry Winks,,,,,,,30,DM,Defensive Midfield,England,https://tmssl.akamaized.net//images/flagge/tiny/189.png?lm=1520611569,Cagliari,,other,,€2.50m,2.5,?,,
England,en,2026-08-01 15:48 UTC,"Transfermarkt · England Premier League/Championship/League One/League Two (fees & values are estimates, EUR)",€,Premier League|Championship|League One|League Two,League One,Leicester City,,,https://tmssl.akamaized.net//images/wappen/homepageSmall/1003.png?lm=1472229265,out,,Wanya Marçal,,,,,,,23,RW,Right Winger,Portugal,https://tmssl.akamaized.net//images/flagge/tiny/136.png?lm=1520611569,Without Club,,other,,€200k,0.2,?,,
England,en,2026-08-01 15:48 UTC,"Transfermarkt · England Premier League/Championship/League One/League Two (fees & values are estimates, EUR)",€,Premier League|Championship|League One|League Two,League One,Leicester City,,,https://tmssl.akamaized.net//images/wappen/homepageSmall/1003.png?lm=1472229265,out,,Jamaal Lascelles,,,,,,,32,CB,Centre-Back,England,https://tmssl.akamaized.net//images/flagge/tiny/189.png?lm=1520611569,Without Club,,other,,€800k,0.8,?,,
England,en,2026-08-01 15:48 UTC,"Transfermarkt · England Premier League/Championship/League One/League Two (fees & values are estimates, EUR)",€,Premier League|Championship|League One|League Two,League One,Leicester City,,,https://tmssl.akamaized.net//images/wappen/homepageSmall/1003.png?lm=1472229265,out,,Jordan Ayew,,,,,,,34,CF,Centre-Forward,Ghana,https://tmssl.akamaized.net//images/flagge/tiny/54.png?lm=1520611569,Without Club,,other,,€1.00m,1.0,?,,
England,en,2026-08-01 15:48 UTC,"Transfermarkt · England Premier League/Championship/League One/League Two (fees & values are estimates, EUR)",€,Premier League|Championship|League One|League Two,League One,Leicester City,,,https://tmssl.akamaized.net//images/wappen/homepageSmall/1003.png?lm=1472229265,out,,Ricardo Pereira,,,,,,,32,RB,Right-Back,Portugal,https://tmssl.akamaized.net//images/flagge/tiny/136.png?lm=1520611569,Without Club,,other,,€1.50m,1.5,?,,
England,en,2026-08-01 15:48 UTC,"Transfermarkt · England Premier League/Championship/League One/League Two (fees & values are estimates, EUR)",€,Premier League|Championship|League One|League Two,League One,Leicester City,,,https://tmssl.akamaized.net//images/wappen/homepageSmall/1003.png?lm=1472229265,out,,Jannik Vestergaard,,,,,,,33,CB,Centre-Back,Denmark,https://tmssl.akamaized.net//images/flagge/tiny/39.png?lm=1520611569,Without Club,,other,,€1.00m,1.0,?,,
England,en,2026-08-01 15:48 UTC,"Transfermarkt · England Premier League/Championship/League One/League Two (fees & values are estimates, EUR)",€,Premier League|Championship|League One|League Two,League One,Leicester City,,,https://tmssl.akamaized.net//images/wappen/homepageSmall/1003.png?lm=1472229265,out,,Asmir Begovic,,,,,,,39,GK,Goalkeeper,Bosnia-Herzegovina,https://tmssl.akamaized.net//images/flagge/tiny/24.png?lm=1569523290,Without Club,,other,,€150k,0.15,?,,
England,en,2026-08-01 15:48 UTC,"Transfermarkt · England Premier League/Championship/League One/League Two (fees & values are estimates, EUR)",€,Premier League|Championship|League One|League Two,League One,Leicester City,,,https://tmssl.akamaized.net//images/wappen/homepageSmall/1003.png?lm=1472229265,out,,Joe Aribo,,,,,,,29,CM,Central Midfield,Nigeria,https://tmssl.akamaized.net//images/flagge/tiny/124.png?lm=1520611569,Southampton,,loan-return,,€1.80m,1.8,End of loan,,
England,en,2026-08-01 15:48 UTC,"Transfermarkt · England Premier League/Championship/League One/League Two (fees & values are estimates, EUR)",€,Premier League|Championship|League One|League Two,League One,Leicester City,,,https://tmssl.akamaized.net//images/wappen/homepageSmall/1003.png?lm=1472229265,out,,Jordan James,,,,,,,21,CM,Central Midfield,Wales,https://tmssl.akamaized.net//images/flagge/tiny/191.png?lm=1520611569,Stade Rennais,,loan-return,,€12.00m,12.0,End of loan,,
England,en,2026-08-01 15:48 UTC,"Transfermarkt · England Premier League/Championship/League One/League Two (fees & values are estimates, EUR)",€,Premier League|Championship|League One|League Two,League One,Leyton Orient,,,https://tmssl.akamaized.net//images/wappen/homepageSmall/1150.png?lm=1485645647,in,,Isaac Hayden,,,,,,,31,DM,Defensive Midfield,Jamaica,https://tmssl.akamaized.net//images/flagge/tiny/76.png?lm=1520611569,QPR,,free,,€400k,0.4,Free,0.0,
England,en,2026-08-01 15:48 UTC,"Transfermarkt · England Premier League/Championship/League One/League Two (fees & values are estimates, EUR)",€,Premier League|Championship|League One|League Two,League One,Leyton Orient,,,https://tmssl.akamaized.net//images/wappen/homepageSmall/1150.png?lm=1485645647,in,,Tony Springett,,,,,,,23,RW,Right Winger,Ireland,https://tmssl.akamaized.net//images/flagge/tiny/72.png?lm=1520611569,Norwich,,free,,€800k,0.8,Free,0.0,
England,en,2026-08-01 15:48 UTC,"Transfermarkt · England Premier League/Championship/League One/League Two (fees & values are estimates, EUR)",€,Premier League|Championship|League One|League Two,League One,Leyton Orient,,,https://tmssl.akamaized.net//images/wappen/homepageSmall/1150.png?lm=1485645647,in,,Joseph Olowu,,,,,,,26,CB,Centre-Back,England,https://tmssl.akamaized.net//images/flagge/tiny/189.png?lm=1520611569,Stockport,,other,,€375k,0.375,?,,
England,en,2026-08-01 15:48 UTC,"Transfermarkt · England Premier League/Championship/League One/League Two (fees & values are estimates, EUR)",€,Premier League|Championship|League One|League Two,League One,Leyton Orient,,,https://tmssl.akamaized.net//images/wappen/homepageSmall/1150.png?lm=1485645647,in,,Nathan Baxter,,,,,,,27,GK,Goalkeeper,England,https://tmssl.akamaized.net//images/flagge/tiny/189.png?lm=1520611569,Watford,,other,,€700k,0.7,?,,
England,en,2026-08-01 15:48 UTC,"Transfermarkt · England Premier League/Championship/League One/League Two (fees & values are estimates, EUR)",€,Premier League|Championship|League One|League Two,League One,Leyton Orient,,,https://tmssl.akamaized.net//images/wappen/homepageSmall/1150.png?lm=1485645647,in,,Fin Stevens,,,,,,,23,RB,Right-Back,Wales,https://tmssl.akamaized.net//images/flagge/tiny/191.png?lm=1520611569,St. Pauli,,other,,€500k,0.5,?,,
England,en,2026-08-01 15:48 UTC,"Transfermarkt · England Premier League/Championship/League One/League Two (fees & values are estimates, EUR)",€,Premier League|Championship|League One|League Two,League One,Leyton Orient,,,https://tmssl.akamaized.net//images/wappen/homepageSmall/1150.png?lm=1485645647,in,,Armando Dobra,,,,,,,25,LW,Left Winger,Albania,https://tmssl.akamaized.net//images/flagge/tiny/3.png?lm=1520611569,Chesterfield,,other,,€350k,0.35,?,,
England,en,2026-08-01 15:48 UTC,"Transfermarkt · England Premier League/Championship/League One/League Two (fees & values are estimates, EUR)",€,Premier League|Championship|League One|League Two,League One,Leyton Orient,,,https://tmssl.akamaized.net//images/wappen/homepageSmall/1150.png?lm=1485645647,in,,Yusuf Akhamrich,,,,,,,20,RW,Right Winger,Morocco,https://tmssl.akamaized.net//images/flagge/tiny/107.png?lm=1520611569,Tottenham U21,,loan,,€200k,0.2,Loan,,
England,en,2026-08-01 15:48 UTC,"Transfermarkt · England Premier League/Championship/League One/League Two (fees & values are estimates, EUR)",€,Premier League|Championship|League One|League Two,League One,Leyton Orient,,,https://tmssl.akamaized.net//images/wappen/homepageSmall/1150.png?lm=1485645647,in,,Somto Boniface,,,,,,,20,LB,Left-Back,England,https://tmssl.akamaized.net//images/flagge/tiny/189.png?lm=1520611569,Ipswich U21,,loan,,?,,Loan,,
England,en,2026-08-01 15:48 UTC,"Transfermarkt · England Premier League/Championship/League One/League Two (fees & values are estimates, EUR)",€,Premier League|Championship|League One|League Two,League One,Leyton Orient,,,https://tmssl.akamaized.net//images/wappen/homepageSmall/1150.png?lm=1485645647,in,,Makai Welch,,,,,,,20,DM,Defensive Midfield,Jamaica,https://tmssl.akamaized.net//images/flagge/tiny/76.png?lm=1520611569,Hornchurch,,loan-return,,?,,End of loan,,
England,en,2026-08-01 15:48 UTC,"Transfermarkt · England Premier League/Championship/League One/League Two (fees & values are estimates, EUR)",€,Premier League|Championship|League One|League Two,League One,Leyton Orient,,,https://tmssl.akamaized.net//images/wappen/homepageSmall/1150.png?lm=1485645647,in,,Josh Koroma,,,,,,,28,LW,Left Winger,Sierra Leone,https://tmssl.akamaized.net//images/flagge/tiny/152.png?lm=1520611569,Chesterfield,,loan-return,,€800k,0.8,End of loan,,
England,en,2026-08-01 15:48 UTC,"Transfermarkt · England Premier League/Championship/League One/League Two (fees & values are estimates, EUR)",€,Premier League|Championship|League One|League Two,League One,Leyton Orient,,,https://tmssl.akamaized.net//images/wappen/homepageSmall/1150.png?lm=1485645647,out,,Hayden Bullas,,,,,,,20,CM,Central Midfield,England,https://tmssl.akamaized.net//images/flagge/tiny/189.png?lm=1520611569,Bromley,,free,,?,,Free,0.0,
England,en,2026-08-01 15:48 UTC,"Transfermarkt · England Premier League/Championship/League One/League Two (fees & values are estimates, EUR)",€,Premier League|Championship|League One|League Two,League One,Leyton Orient,,,https://tmssl.akamaized.net//images/wappen/homepageSmall/1150.png?lm=1485645647,out,,Tom James,,,,,,,30,RB,Right-Back,Wales,https://tmssl.akamaized.net//images/flagge/tiny/191.png?lm=1520611569,Bristol Rovers,,free,,€300k,0.3,Free,0.0,
England,en,2026-08-01 15:48 UTC,"Transfermarkt · England Premier League/Championship/League One/League Two (fees & values are estimates, EUR)",€,Premier League|Championship|League One|League Two,League One,Leyton Orient,,,https://tmssl.akamaized.net//images/wappen/homepageSmall/1150.png?lm=1485645647,out,,Jack Simpson,,,,,,,29,CB,Centre-Back,England,https://tmssl.akamaized.net//images/flagge/tiny/189.png?lm=1520611569,Chesterfield,,free,,€225k,0.225,Free,0.0,
England,en,2026-08-01 15:48 UTC,"Transfermarkt · England Premier League/Championship/League One/League Two (fees & values are estimates, EUR)",€,Premier League|Championship|League One|League Two,League One,Leyton Orient,,,https://tmssl.akamaized.net//images/wappen/homepageSmall/1150.png?lm=1485645647,out,,Dan Happe,,,,,,,27,CB,Centre-Back,England,https://tmssl.akamaized.net//images/flagge/tiny/189.png?lm=1520611569,Aberdeen FC,,free,,€300k,0.3,Free,0.0,
England,en,2026-08-01 15:48 UTC,"Transfermarkt · England Premier League/Championship/League One/League Two (fees & values are estimates, EUR)",€,Premier League|Championship|League One|League Two,League One,Leyton Orient,,,https://tmssl.akamaized.net//images/wappen/homepageSmall/1150.png?lm=1485645647,out,,Makai Welch,,,,,,,20,DM,Defensive Midfield,Jamaica,https://tmssl.akamaized.net//images/flagge/tiny/76.png?lm=1520611569,Hornchurch,,free,,?,,Free,0.0,
England,en,2026-08-01 15:48 UTC,"Transfermarkt · England Premier League/Championship/League One/League Two (fees & values are estimates, EUR)",€,Premier League|Championship|League One|League Two,League One,Leyton Orient,,,https://tmssl.akamaized.net//images/wappen/homepageSmall/1150.png?lm=1485645647,out,,Azeem Abdulai,,,,,,,23,DM,Defensive Midfield,Scotland,https://tmssl.akamaized.net//images/flagge/tiny/190.png?lm=1520611569,Hibernian FC,,other,,€400k,0.4,?,,
England,en,2026-08-01 15:48 UTC,"Transfermarkt · England Premier League/Championship/League One/League Two (fees & values are estimates, EUR)",€,Premier League|Championship|League One|League Two,League One,Leyton Orient,,,https://tmssl.akamaized.net//images/wappen/homepageSmall/1150.png?lm=1485645647,out,,Sonny Perkins,,,,,,,22,RW,Right Winger,England,https://tmssl.akamaized.net//images/flagge/tiny/189.png?lm=1520611569,Wigan,,other,,€600k,0.6,?,,
England,en,2026-08-01 15:48 UTC,"Transfermarkt · England Premier League/Championship/League One/League Two (fees & values are estimates, EUR)",€,Premier League|Championship|League One|League Two,League One,Leyton Orient,,,https://tmssl.akamaized.net//images/wappen/homepageSmall/1150.png?lm=1485645647,out,,Tobi Oluwayemi,,,,,,,23,GK,Goalkeeper,England,https://tmssl.akamaized.net//images/flagge/tiny/189.png?lm=1520611569,Without Club,,other,,€150k,0.15,?,,
England,en,2026-08-01 15:48 UTC,"Transfermarkt · England Premier League/Championship/League One/League Two (fees & values are estimates, EUR)",€,Premier League|Championship|League One|League Two,League One,Leyton Orient,,,https://tmssl.akamaized.net//images/wappen/homepageSmall/1150.png?lm=1485645647,out,,Diallang Jaiyesimi,,,,,,,28,RW,Right Winger,England,https://tmssl.akamaized.net//images/flagge/tiny/189.png?lm=1520611569,Without Club,,other,,€125k,0.125,?,,
England,en,2026-08-01 15:48 UTC,"Transfermarkt · England Premier League/Championship/League One/League Two (fees & values are estimates, EUR)",€,Premier League|Championship|League One|League Two,League One,Leyton Orient,,,https://tmssl.akamaized.net//images/wappen/homepageSmall/1150.png?lm=1485645647,out,,Josh Koroma,,,,,,,27,LW,Left Winger,Sierra Leone,https://tmssl.akamaized.net//images/flagge/tiny/152.png?lm=1520611569,Chesterfield,,loan,,€800k,0.8,Loan,,
England,en,2026-08-01 15:48 UTC,"Transfermarkt · England Premier League/Championship/League One/League Two (fees & values are estimates, EUR)",€,Premier League|Championship|League One|League Two,League One,Leyton Orient,,,https://tmssl.akamaized.net//images/wappen/homepageSmall/1150.png?lm=1485645647,out,,Somto Boniface,,,,,,,21,LB,Left-Back,England,https://tmssl.akamaized.net//images/flagge/tiny/189.png?lm=1520611569,Ipswich,,loan-return,,?,,End of loan,,
England,en,2026-08-01 15:48 UTC,"Transfermarkt · England Premier League/Championship/League One/League Two (fees & values are estimates, EUR)",€,Premier League|Championship|League One|League Two,League One,Leyton Orient,,,https://tmssl.akamaized.net//images/wappen/homepageSmall/1150.png?lm=1485645647,out,,Will Dennis,,,,,,,25,GK,Goalkeeper,England,https://tmssl.akamaized.net//images/flagge/tiny/189.png?lm=1520611569,Bournemouth,,loan-return,,€325k,0.325,End of loan,,
England,en,2026-08-01 15:48 UTC,"Transfermarkt · England Premier League/Championship/League One/League Two (fees & values are estimates, EUR)",€,Premier League|Championship|League One|League Two,League One,Leyton Orient,,,https://tmssl.akamaized.net//images/wappen/homepageSmall/1150.png?lm=1485645647,out,,Daniel Bachmann,,,,,,,31,GK,Goalkeeper,Austria,https://tmssl.akamaized.net//images/flagge/tiny/127.png?lm=1520611569,Watford,,loan-return,,€400k,0.4,End of loan,,
England,en,2026-08-01 15:48 UTC,"Transfermarkt · England Premier League/Championship/League One/League Two (fees & values are estimates, EUR)",€,Premier League|Championship|League One|League Two,League One,Leyton Orient,,,https://tmssl.akamaized.net//images/wappen/homepageSmall/1150.png?lm=1485645647,out,,Kaelan Casey,,,,,,,21,CB,Centre-Back,England,https://tmssl.akamaized.net//images/flagge/tiny/189.png?lm=1520611569,West Ham,,loan-return,,€900k,0.9,End of loan,,
England,en,2026-08-01 15:48 UTC,"Transfermarkt · England Premier League/Championship/League One/League Two (fees & values are estimates, EUR)",€,Premier League|Championship|League One|League Two,League One,Luton Town,,,https://tmssl.akamaized.net//images/wappen/homepageSmall/1031.png?lm=1457723228,in,,Gideon Kodua,,,,,,,21,CF,Centre-Forward,England,https://tmssl.akamaized.net//images/flagge/tiny/189.png?lm=1520611569,West Ham U21,,transfer,,€400k,0.4,€1.15m,1.15,
England,en,2026-08-01 15:48 UTC,"Transfermarkt · England Premier League/Championship/League One/League Two (fees & values are estimates, EUR)",€,Premier League|Championship|League One|League Two,League One,Luton Town,,,https://tmssl.akamaized.net//images/wappen/homepageSmall/1031.png?lm=1457723228,in,,Kasey Palmer,,,,,,,29,AM,Attacking Midfield,Jamaica,https://tmssl.akamaized.net//images/flagge/tiny/76.png?lm=1520611569,Hull City,,transfer,,€900k,0.9,€580k,0.58,
England,en,2026-08-01 15:48 UTC,"Transfermarkt · England Premier League/Championship/League One/League Two (fees & values are estimates, EUR)",€,Premier League|Championship|League One|League Two,League One,Luton Town,,,https://tmssl.akamaized.net//images/wappen/homepageSmall/1031.png?lm=1457723228,in,,George Johnston,,,,,,,27,CB,Centre-Back,Scotland,https://tmssl.akamaized.net//images/flagge/tiny/190.png?lm=1520611569,Bolton,,free,,€800k,0.8,Free,0.0,
England,en,2026-08-01 15:48 UTC,"Transfermarkt · England Premier League/Championship/League One/League Two (fees & values are estimates, EUR)",€,Premier League|Championship|League One|League Two,League One,Luton Town,,,https://tmssl.akamaized.net//images/wappen/homepageSmall/1031.png?lm=1457723228,in,,Callum Marshall,,,,,,,21,CF,Centre-Forward,Northern Ireland,https://tmssl.akamaized.net//images/flagge/tiny/192.png?lm=1520611569,West Ham,,other,,€2.00m,2.0,?,,
England,en,2026-08-01 15:48 UTC,"Transfermarkt · England Premier League/Championship/League One/League Two (fees & values are estimates, EUR)",€,Premier League|Championship|League One|League Two,League One,Luton Town,,,https://tmssl.akamaized.net//images/wappen/homepageSmall/1031.png?lm=1457723228,in,,Harrison Ashby,,,,,,,24,RB,Right-Back,Scotland,https://tmssl.akamaized.net//images/flagge/tiny/190.png?lm=1520611569,Newcastle,,loan,,€1.20m,1.2,Loan,,
England,en,2026-08-01 15:48 UTC,"Transfermarkt · England Premier League/Championship/League One/League Two (fees & values are estimates, EUR)",€,Premier League|Championship|League One|League Two,League One,Luton Town,,,https://tmssl.akamaized.net//images/wappen/homepageSmall/1031.png?lm=1457723228,in,,Oliver Lynch,,,,,,,21,CF,Centre-Forward,England,https://tmssl.akamaized.net//images/flagge/tiny/189.png?lm=1520611569,Luton U21,,promotion,,?,,Promotion,,
England,en,2026-08-01 15:48 UTC,"Transfermarkt · England Premier League/Championship/League One/League Two (fees & values are estimates, EUR)",€,Premier League|Championship|League One|League Two,League One,Luton Town,,,https://tmssl.akamaized.net//images/wappen/homepageSmall/1031.png?lm=1457723228,in,,Zack Nelson,,,,,,,21,AM,Attacking Midfield,England,https://tmssl.akamaized.net//images/flagge/tiny/189.png?lm=1520611569,AFC Wimbledon,,loan-return,,€600k,0.6,End of loan,,
England,en,2026-08-01 15:48 UTC,"Transfermarkt · England Premier League/Championship/League One/League Two (fees & values are estimates, EUR)",€,Premier League|Championship|League One|League Two,League One,Luton Town,,,https://tmssl.akamaized.net//images/wappen/homepageSmall/1031.png?lm=1457723228,in,,Cauley Woodrow,,,,,,,31,CF,Centre-Forward,England,https://tmssl.akamaized.net//images/flagge/tiny/189.png?lm=1520611569,Wycombe,,loan-return,,€400k,0.4,End of loan,,
England,en,2026-08-01 15:48 UTC,"Transfermarkt · England Premier League/Championship/League One/League Two (fees & values are estimates, EUR)",€,Premier League|Championship|League One|League Two,League One,Luton Town,,,https://tmssl.akamaized.net//images/wappen/homepageSmall/1031.png?lm=1457723228,in,,Lasse Nordås,,,,,,,24,CF,Centre-Forward,Norway,https://tmssl.akamaized.net//images/flagge/tiny/125.png?lm=1520611569,Heerenveen,,loan-return,,€3.50m,3.5,End of loan,,
England,en,2026-08-01 15:48 UTC,"Transfermarkt · England Premier League/Championship/League One/League Two (fees & values are estimates, EUR)",€,Premier League|Championship|League One|League Two,League One,Luton Town,,,https://tmssl.akamaized.net//images/wappen/homepageSmall/1031.png?lm=1457723228,in,,Joe Gbodé,,,,,,,22,CF,Centre-Forward,England,https://tmssl.akamaized.net//images/flagge/tiny/189.png?lm=1520611569,Shrewsbury,,loan-return,,€125k,0.125,End of loan,,
England,en,2026-08-01 15:48 UTC,"Transfermarkt · England Premier League/Championship/League One/League Two (fees & values are estimates, EUR)",€,Premier League|Championship|League One|League Two,League One,Luton Town,,,https://tmssl.akamaized.net//images/wappen/homepageSmall/1031.png?lm=1457723228,in,,Millenic Alli,,,,,,,26,LW,Left Winger,Ireland,https://tmssl.akamaized.net//images/flagge/tiny/72.png?lm=1520611569,Portsmouth,,loan-return,,€1.50m,1.5,End of loan,,
England,en,2026-08-01 15:48 UTC,"Transfermarkt · England Premier League/Championship/League One/League Two (fees & values are estimates, EUR)",€,Premier League|Championship|League One|League Two,League One,Luton Town,,,https://tmssl.akamaized.net//images/wappen/homepageSmall/1031.png?lm=1457723228,in,,Ethon Archer,,,,,,,23,LW,Left Winger,England,https://tmssl.akamaized.net//images/flagge/tiny/189.png?lm=1520611569,Port Vale,,loan-return,,€200k,0.2,End of loan,,
England,en,2026-08-01 15:48 UTC,"Transfermarkt · England Premier League/Championship/League One/League Two (fees & values are estimates, EUR)",€,Premier League|Championship|League One|League Two,League One,Luton Town,,,https://tmssl.akamaized.net//images/wappen/homepageSmall/1031.png?lm=1457723228,in,,Jerry Yates,,,,,,,29,CF,Centre-Forward,England,https://tmssl.akamaized.net//images/flagge/tiny/189.png?lm=1520611569,Sheff Wed,,loan-return,,€1.30m,1.3,End of loan,,
England,en,2026-08-01 15:48 UTC,"Transfermarkt · England Premier League/Championship/League One/League Two (fees & values are estimates, EUR)",€,Premier League|Championship|League One|League Two,League One,Luton Town,,,https://tmssl.akamaized.net//images/wappen/homepageSmall/1031.png?lm=1457723228,in,,Oliver Lynch,,,,,,,22,CF,Centre-Forward,England,https://tmssl.akamaized.net//images/flagge/tiny/189.png?lm=1520611569,Port Vale,,loan-return,,?,,End of loan,,
England,en,2026-08-01 15:48 UTC,"Transfermarkt · England Premier League/Championship/League One/League Two (fees & values are estimates, EUR)",€,Premier League|Championship|League One|League Two,League One,Luton Town,,,https://tmssl.akamaized.net//images/wappen/homepageSmall/1031.png?lm=1457723228,in,,Christ Makosso,,,,,,,22,CB,Centre-Back,Congo,https://tmssl.akamaized.net//images/flagge/tiny/85.png?lm=1520611569,Oxford United,,loan-return,,€800k,0.8,End of loan,,
England,en,2026-08-01 15:48 UTC,"Transfermarkt · England Premier League/Championship/League One/League Two (fees & values are estimates, EUR)",€,Premier League|Championship|League One|League Two,League One,Luton Town,,,https://tmssl.akamaized.net//images/wappen/homepageSmall/1031.png?lm=1457723228,in,,Reuell Walters,,,,,,,21,RB,Right-Back,England,https://tmssl.akamaized.net//images/flagge/tiny/189.png?lm=1520611569,Blackpool,,loan-return,,€2.50m,2.5,End of loan,,
England,en,2026-08-01 15:48 UTC,"Transfermarkt · England Premier League/Championship/League One/League Two (fees & values are estimates, EUR)",€,Premier League|Championship|League One|League Two,League One,Luton Town,,,https://tmssl.akamaized.net//images/wappen/homepageSmall/1031.png?lm=1457723228,in,,Jacob Brown,,,,,,,28,CF,Centre-Forward,Scotland,https://tmssl.akamaized.net//images/flagge/tiny/190.png?lm=1520611569,Portsmouth,,loan-return,,€1.00m,1.0,End of loan,,
England,en,2026-08-01 15:48 UTC,"Transfermarkt · England Premier League/Championship/League One/League Two (fees & values are estimates, EUR)",€,Premier League|Championship|League One|League Two,League One,Luton Town,,,https://tmssl.akamaized.net//images/wappen/homepageSmall/1031.png?lm=1457723228,out,,Christ Makosso,,,,,,,22,CB,Centre-Back,Congo,https://tmssl.akamaized.net//images/flagge/tiny/85.png?lm=1520611569,AJ Auxerre,,transfer,,€800k,0.8,€2.30m,2.3,
England,en,2026-08-01 15:48 UTC,"Transfermarkt · England Premier League/Championship/League One/League Two (fees & values are estimates, EUR)",€,Premier League|Championship|League One|League Two,League One,Luton Town,,,https://tmssl.akamaized.net//images/wappen/homepageSmall/1031.png?lm=1457723228,out,,Cohen Bramall,,,,,,,30,LB,Left-Back,England,https://tmssl.akamaized.net//images/flagge/tiny/189.png?lm=1520611569,MK Dons,,free,,€350k,0.35,Free,0.0,
England,en,2026-08-01 15:48 UTC,"Transfermarkt · England Premier League/Championship/League One/League Two (fees & values are estimates, EUR)",€,Premier League|Championship|League One|League Two,League One,Luton Town,,,https://tmssl.akamaized.net//images/wappen/homepageSmall/1031.png?lm=1457723228,out,,Jacob Brown,,,,,,,28,CF,Centre-Forward,Scotland,https://tmssl.akamaized.net//images/flagge/tiny/190.png?lm=1520611569,Reading,,free,,€1.00m,1.0,Free,0.0,
England,en,2026-08-01 15:48 UTC,"Transfermarkt · England Premier League/Championship/League One/League Two (fees & values are estimates, EUR)",€,Premier League|Championship|League One|League Two,League One,Luton Town,,,https://tmssl.akamaized.net//images/wappen/homepageSmall/1031.png?lm=1457723228,out,,Zack Nelson,,,,,,,21,AM,Attacking Midfield,England,https://tmssl.akamaized.net//images/flagge/tiny/189.png?lm=1520611569,AFC Wimbledon,,free,,€600k,0.6,Free,0.0,
England,en,2026-08-01 15:48 UTC,"Transfermarkt · England Premier League/Championship/League One/League Two (fees & values are estimates, EUR)",€,Premier League|Championship|League One|League Two,League One,Luton Town,,,https://tmssl.akamaized.net//images/wappen/homepageSmall/1031.png?lm=1457723228,out,,Joe Gbodé,,,,,,,21,CF,Centre-Forward,England,https://tmssl.akamaized.net//images/flagge/tiny/189.png?lm=1520611569,Shrewsbury,,loan,,€125k,0.125,Loan,,
England,en,2026-08-01 15:48 UTC,"Transfermarkt · England Premier League/Championship/League One/League Two (fees & values are estimates, EUR)",€,Premier League|Championship|League One|League Two,League One,Luton Town,,,https://tmssl.akamaized.net//images/wappen/homepageSmall/1031.png?lm=1457723228,out,,Millenic Alli,,,,,,,26,LW,Left Winger,Ireland,https://tmssl.akamaized.net//images/flagge/tiny/72.png?lm=1520611569,Charlton,,other,,€1.50m,1.5,?,,
England,en,2026-08-01 15:48 UTC,"Transfermarkt · England Premier League/Championship/League One/League Two (fees & values are estimates, EUR)",€,Premier League|Championship|League One|League Two,League One,Luton Town,,,https://tmssl.akamaized.net//images/wappen/homepageSmall/1031.png?lm=1457723228,out,,Cauley Woodrow,,,,,,,31,CF,Centre-Forward,England,https://tmssl.akamaized.net//images/flagge/tiny/189.png?lm=1520611569,Wycombe,,other,,€400k,0.4,?,,
England,en,2026-08-01 15:48 UTC,"Transfermarkt · England Premier League/Championship/League One/League Two (fees & values are estimates, EUR)",€,Premier League|Championship|League One|League Two,League One,Luton Town,,,https://tmssl.akamaized.net//images/wappen/homepageSmall/1031.png?lm=1457723228,out,,Ethon Archer,,,,,,,23,LW,Left Winger,England,https://tmssl.akamaized.net//images/flagge/tiny/189.png?lm=1520611569,Bromley,,loan,,€200k,0.2,Loan,,
England,en,2026-08-01 15:48 UTC,"Transfermarkt · England Premier League/Championship/League One/League Two (fees & values are estimates, EUR)",€,Premier League|Championship|League One|League Two,League One,Luton Town,,,https://tmssl.akamaized.net//images/wappen/homepageSmall/1031.png?lm=1457723228,out,,Elijah Adebayo,,,,,,,28,CF,Centre-Forward,England,https://tmssl.akamaized.net//images/flagge/tiny/189.png?lm=1520611569,Without Club,,other,,€2.00m,2.0,?,,
England,en,2026-08-01 15:48 UTC,"Transfermarkt · England Premier League/Championship/League One/League Two (fees & values are estimates, EUR)",€,Premier League|Championship|League One|League Two,League One,Luton Town,,,https://tmssl.akamaized.net//images/wappen/homepageSmall/1031.png?lm=1457723228,out,,Oliver Lynch,,,,,,,21,CF,Centre-Forward,England,https://tmssl.akamaized.net//images/flagge/tiny/189.png?lm=1520611569,Port Vale,,loan,,?,,Loan,,
England,en,2026-08-01 15:48 UTC,"Transfermarkt · England Premier League/Championship/League One/League Two (fees & values are estimates, EUR)",€,Premier League|Championship|League One|League Two,League One,Luton Town,,,https://tmssl.akamaized.net//images/wappen/homepageSmall/1031.png?lm=1457723228,out,,Ali Al-Hamadi,,,,,,,24,CF,Centre-Forward,Iraq,https://tmssl.akamaized.net//images/flagge/tiny/70.png?lm=1520611569,Ipswich,,loan-return,,€1.50m,1.5,End of loan,,
England,en,2026-08-01 15:48 UTC,"Transfermarkt · England Premier League/Championship/League One/League Two (fees & values are estimates, EUR)",€,Premier League|Championship|League One|League Two,League One,Luton Town,,,https://tmssl.akamaized.net//images/wappen/homepageSmall/1031.png?lm=1457723228,out,,Kasey Palmer,,,,,,,29,AM,Attacking Midfield,Jamaica,https://tmssl.akamaized.net//images/flagge/tiny/76.png?lm=1520611569,Hull City,,loan-return,,€900k,0.9,End of loan,,
England,en,2026-08-01 15:48 UTC,"Transfermarkt · England Premier League/Championship/League One/League Two (fees & values are estimates, EUR)",€,Premier League|Championship|League One|League Two,League One,Luton Town,,,https://tmssl.akamaized.net//images/wappen/homepageSmall/1031.png?lm=1457723228,out,,Harrison Ashby,,,,,,,25,RB,Right-Back,Scotland,https://tmssl.akamaized.net//images/flagge/tiny/190.png?lm=1520611569,Newcastle,,loan-return,,€1.20m,1.2,End of loan,,
England,en,2026-08-01 15:48 UTC,"Transfermarkt · England Premier League/Championship/League One/League Two (fees & values are estimates, EUR)",€,Premier League|Championship|League One|League Two,League One,Luton Town,,,https://tmssl.akamaized.net//images/wappen/homepageSmall/1031.png?lm=1457723228,out,,Davy van den Berg,,,,,,,26,CM,Central Midfield,Netherlands,https://tmssl.akamaized.net//images/flagge/tiny/122.png?lm=1520611569,Utrecht,,loan-return,,€1.20m,1.2,End of loan,,
England,en,2026-08-01 15:48 UTC,"Transfermarkt · England Premier League/Championship/League One/League Two (fees & values are estimates, EUR)",€,Premier League|Championship|League One|League Two,League One,Luton Town,,,https://tmssl.akamaized.net//images/wappen/homepageSmall/1031.png?lm=1457723228,out,,Gideon Kodua,,,,,,,21,CF,Centre-Forward,England,https://tmssl.akamaized.net//images/flagge/tiny/189.png?lm=1520611569,West Ham U21,,loan-return,,€400k,0.4,End of loan,,
England,en,2026-08-01 15:48 UTC,"Transfermarkt · England Premier League/Championship/League One/League Two (fees & values are estimates, EUR)",€,Premier League|Championship|League One|League Two,League One,Mansfield Town,,,https://tmssl.akamaized.net//images/wappen/homepageSmall/3820.png?lm=1738177410,in,,Jon Russell,,,,,,,25,CM,Central Midfield,Jamaica,https://tmssl.akamaized.net//images/flagge/tiny/76.png?lm=1520611569,Barnsley,,free,,€750k,0.75,Free,0.0,
England,en,2026-08-01 15:48 UTC,"Transfermarkt · England Premier League/Championship/League One/League Two (fees & values are estimates, EUR)",€,Premier League|Championship|League One|League Two,League One,Mansfield Town,,,https://tmssl.akamaized.net//images/wappen/homepageSmall/3820.png?lm=1738177410,in,,David McGoldrick,,,,,,,38,CF,Centre-Forward,Ireland,https://tmssl.akamaized.net//images/flagge/tiny/72.png?lm=1520611569,Barnsley,,free,,€25k,0.025,Free,0.0,
England,en,2026-08-01 15:48 UTC,"Transfermarkt · England Premier League/Championship/League One/League Two (fees & values are estimates, EUR)",€,Premier League|Championship|League One|League Two,League One,Mansfield Town,,,https://tmssl.akamaized.net//images/wappen/homepageSmall/3820.png?lm=1738177410,in,,Michael Smith,,,,,,,34,CF,Centre-Forward,England,https://tmssl.akamaized.net//images/flagge/tiny/189.png?lm=1520611569,Preston,,free,,€150k,0.15,Free,0.0,
England,en,2026-08-01 15:48 UTC,"Transfermarkt · England Premier League/Championship/League One/League Two (fees & values are estimates, EUR)",€,Premier League|Championship|League One|League Two,League One,Mansfield Town,,,https://tmssl.akamaized.net//images/wappen/homepageSmall/3820.png?lm=1738177410,out,,Jakub Kruszynski,,,,,,,21,AM,Attacking Midfield,Poland,https://tmssl.akamaized.net//images/flagge/tiny/135.png?lm=1520611569,Alfreton,,free,,?,,Free,0.0,
England,en,2026-08-01 15:48 UTC,"Transfermarkt · England Premier League/Championship/League One/League Two (fees & values are estimates, EUR)",€,Premier League|Championship|League One|League Two,League One,Mansfield Town,,,https://tmssl.akamaized.net//images/wappen/homepageSmall/3820.png?lm=1738177410,out,,George Cooper,,,,,,,23,CB,Centre-Back,England,https://tmssl.akamaized.net//images/flagge/tiny/189.png?lm=1520611569,Buxton,,free,,€75k,0.075,Free,0.0,
England,en,2026-08-01 15:48 UTC,"Transfermarkt · England Premier League/Championship/League One/League Two (fees & values are estimates, EUR)",€,Premier League|Championship|League One|League Two,League One,Mansfield Town,,,https://tmssl.akamaized.net//images/wappen/homepageSmall/3820.png?lm=1738177410,out,,Victor Adeboyejo,,,,,,,28,CF,Centre-Forward,Nigeria,https://tmssl.akamaized.net//images/flagge/tiny/124.png?lm=1520611569,Bromley,,free,,€400k,0.4,Free,0.0,
England,en,2026-08-01 15:48 UTC,"Transfermarkt · England Premier League/Championship/League One/League Two (fees & values are estimates, EUR)",€,Premier League|Championship|League One|League Two,League One,Mansfield Town,,,https://tmssl.akamaized.net//images/wappen/homepageSmall/3820.png?lm=1738177410,out,,Max Dickov,,,,,,,24,CF,Centre-Forward,England,https://tmssl.akamaized.net//images/flagge/tiny/189.png?lm=1520611569,Eastleigh,,free,,€100k,0.1,Free,0.0,
England,en,2026-08-01 15:48 UTC,"Transfermarkt · England Premier League/Championship/League One/League Two (fees & values are estimates, EUR)",€,Premier League|Championship|League One|League Two,League One,Mansfield Town,,,https://tmssl.akamaized.net//images/wappen/homepageSmall/3820.png?lm=1738177410,out,,Aaron Lewis,,,,,,,28,CM,Central Midfield,Wales,https://tmssl.akamaized.net//images/flagge/tiny/191.png?lm=1520611569,Without Club,,other,,€300k,0.3,?,,
England,en,2026-08-01 15:48 UTC,"Transfermarkt · England Premier League/Championship/League One/League Two (fees & values are estimates, EUR)",€,Premier League|Championship|League One|League Two,League One,Mansfield Town,,,https://tmssl.akamaized.net//images/wappen/homepageSmall/3820.png?lm=1738177410,out,,Dom Dwyer,,,,,,,35,CF,Centre-Forward,United States,https://tmssl.akamaized.net//images/flagge/tiny/184.png?lm=1520611569,Without Club,,other,,€50k,0.05,?,,
England,en,2026-08-01 15:48 UTC,"Transfermarkt · England Premier League/Championship/League One/League Two (fees & values are estimates, EUR)",€,Premier League|Championship|League One|League Two,League One,Mansfield Town,,,https://tmssl.akamaized.net//images/wappen/homepageSmall/3820.png?lm=1738177410,out,,Joe Gardner,,,,,,,21,CF,Centre-Forward,Ireland,https://tmssl.akamaized.net//images/flagge/tiny/72.png?lm=1520611569,Nottingham U21,,loan-return,,€200k,0.2,End of loan,,
England,en,2026-08-01 15:48 UTC,"Transfermarkt · England Premier League/Championship/League One/League Two (fees & values are estimates, EUR)",€,Premier League|Championship|League One|League Two,League One,Mansfield Town,,,https://tmssl.akamaized.net//images/wappen/homepageSmall/3820.png?lm=1738177410,out,,Jon Russell,,,,,,,25,CM,Central Midfield,Jamaica,https://tmssl.akamaized.net//images/flagge/tiny/76.png?lm=1520611569,Barnsley,,loan-return,,€750k,0.75,End of loan,,
England,en,2026-08-01 15:48 UTC,"Transfermarkt · England Premier League/Championship/League One/League Two (fees & values are estimates, EUR)",€,Premier League|Championship|League One|League Two,League One,Milton Keynes Dons,,,https://tmssl.akamaized.net//images/wappen/homepageSmall/991.png?lm=1748189020,in,,Sam Nombe,,,,,,,27,CF,Centre-Forward,England,https://tmssl.akamaized.net//images/flagge/tiny/189.png?lm=1520611569,Rotherham,,transfer,,€800k,0.8,€700k,0.7,
England,en,2026-08-01 15:48 UTC,"Transfermarkt · England Premier League/Championship/League One/League Two (fees & values are estimates, EUR)",€,Premier League|Championship|League One|League Two,League One,Milton Keynes Dons,,,https://tmssl.akamaized.net//images/wappen/homepageSmall/991.png?lm=1748189020,in,,Dan Barlaser,,,,,,,29,DM,Defensive Midfield,England,https://tmssl.akamaized.net//images/flagge/tiny/189.png?lm=1520611569,Middlesbrough,,free,,€1.20m,1.2,Free,0.0,
England,en,2026-08-01 15:48 UTC,"Transfermarkt · England Premier League/Championship/League One/League Two (fees & values are estimates, EUR)",€,Premier League|Championship|League One|League Two,League One,Milton Keynes Dons,,,https://tmssl.akamaized.net//images/wappen/homepageSmall/991.png?lm=1748189020,in,,Cohen Bramall,,,,,,,30,LB,Left-Back,England,https://tmssl.akamaized.net//images/flagge/tiny/189.png?lm=1520611569,Luton,,free,,€350k,0.35,Free,0.0,
England,en,2026-08-01 15:48 UTC,"Transfermarkt · England Premier League/Championship/League One/League Two (fees & values are estimates, EUR)",€,Premier League|Championship|League One|League Two,League One,Milton Keynes Dons,,,https://tmssl.akamaized.net//images/wappen/homepageSmall/991.png?lm=1748189020,in,,Charlie Goode,,,,,,,30,CB,Centre-Back,England,https://tmssl.akamaized.net//images/flagge/tiny/189.png?lm=1520611569,Stevenage,,free,,€300k,0.3,Free,0.0,
England,en,2026-08-01 15:48 UTC,"Transfermarkt · England Premier League/Championship/League One/League Two (fees & values are estimates, EUR)",€,Premier League|Championship|League One|League Two,League One,Milton Keynes Dons,,,https://tmssl.akamaized.net//images/wappen/homepageSmall/991.png?lm=1748189020,in,,Ryan Wintle,,,,,,,29,DM,Defensive Midfield,England,https://tmssl.akamaized.net//images/flagge/tiny/189.png?lm=1520611569,Cardiff,,free,,€3.00m,3.0,Free,0.0,
England,en,2026-08-01 15:48 UTC,"Transfermarkt · England Premier League/Championship/League One/League Two (fees & values are estimates, EUR)",€,Premier League|Championship|League One|League Two,League One,Milton Keynes Dons,,,https://tmssl.akamaized.net//images/wappen/homepageSmall/991.png?lm=1748189020,out,,Luke Offord,,,,,,,26,CB,Centre-Back,England,https://tmssl.akamaized.net//images/flagge/tiny/189.png?lm=1520611569,Crewe Alexandra,,free,,€450k,0.45,Free,0.0,
England,en,2026-08-01 15:48 UTC,"Transfermarkt · England Premier League/Championship/League One/League Two (fees & values are estimates, EUR)",€,Premier League|Championship|League One|League Two,League One,Milton Keynes Dons,,,https://tmssl.akamaized.net//images/wappen/homepageSmall/991.png?lm=1748189020,out,,Connal Trueman,,,,,,,30,GK,Goalkeeper,England,https://tmssl.akamaized.net//images/flagge/tiny/189.png?lm=1520611569,Sheff Wed,,free,,€75k,0.075,Free,0.0,
England,en,2026-08-01 15:48 UTC,"Transfermarkt · England Premier League/Championship/League One/League Two (fees & values are estimates, EUR)",€,Premier League|Championship|League One|League Two,League One,Milton Keynes Dons,,,https://tmssl.akamaized.net//images/wappen/homepageSmall/991.png?lm=1748189020,out,,Sam Sherring,,,,,,,26,CB,Centre-Back,England,https://tmssl.akamaized.net//images/flagge/tiny/189.png?lm=1520611569,Rochdale,,free,,€250k,0.25,Free,0.0,
England,en,2026-08-01 15:48 UTC,"Transfermarkt · England Premier League/Championship/League One/League Two (fees & values are estimates, EUR)",€,Premier League|Championship|League One|League Two,League One,Milton Keynes Dons,,,https://tmssl.akamaized.net//images/wappen/homepageSmall/991.png?lm=1748189020,out,,Laurence Maguire,,,,,,,29,CB,Centre-Back,England,https://tmssl.akamaized.net//images/flagge/tiny/189.png?lm=1520611569,Rochdale,,free,,€150k,0.15,Free,0.0,
England,en,2026-08-01 15:48 UTC,"Transfermarkt · England Premier League/Championship/League One/League Two (fees & values are estimates, EUR)",€,Premier League|Championship|League One|League Two,League One,Milton Keynes Dons,,,https://tmssl.akamaized.net//images/wappen/homepageSmall/991.png?lm=1748189020,out,,Aaron Nemane,,,,,,,28,RW,Right Winger,France,https://tmssl.akamaized.net//images/flagge/tiny/50.png?lm=1520611569,Rotherham,,free,,€300k,0.3,Free,0.0,
England,en,2026-08-01 15:48 UTC,"Transfermarkt · England Premier League/Championship/League One/League Two (fees & values are estimates, EUR)",€,Premier League|Championship|League One|League Two,League One,Milton Keynes Dons,,,https://tmssl.akamaized.net//images/wappen/homepageSmall/991.png?lm=1748189020,out,,Joe Tomlinson,,,,,,,26,LM,Left Midfield,England,https://tmssl.akamaized.net//images/flagge/tiny/189.png?lm=1520611569,Cheltenham,,free,,€250k,0.25,Free,0.0,
England,en,2026-08-01 15:48 UTC,"Transfermarkt · England Premier League/Championship/League One/League Two (fees & values are estimates, EUR)",€,Premier League|Championship|League One|League Two,League One,Milton Keynes Dons,,,https://tmssl.akamaized.net//images/wappen/homepageSmall/991.png?lm=1748189020,out,,Connor Lemonheigh-Evans,,,,,,,29,AM,Attacking Midfield,Wales,https://tmssl.akamaized.net//images/flagge/tiny/191.png?lm=1520611569,Northampton,,free,,€150k,0.15,Free,0.0,
England,en,2026-08-01 15:48 UTC,"Transfermarkt · England Premier League/Championship/League One/League Two (fees & values are estimates, EUR)",€,Premier League|Championship|League One|League Two,League One,Milton Keynes Dons,,,https://tmssl.akamaized.net//images/wappen/homepageSmall/991.png?lm=1748189020,out,,Kane Thompson-Sommers,,,,,,,25,CM,Central Midfield,England,https://tmssl.akamaized.net//images/flagge/tiny/189.png?lm=1520611569,Fleetwood,,other,,€150k,0.15,?,,
England,en,2026-08-01 15:48 UTC,"Transfermarkt · England Premier League/Championship/League One/League Two (fees & values are estimates, EUR)",€,Premier League|Championship|League One|League Two,League One,Milton Keynes Dons,,,https://tmssl.akamaized.net//images/wappen/homepageSmall/991.png?lm=1748189020,out,,Jonathan Leko,,,,,,,27,RW,Right Winger,England,https://tmssl.akamaized.net//images/flagge/tiny/189.png?lm=1520611569,Without Club,,other,,€100k,0.1,?,,
England,en,2026-08-01 15:48 UTC,"Transfermarkt · England Premier League/Championship/League One/League Two (fees & values are estimates, EUR)",€,Premier League|Championship|League One|League Two,League One,Milton Keynes Dons,,,https://tmssl.akamaized.net//images/wappen/homepageSmall/991.png?lm=1748189020,out,,Tom Finch,,,,,,,19,GK,Goalkeeper,England,https://tmssl.akamaized.net//images/flagge/tiny/189.png?lm=1520611569,Without Club,,other,,?,,?,,
England,en,2026-08-01 15:48 UTC,"Transfermarkt · England Premier League/Championship/League One/League Two (fees & values are estimates, EUR)",€,Premier League|Championship|League One|League Two,League One,Milton Keynes Dons,,,https://tmssl.akamaized.net//images/wappen/homepageSmall/991.png?lm=1748189020,out,,Phoenix Scholtz,,,,,,,20,RB,Right-Back,Northern Ireland,https://tmssl.akamaized.net//images/flagge/tiny/192.png?lm=1520611569,Without Club,,other,,?,,?,,
England,en,2026-08-01 15:48 UTC,"Transfermarkt · England Premier League/Championship/League One/League Two (fees & values are estimates, EUR)",€,Premier League|Championship|League One|League Two,League One,Milton Keynes Dons,,,https://tmssl.akamaized.net//images/wappen/homepageSmall/991.png?lm=1748189020,out,,Scott Hogan,,,,,,,34,CF,Centre-Forward,Ireland,https://tmssl.akamaized.net//images/flagge/tiny/72.png?lm=1520611569,Without Club,,other,,€150k,0.15,?,,
England,en,2026-08-01 15:48 UTC,"Transfermarkt · England Premier League/Championship/League One/League Two (fees & values are estimates, EUR)",€,Premier League|Championship|League One|League Two,League One,Milton Keynes Dons,,,https://tmssl.akamaized.net//images/wappen/homepageSmall/991.png?lm=1748189020,out,,Charlie Setford,,,,,,,22,GK,Goalkeeper,England,https://tmssl.akamaized.net//images/flagge/tiny/189.png?lm=1520611569,Ajax U21,,loan-return,,€200k,0.2,End of loan,,
England,en,2026-08-01 15:48 UTC,"Transfermarkt · England Premier League/Championship/League One/League Two (fees & values are estimates, EUR)",€,Premier League|Championship|League One|League Two,League One,Notts County,,,https://tmssl.akamaized.net//images/wappen/homepageSmall/1045.png?lm=1522153278,in,,James Gibbons,,,,,,,28,RB,Right-Back,England,https://tmssl.akamaized.net//images/flagge/tiny/189.png?lm=1520611569,Cambridge Utd.,,free,,€300k,0.3,Free,0.0,
England,en,2026-08-01 15:48 UTC,"Transfermarkt · England Premier League/Championship/League One/League Two (fees & values are estimates, EUR)",€,Premier League|Championship|League One|League Two,League One,Notts County,,,https://tmssl.akamaized.net//images/wappen/homepageSmall/1045.png?lm=1522153278,in,,Callum Roberts,,,,,,,29,RW,Right Winger,England,https://tmssl.akamaized.net//images/flagge/tiny/189.png?lm=1520611569,Scunthorpe Utd.,,free,,?,,Free,0.0,
England,en,2026-08-01 15:48 UTC,"Transfermarkt · England Premier League/Championship/League One/League Two (fees & values are estimates, EUR)",€,Premier League|Championship|League One|League Two,League One,Notts County,,,https://tmssl.akamaized.net//images/wappen/homepageSmall/1045.png?lm=1522153278,in,,Max Sanders,,,,,,,27,CM,Central Midfield,England,https://tmssl.akamaized.net//images/flagge/tiny/189.png?lm=1520611569,Crewe Alexandra,,free,,€400k,0.4,Free,0.0,
England,en,2026-08-01 15:48 UTC,"Transfermarkt · England Premier League/Championship/League One/League Two (fees & values are estimates, EUR)",€,Premier League|Championship|League One|League Two,League One,Notts County,,,https://tmssl.akamaized.net//images/wappen/homepageSmall/1045.png?lm=1522153278,in,,Matthew Baker,,,,,,,23,CB,Centre-Back,Wales,https://tmssl.akamaized.net//images/flagge/tiny/191.png?lm=1520611569,Newport County,,free,,€300k,0.3,Free,0.0,
England,en,2026-08-01 15:48 UTC,"Transfermarkt · England Premier League/Championship/League One/League Two (fees & values are estimates, EUR)",€,Premier League|Championship|League One|League Two,League One,Notts County,,,https://tmssl.akamaized.net//images/wappen/homepageSmall/1045.png?lm=1522153278,in,,Luka Smyth,,,,,,,22,CF,Centre-Forward,Australia,https://tmssl.akamaized.net//images/flagge/tiny/12.png?lm=1520611569,VPS,,other,,€100k,0.1,?,,
England,en,2026-08-01 15:48 UTC,"Transfermarkt · England Premier League/Championship/League One/League Two (fees & values are estimates, EUR)",€,Premier League|Championship|League One|League Two,League One,Notts County,,,https://tmssl.akamaized.net//images/wappen/homepageSmall/1045.png?lm=1522153278,in,,Jack Evans,,,,,,,25,DM,Defensive Midfield,England,https://tmssl.akamaized.net//images/flagge/tiny/189.png?lm=1520611569,Harrogate Town,,other,,€150k,0.15,?,,
England,en,2026-08-01 15:48 UTC,"Transfermarkt · England Premier League/Championship/League One/League Two (fees & values are estimates, EUR)",€,Premier League|Championship|League One|League Two,League One,Notts County,,,https://tmssl.akamaized.net//images/wappen/homepageSmall/1045.png?lm=1522153278,in,,Emile Acquah,,,,,,,25,CF,Centre-Forward,England,https://tmssl.akamaized.net//images/flagge/tiny/189.png?lm=1520611569,Dundee FC,,other,,€200k,0.2,?,,
England,en,2026-08-01 15:48 UTC,"Transfermarkt · England Premier League/Championship/League One/League Two (fees & values are estimates, EUR)",€,Premier League|Championship|League One|League Two,League One,Notts County,,,https://tmssl.akamaized.net//images/wappen/homepageSmall/1045.png?lm=1522153278,in,,Darius Lipsiuc,,,,,,,20,CM,Central Midfield,Ireland,https://tmssl.akamaized.net//images/flagge/tiny/72.png?lm=1520611569,Stoke U21,,other,,?,,?,,
England,en,2026-08-01 15:48 UTC,"Transfermarkt · England Premier League/Championship/League One/League Two (fees & values are estimates, EUR)",€,Premier League|Championship|League One|League Two,League One,Notts County,,,https://tmssl.akamaized.net//images/wappen/homepageSmall/1045.png?lm=1522153278,in,,Maï Traoré,,,,,,,26,CF,Centre-Forward,Guinea,https://tmssl.akamaized.net//images/flagge/tiny/59.png?lm=1520611569,Sligo Rovers,,loan-return,,€175k,0.175,End of loan,,
England,en,2026-08-01 15:48 UTC,"Transfermarkt · England Premier League/Championship/League One/League Two (fees & values are estimates, EUR)",€,Premier League|Championship|League One|League Two,League One,Notts County,,,https://tmssl.akamaized.net//images/wappen/homepageSmall/1045.png?lm=1522153278,out,,Keanan Bennetts,,,,,,,27,LB,Left-Back,Germany,https://tmssl.akamaized.net//images/flagge/tiny/40.png?lm=1520612525,FC Ingolstadt,,free,,€250k,0.25,Free,0.0,
England,en,2026-08-01 15:48 UTC,"Transfermarkt · England Premier League/Championship/League One/League Two (fees & values are estimates, EUR)",€,Premier League|Championship|League One|League Two,League One,Notts County,,,https://tmssl.akamaized.net//images/wappen/homepageSmall/1045.png?lm=1522153278,out,,Oliver Norburn,,,,,,,33,CM,Central Midfield,Grenada,https://tmssl.akamaized.net//images/flagge/tiny/55.png?lm=1520611569,Oldham Athletic,,free,,€75k,0.075,Free,0.0,
England,en,2026-08-01 15:48 UTC,"Transfermarkt · England Premier League/Championship/League One/League Two (fees & values are estimates, EUR)",€,Premier League|Championship|League One|League Two,League One,Notts County,,,https://tmssl.akamaized.net//images/wappen/homepageSmall/1045.png?lm=1522153278,out,,Jack Hinchy,,,,,,,23,DM,Defensive Midfield,England,https://tmssl.akamaized.net//images/flagge/tiny/189.png?lm=1520611569,Altrincham,,free,,€100k,0.1,Free,0.0,
England,en,2026-08-01 15:48 UTC,"Transfermarkt · England Premier League/Championship/League One/League Two (fees & values are estimates, EUR)",€,Premier League|Championship|League One|League Two,League One,Notts County,,,https://tmssl.akamaized.net//images/wappen/homepageSmall/1045.png?lm=1522153278,out,,Madou Cisse,,,,,,,21,LM,Left Midfield,Spain,https://tmssl.akamaized.net//images/flagge/tiny/157.png?lm=1520611569,Quorn FC,,free,,?,,Free,0.0,
England,en,2026-08-01 15:48 UTC,"Transfermarkt · England Premier League/Championship/League One/League Two (fees & values are estimates, EUR)",€,Premier League|Championship|League One|League Two,League One,Notts County,,,https://tmssl.akamaized.net//images/wappen/homepageSmall/1045.png?lm=1522153278,out,,Alassana Jatta,,,,,,,27,CF,Centre-Forward,The Gambia,https://tmssl.akamaized.net//images/flagge/tiny/52.png?lm=1520611569,Casa Pia,,other,,€600k,0.6,?,,
England,en,2026-08-01 15:48 UTC,"Transfermarkt · England Premier League/Championship/League One/League Two (fees & values are estimates, EUR)",€,Premier League|Championship|League One|League Two,League One,Notts County,,,https://tmssl.akamaized.net//images/wappen/homepageSmall/1045.png?lm=1522153278,out,,Matthew Dennis,,,,,,,24,CF,Centre-Forward,England,https://tmssl.akamaized.net//images/flagge/tiny/189.png?lm=1520611569,Burton Albion,,other,,€275k,0.275,?,,
England,en,2026-08-01 15:48 UTC,"Transfermarkt · England Premier League/Championship/League One/League Two (fees & values are estimates, EUR)",€,Premier League|Championship|League One|League Two,League One,Notts County,,,https://tmssl.akamaized.net//images/wappen/homepageSmall/1045.png?lm=1522153278,out,,Milai Perott,,,,,,,22,GK,Goalkeeper,Bermuda,https://tmssl.akamaized.net//images/flagge/tiny/211.png?lm=1520611569,Without Club,,other,,?,,?,,
England,en,2026-08-01 15:48 UTC,"Transfermarkt · England Premier League/Championship/League One/League Two (fees & values are estimates, EUR)",€,Premier League|Championship|League One|League Two,League One,Notts County,,,https://tmssl.akamaized.net//images/wappen/homepageSmall/1045.png?lm=1522153278,out,,Harald Tangen,,,,,,,25,AM,Attacking Midfield,Norway,https://tmssl.akamaized.net//images/flagge/tiny/125.png?lm=1520611569,Sarpsborg 08,,loan-return,,€500k,0.5,End of loan,,
England,en,2026-08-01 15:48 UTC,"Transfermarkt · England Premier League/Championship/League One/League Two (fees & values are estimates, EUR)",€,Premier League|Championship|League One|League Two,League One,Notts County,,,https://tmssl.akamaized.net//images/wappen/homepageSmall/1045.png?lm=1522153278,out,,Jayden Luker,,,,,,,21,CM,Central Midfield,England,https://tmssl.akamaized.net//images/flagge/tiny/189.png?lm=1520611569,Luton U21,,loan-return,,€150k,0.15,End of loan,,
England,en,2026-08-01 15:48 UTC,"Transfermarkt · England Premier League/Championship/League One/League Two (fees & values are estimates, EUR)",€,Premier League|Championship|League One|League Two,League One,Notts County,,,https://tmssl.akamaized.net//images/wappen/homepageSmall/1045.png?lm=1522153278,out,,Tom Iorpenda,,,,,,,21,CM,Central Midfield,England,https://tmssl.akamaized.net//images/flagge/tiny/189.png?lm=1520611569,Huddersfield,,loan-return,,€175k,0.175,End of loan,,
England,en,2026-08-01 15:48 UTC,"Transfermarkt · England Premier League/Championship/League One/League Two (fees & values are estimates, EUR)",€,Premier League|Championship|League One|League Two,League One,Oxford United,,,https://tmssl.akamaized.net//images/wappen/homepageSmall/988.png?lm=1522938199,in,,Nik Prelec,,,,,,,25,CF,Centre-Forward,Slovenia,https://tmssl.akamaized.net//images/flagge/tiny/155.png?lm=1520611569,Cagliari,,transfer,,€1.00m,1.0,€1.00m,1.0,
England,en,2026-08-01 15:48 UTC,"Transfermarkt · England Premier League/Championship/League One/League Two (fees & values are estimates, EUR)",€,Premier League|Championship|League One|League Two,League One,Oxford United,,,https://tmssl.akamaized.net//images/wappen/homepageSmall/988.png?lm=1522938199,in,,Frankie Kent,,,,,,,30,CB,Centre-Back,England,https://tmssl.akamaized.net//images/flagge/tiny/189.png?lm=1520611569,Heart of Midl.,,free,,€400k,0.4,Free,0.0,
England,en,2026-08-01 15:48 UTC,"Transfermarkt · England Premier League/Championship/League One/League Two (fees & values are estimates, EUR)",€,Premier League|Championship|League One|League Two,League One,Oxford United,,,https://tmssl.akamaized.net//images/wappen/homepageSmall/988.png?lm=1522938199,in,,Ruben Roosken,,,,,,,26,LB,Left-Back,Netherlands,https://tmssl.akamaized.net//images/flagge/tiny/122.png?lm=1520611569,Huddersfield,,other,,€500k,0.5,?,,
England,en,2026-08-01 15:48 UTC,"Transfermarkt · England Premier League/Championship/League One/League Two (fees & values are estimates, EUR)",€,Premier League|Championship|League One|League Two,League One,Oxford United,,,https://tmssl.akamaized.net//images/wappen/homepageSmall/988.png?lm=1522938199,in,,Louie Sibley,,,,,,,24,CM,Central Midfield,England,https://tmssl.akamaized.net//images/flagge/tiny/189.png?lm=1520611569,Bradford,,loan-return,,€1.20m,1.2,End of loan,,
England,en,2026-08-01 15:48 UTC,"Transfermarkt · England Premier League/Championship/League One/League Two (fees & values are estimates, EUR)",€,Premier League|Championship|League One|League Two,League One,Oxford United,,,https://tmssl.akamaized.net//images/wappen/homepageSmall/988.png?lm=1522938199,in,,Marselino Ferdinan,,,,,,,21,AM,Attacking Midfield,Indonesia,https://tmssl.akamaized.net//images/flagge/tiny/68.png?lm=1520611569,AS Trencin,,loan-return,,€100k,0.1,End of loan,,
England,en,2026-08-01 15:48 UTC,"Transfermarkt · England Premier League/Championship/League One/League Two (fees & values are estimates, EUR)",€,Premier League|Championship|League One|League Two,League One,Oxford United,,,https://tmssl.akamaized.net//images/wappen/homepageSmall/988.png?lm=1522938199,out,,Stuart Findlay,,,,,,,30,CB,Centre-Back,Scotland,https://tmssl.akamaized.net//images/flagge/tiny/190.png?lm=1520611569,Heart of Midl.,,free,,€700k,0.7,Free,0.0,
England,en,2026-08-01 15:48 UTC,"Transfermarkt · England Premier League/Championship/League One/League Two (fees & values are estimates, EUR)",€,Premier League|Championship|League One|League Two,League One,Oxford United,,,https://tmssl.akamaized.net//images/wappen/homepageSmall/988.png?lm=1522938199,out,,Stephan Negru,,,,,,,23,CB,Centre-Back,Moldova,https://tmssl.akamaized.net//images/flagge/tiny/112.png?lm=1520611569,Swindon Town,,free,,€175k,0.175,Free,0.0,
England,en,2026-08-01 15:48 UTC,"Transfermarkt · England Premier League/Championship/League One/League Two (fees & values are estimates, EUR)",€,Premier League|Championship|League One|League Two,League One,Oxford United,,,https://tmssl.akamaized.net//images/wappen/homepageSmall/988.png?lm=1522938199,out,,Joshua Johnson,,,,,,,21,CM,Central Midfield,England,https://tmssl.akamaized.net//images/flagge/tiny/189.png?lm=1520611569,Maidenhead Utd.,,free,,?,,Free,0.0,
England,en,2026-08-01 15:48 UTC,"Transfermarkt · England Premier League/Championship/League One/League Two (fees & values are estimates, EUR)",€,Premier League|Championship|League One|League Two,League One,Oxford United,,,https://tmssl.akamaized.net//images/wappen/homepageSmall/988.png?lm=1522938199,out,,Myles Peart-Harris,,,,,,,23,AM,Attacking Midfield,Jamaica,https://tmssl.akamaized.net//images/flagge/tiny/76.png?lm=1520611569,Middlesbrough,,free,,€900k,0.9,Free,0.0,
England,en,2026-08-01 15:48 UTC,"Transfermarkt · England Premier League/Championship/League One/League Two (fees & values are estimates, EUR)",€,Premier League|Championship|League One|League Two,League One,Oxford United,,,https://tmssl.akamaized.net//images/wappen/homepageSmall/988.png?lm=1522938199,out,,Will Goodwin,,,,,,,24,CF,Centre-Forward,England,https://tmssl.akamaized.net//images/flagge/tiny/189.png?lm=1520611569,Gillingham,,free,,€250k,0.25,Free,0.0,
England,en,2026-08-01 15:48 UTC,"Transfermarkt · England Premier League/Championship/League One/League Two (fees & values are estimates, EUR)",€,Premier League|Championship|League One|League Two,League One,Oxford United,,,https://tmssl.akamaized.net//images/wappen/homepageSmall/988.png?lm=1522938199,out,,Hidde ter Avest,,,,,,,29,RB,Right-Back,Netherlands,https://tmssl.akamaized.net//images/flagge/tiny/122.png?lm=1520611569,Willem II,,free,,€800k,0.8,Free,0.0,
England,en,2026-08-01 15:48 UTC,"Transfermarkt · England Premier League/Championship/League One/League Two (fees & values are estimates, EUR)",€,Premier League|Championship|League One|League Two,League One,Oxford United,,,https://tmssl.akamaized.net//images/wappen/homepageSmall/988.png?lm=1522938199,out,,Przemysław Płacheta,,,,,,,28,LW,Left Winger,Poland,https://tmssl.akamaized.net//images/flagge/tiny/135.png?lm=1520611569,Austin,,free,,€1.00m,1.0,Free,0.0,
England,en,2026-08-01 15:48 UTC,"Transfermarkt · England Premier League/Championship/League One/League Two (fees & values are estimates, EUR)",€,Premier League|Championship|League One|League Two,League One,Oxford United,,,https://tmssl.akamaized.net//images/wappen/homepageSmall/988.png?lm=1522938199,out,,Nik Prelec,,,,,,,25,CF,Centre-Forward,Slovenia,https://tmssl.akamaized.net//images/flagge/tiny/155.png?lm=1520611569,Jagiellonia,,other,,€1.00m,1.0,?,,
England,en,2026-08-01 15:48 UTC,"Transfermarkt · England Premier League/Championship/League One/League Two (fees & values are estimates, EUR)",€,Premier League|Championship|League One|League Two,League One,Oxford United,,,https://tmssl.akamaized.net//images/wappen/homepageSmall/988.png?lm=1522938199,out,,Matt Ingram,,,,,,,32,GK,Goalkeeper,England,https://tmssl.akamaized.net//images/flagge/tiny/189.png?lm=1520611569,West Brom,,other,,€300k,0.3,?,,
England,en,2026-08-01 15:48 UTC,"Transfermarkt · England Premier League/Championship/League One/League Two (fees & values are estimates, EUR)",€,Premier League|Championship|League One|League Two,League One,Oxford United,,,https://tmssl.akamaized.net//images/wappen/homepageSmall/988.png?lm=1522938199,out,,Ole Romeny,,,,,,,26,CF,Centre-Forward,Indonesia,https://tmssl.akamaized.net//images/flagge/tiny/68.png?lm=1520611569,Fortuna Sittard,,loan,,€800k,0.8,Loan,,
England,en,2026-08-01 15:48 UTC,"Transfermarkt · England Premier League/Championship/League One/League Two (fees & values are estimates, EUR)",€,Premier League|Championship|League One|League Two,League One,Oxford United,,,https://tmssl.akamaized.net//images/wappen/homepageSmall/988.png?lm=1522938199,out,,Tom Bradshaw,,,,,,,33,CF,Centre-Forward,Wales,https://tmssl.akamaized.net//images/flagge/tiny/191.png?lm=1520611569,Without Club,,other,,€200k,0.2,?,,
England,en,2026-08-01 15:48 UTC,"Transfermarkt · England Premier League/Championship/League One/League Two (fees & values are estimates, EUR)",€,Premier League|Championship|League One|League Two,League One,Oxford United,,,https://tmssl.akamaized.net//images/wappen/homepageSmall/988.png?lm=1522938199,out,,Owen Dale,,,,,,,27,RW,Right Winger,England,https://tmssl.akamaized.net//images/flagge/tiny/189.png?lm=1520611569,Without Club,,other,,€450k,0.45,?,,
England,en,2026-08-01 15:48 UTC,"Transfermarkt · England Premier League/Championship/League One/League Two (fees & values are estimates, EUR)",€,Premier League|Championship|League One|League Two,League One,Oxford United,,,https://tmssl.akamaized.net//images/wappen/homepageSmall/988.png?lm=1522938199,out,,Jacob Knightbridge,,,,,,,22,GK,Goalkeeper,England,https://tmssl.akamaized.net//images/flagge/tiny/189.png?lm=1520611569,Without Club,,other,,?,,?,,
England,en,2026-08-01 15:48 UTC,"Transfermarkt · England Premier League/Championship/League One/League Two (fees & values are estimates, EUR)",€,Premier League|Championship|League One|League Two,League One,Oxford United,,,https://tmssl.akamaized.net//images/wappen/homepageSmall/988.png?lm=1522938199,out,,Nik Prelec,,,,,,,25,CF,Centre-Forward,Slovenia,https://tmssl.akamaized.net//images/flagge/tiny/155.png?lm=1520611569,Cagliari,,loan-return,,€1.00m,1.0,End of loan,,
England,en,2026-08-01 15:48 UTC,"Transfermarkt · England Premier League/Championship/League One/League Two (fees & values are estimates, EUR)",€,Premier League|Championship|League One|League Two,League One,Oxford United,,,https://tmssl.akamaized.net//images/wappen/homepageSmall/988.png?lm=1522938199,out,,Ruben Roosken,,,,,,,26,LB,Left-Back,Netherlands,https://tmssl.akamaized.net//images/flagge/tiny/122.png?lm=1520611569,Huddersfield,,loan-return,,€500k,0.5,End of loan,,
England,en,2026-08-01 15:48 UTC,"Transfermarkt · England Premier League/Championship/League One/League Two (fees & values are estimates, EUR)",€,Premier League|Championship|League One|League Two,League One,Oxford United,,,https://tmssl.akamaized.net//images/wappen/homepageSmall/988.png?lm=1522938199,out,,Christ Makosso,,,,,,,22,CB,Centre-Back,Congo,https://tmssl.akamaized.net//images/flagge/tiny/85.png?lm=1520611569,Luton,,loan-return,,€800k,0.8,End of loan,,
England,en,2026-08-01 15:48 UTC,"Transfermarkt · England Premier League/Championship/League One/League Two (fees & values are estimates, EUR)",€,Premier League|Championship|League One|League Two,League One,Oxford United,,,https://tmssl.akamaized.net//images/wappen/homepageSmall/988.png?lm=1522938199,out,,Jamie Donley,,,,,,,21,AM,Attacking Midfield,Northern Ireland,https://tmssl.akamaized.net//images/flagge/tiny/192.png?lm=1520611569,Tottenham U21,,loan-return,,€1.50m,1.5,End of loan,,
England,en,2026-08-01 15:48 UTC,"Transfermarkt · England Premier League/Championship/League One/League Two (fees & values are estimates, EUR)",€,Premier League|Championship|League One|League Two,League One,Oxford United,,,https://tmssl.akamaized.net//images/wappen/homepageSmall/988.png?lm=1522938199,out,,Ben Davies,,,,,,,30,CB,Centre-Back,England,https://tmssl.akamaized.net//images/flagge/tiny/189.png?lm=1520611569,Rangers,,loan-return,,€800k,0.8,End of loan,,
England,en,2026-08-01 15:48 UTC,"Transfermarkt · England Premier League/Championship/League One/League Two (fees & values are estimates, EUR)",€,Premier League|Championship|League One|League Two,League One,Peterborough United,,,https://tmssl.akamaized.net//images/wappen/homepageSmall/1072.png?lm=1782932393,in,,Evan Weir,,,,,,,24,LB,Left-Back,Ireland,https://tmssl.akamaized.net//images/flagge/tiny/72.png?lm=1520611569,Walsall,,free,,€300k,0.3,Free,0.0,
England,en,2026-08-01 15:48 UTC,"Transfermarkt · England Premier League/Championship/League One/League Two (fees & values are estimates, EUR)",€,Premier League|Championship|League One|League Two,League One,Peterborough United,,,https://tmssl.akamaized.net//images/wappen/homepageSmall/1072.png?lm=1782932393,in,,Harrison Jones,,,,,,,21,AM,Attacking Midfield,England,https://tmssl.akamaized.net//images/flagge/tiny/189.png?lm=1520611569,Sunderland,,free,,€150k,0.15,Free,0.0,
England,en,2026-08-01 15:48 UTC,"Transfermarkt · England Premier League/Championship/League One/League Two (fees & values are estimates, EUR)",€,Premier League|Championship|League One|League Two,League One,Peterborough United,,,https://tmssl.akamaized.net//images/wappen/homepageSmall/1072.png?lm=1782932393,in,,Owura Edwards,,,,,,,25,LW,Left Winger,England,https://tmssl.akamaized.net//images/flagge/tiny/189.png?lm=1520611569,Colchester Utd.,,free,,€200k,0.2,Free,0.0,
England,en,2026-08-01 15:48 UTC,"Transfermarkt · England Premier League/Championship/League One/League Two (fees & values are estimates, EUR)",€,Premier League|Championship|League One|League Two,League One,Peterborough United,,,https://tmssl.akamaized.net//images/wappen/homepageSmall/1072.png?lm=1782932393,in,,Thomas O'Connor,,,,,,,27,CB,Centre-Back,Ireland,https://tmssl.akamaized.net//images/flagge/tiny/72.png?lm=1520611569,Wrexham,,free,,€500k,0.5,Free,0.0,
England,en,2026-08-01 15:48 UTC,"Transfermarkt · England Premier League/Championship/League One/League Two (fees & values are estimates, EUR)",€,Premier League|Championship|League One|League Two,League One,Peterborough United,,,https://tmssl.akamaized.net//images/wappen/homepageSmall/1072.png?lm=1782932393,in,,Collin Andeng-Ndi,,,,,,,22,GK,Goalkeeper,Cameroon,https://tmssl.akamaized.net//images/flagge/tiny/31.png?lm=1520611569,Southend United,,other,,?,,?,,
England,en,2026-08-01 15:48 UTC,"Transfermarkt · England Premier League/Championship/League One/League Two (fees & values are estimates, EUR)",€,Premier League|Championship|League One|League Two,League One,Peterborough United,,,https://tmssl.akamaized.net//images/wappen/homepageSmall/1072.png?lm=1782932393,in,,Lucca Mendonca,,,,,,,18,CB,Centre-Back,England,https://tmssl.akamaized.net//images/flagge/tiny/189.png?lm=1520611569,Peterboro U21,,promotion,,?,,Promotion,,
England,en,2026-08-01 15:48 UTC,"Transfermarkt · England Premier League/Championship/League One/League Two (fees & values are estimates, EUR)",€,Premier League|Championship|League One|League Two,League One,Peterborough United,,,https://tmssl.akamaized.net//images/wappen/homepageSmall/1072.png?lm=1782932393,in,,Bradley Ihionvien,,,,,,,23,CF,Centre-Forward,England,https://tmssl.akamaized.net//images/flagge/tiny/189.png?lm=1520611569,Colchester Utd.,,loan-return,,€75k,0.075,End of loan,,
England,en,2026-08-01 15:48 UTC,"Transfermarkt · England Premier League/Championship/League One/League Two (fees & values are estimates, EUR)",€,Premier League|Championship|League One|League Two,League One,Peterborough United,,,https://tmssl.akamaized.net//images/wappen/homepageSmall/1072.png?lm=1782932393,in,,Pemi Aderoju,,,,,,,23,CF,Centre-Forward,England,https://tmssl.akamaized.net//images/flagge/tiny/189.png?lm=1520611569,Crawley Town,,loan-return,,€100k,0.1,End of loan,,
England,en,2026-08-01 15:48 UTC,"Transfermarkt · England Premier League/Championship/League One/League Two (fees & values are estimates, EUR)",€,Premier League|Championship|League One|League Two,League One,Peterborough United,,,https://tmssl.akamaized.net//images/wappen/homepageSmall/1072.png?lm=1782932393,out,,Tom Lees,,,,,,,35,CB,Centre-Back,England,https://tmssl.akamaized.net//images/flagge/tiny/189.png?lm=1520611569,Harrogate Town,,free,,€125k,0.125,Free,0.0,
England,en,2026-08-01 15:48 UTC,"Transfermarkt · England Premier League/Championship/League One/League Two (fees & values are estimates, EUR)",€,Premier League|Championship|League One|League Two,League One,Peterborough United,,,https://tmssl.akamaized.net//images/wappen/homepageSmall/1072.png?lm=1782932393,out,,Jacob Mendy,,,,,,,29,LB,Left-Back,The Gambia,https://tmssl.akamaized.net//images/flagge/tiny/52.png?lm=1520611569,Bromley,,free,,€125k,0.125,Free,0.0,
England,en,2026-08-01 15:48 UTC,"Transfermarkt · England Premier League/Championship/League One/League Two (fees & values are estimates, EUR)",€,Premier League|Championship|League One|League Two,League One,Peterborough United,,,https://tmssl.akamaized.net//images/wappen/homepageSmall/1072.png?lm=1782932393,out,,Abraham Odoh,,,,,,,25,LW,Left Winger,England,https://tmssl.akamaized.net//images/flagge/tiny/189.png?lm=1520611569,Salford,,other,,€200k,0.2,?,,
England,en,2026-08-01 15:48 UTC,"Transfermarkt · England Premier League/Championship/League One/League Two (fees & values are estimates, EUR)",€,Premier League|Championship|League One|League Two,League One,Peterborough United,,,https://tmssl.akamaized.net//images/wappen/homepageSmall/1072.png?lm=1782932393,out,,Cian Hayes,,,,,,,23,RW,Right Winger,Ireland,https://tmssl.akamaized.net//images/flagge/tiny/72.png?lm=1520611569,Rochdale,,other,,€325k,0.325,?,,
England,en,2026-08-01 15:48 UTC,"Transfermarkt · England Premier League/Championship/League One/League Two (fees & values are estimates, EUR)",€,Premier League|Championship|League One|League Two,League One,Peterborough United,,,https://tmssl.akamaized.net//images/wappen/homepageSmall/1072.png?lm=1782932393,out,,Kyrell Lisbie,,,,,,,22,LW,Left Winger,England,https://tmssl.akamaized.net//images/flagge/tiny/189.png?lm=1520611569,Millwall,,other,,€225k,0.225,?,,
England,en,2026-08-01 15:48 UTC,"Transfermarkt · England Premier League/Championship/League One/League Two (fees & values are estimates, EUR)",€,Premier League|Championship|League One|League Two,League One,Peterborough United,,,https://tmssl.akamaized.net//images/wappen/homepageSmall/1072.png?lm=1782932393,out,,Pemi Aderoju,,,,,,,22,CF,Centre-Forward,England,https://tmssl.akamaized.net//images/flagge/tiny/189.png?lm=1520611569,Crawley Town,,loan,,€100k,0.1,Loan,,
England,en,2026-08-01 15:48 UTC,"Transfermarkt · England Premier League/Championship/League One/League Two (fees & values are estimates, EUR)",€,Premier League|Championship|League One|League Two,League One,Peterborough United,,,https://tmssl.akamaized.net//images/wappen/homepageSmall/1072.png?lm=1782932393,out,,Archie Collins,,,,,,,26,DM,Defensive Midfield,England,https://tmssl.akamaized.net//images/flagge/tiny/189.png?lm=1520611569,Without Club,,other,,€800k,0.8,?,,
England,en,2026-08-01 15:48 UTC,"Transfermarkt · England Premier League/Championship/League One/League Two (fees & values are estimates, EUR)",€,Premier League|Championship|League One|League Two,League One,Peterborough United,,,https://tmssl.akamaized.net//images/wappen/homepageSmall/1072.png?lm=1782932393,out,,Bradley Ihionvien,,,,,,,22,CF,Centre-Forward,England,https://tmssl.akamaized.net//images/flagge/tiny/189.png?lm=1520611569,Colchester Utd.,,loan,,€75k,0.075,Loan,,
England,en,2026-08-01 15:48 UTC,"Transfermarkt · England Premier League/Championship/League One/League Two (fees & values are estimates, EUR)",€,Premier League|Championship|League One|League Two,League One,Plymouth Argyle,,,https://tmssl.akamaized.net//images/wappen/homepageSmall/2262.png?lm=1411464792,in,,Murphy Cooper,,,,,,,24,GK,Goalkeeper,England,https://tmssl.akamaized.net//images/flagge/tiny/189.png?lm=1520611569,QPR,,transfer,,€400k,0.4,€290k,0.29,
England,en,2026-08-01 15:48 UTC,"Transfermarkt · England Premier League/Championship/League One/League Two (fees & values are estimates, EUR)",€,Premier League|Championship|League One|League Two,League One,Plymouth Argyle,,,https://tmssl.akamaized.net//images/wappen/homepageSmall/2262.png?lm=1411464792,in,,Alex Hartridge,,,,,,,27,CB,Centre-Back,England,https://tmssl.akamaized.net//images/flagge/tiny/189.png?lm=1520611569,Burton Albion,,free,,€450k,0.45,Free,0.0,
England,en,2026-08-01 15:48 UTC,"Transfermarkt · England Premier League/Championship/League One/League Two (fees & values are estimates, EUR)",€,Premier League|Championship|League One|League Two,League One,Plymouth Argyle,,,https://tmssl.akamaized.net//images/wappen/homepageSmall/2262.png?lm=1411464792,in,,Harvey White,,,,,,,24,DM,Defensive Midfield,England,https://tmssl.akamaized.net//images/flagge/tiny/189.png?lm=1520611569,Stevenage,,free,,€700k,0.7,Free,0.0,
England,en,2026-08-01 15:48 UTC,"Transfermarkt · England Premier League/Championship/League One/League Two (fees & values are estimates, EUR)",€,Premier League|Championship|League One|League Two,League One,Plymouth Argyle,,,https://tmssl.akamaized.net//images/wappen/homepageSmall/2262.png?lm=1411464792,in,,James Storer,,,,,,,21,GK,Goalkeeper,Ireland,https://tmssl.akamaized.net//images/flagge/tiny/72.png?lm=1520611569,Wolves U21,,free,,€75k,0.075,Free,0.0,
England,en,2026-08-01 15:48 UTC,"Transfermarkt · England Premier League/Championship/League One/League Two (fees & values are estimates, EUR)",€,Premier League|Championship|League One|League Two,League One,Plymouth Argyle,,,https://tmssl.akamaized.net//images/wappen/homepageSmall/2262.png?lm=1411464792,in,,Wes Harding,,,,,,,29,CB,Centre-Back,Jamaica,https://tmssl.akamaized.net//images/flagge/tiny/76.png?lm=1520611569,Millwall,,free,,€800k,0.8,Free,0.0,
England,en,2026-08-01 15:48 UTC,"Transfermarkt · England Premier League/Championship/League One/League Two (fees & values are estimates, EUR)",€,Premier League|Championship|League One|League Two,League One,Plymouth Argyle,,,https://tmssl.akamaized.net//images/wappen/homepageSmall/2262.png?lm=1411464792,in,,Alex Mitchell,,,,,,,24,CB,Centre-Back,England,https://tmssl.akamaized.net//images/flagge/tiny/189.png?lm=1520611569,Charlton,,other,,€800k,0.8,?,,
England,en,2026-08-01 15:48 UTC,"Transfermarkt · England Premier League/Championship/League One/League Two (fees & values are estimates, EUR)",€,Premier League|Championship|League One|League Two,League One,Plymouth Argyle,,,https://tmssl.akamaized.net//images/wappen/homepageSmall/2262.png?lm=1411464792,in,,Sebastian Campbell,,,,,,,17,CM,Central Midfield,England,https://tmssl.akamaized.net//images/flagge/tiny/189.png?lm=1520611569,Plymouth U18,,promotion,,?,,Promotion,,
England,en,2026-08-01 15:48 UTC,"Transfermarkt · England Premier League/Championship/League One/League Two (fees & values are estimates, EUR)",€,Premier League|Championship|League One|League Two,League One,Plymouth Argyle,,,https://tmssl.akamaized.net//images/wappen/homepageSmall/2262.png?lm=1411464792,in,,Michael Baidoo,,,,,,,27,AM,Attacking Midfield,Ghana,https://tmssl.akamaized.net//images/flagge/tiny/54.png?lm=1520611569,Umm Salal SC,,loan-return,,€2.00m,2.0,End of loan,,
England,en,2026-08-01 15:48 UTC,"Transfermarkt · England Premier League/Championship/League One/League Two (fees & values are estimates, EUR)",€,Premier League|Championship|League One|League Two,League One,Plymouth Argyle,,,https://tmssl.akamaized.net//images/wappen/homepageSmall/2262.png?lm=1411464792,out,,Lorent Tolaj,,,,,,,24,CF,Centre-Forward,Switzerland,https://tmssl.akamaized.net//images/flagge/tiny/148.png?lm=1520611569,Bristol City,,transfer,,€1.50m,1.5,€4.70m,4.7,
England,en,2026-08-01 15:48 UTC,"Transfermarkt · England Premier League/Championship/League One/League Two (fees & values are estimates, EUR)",€,Premier League|Championship|League One|League Two,League One,Plymouth Argyle,,,https://tmssl.akamaized.net//images/wappen/homepageSmall/2262.png?lm=1411464792,out,,Luca Ashby-Hammond,,,,,,,25,GK,Goalkeeper,England,https://tmssl.akamaized.net//images/flagge/tiny/189.png?lm=1520611569,Stockport,,free,,€300k,0.3,Free,0.0,
England,en,2026-08-01 15:48 UTC,"Transfermarkt · England Premier League/Championship/League One/League Two (fees & values are estimates, EUR)",€,Premier League|Championship|League One|League Two,League One,Plymouth Argyle,,,https://tmssl.akamaized.net//images/wappen/homepageSmall/2262.png?lm=1411464792,out,,Joseph Hatch,,,,,,,19,CF,Centre-Forward,Wales,https://tmssl.akamaized.net//images/flagge/tiny/191.png?lm=1520611569,Barnstaple Town,,free,,?,,Free,0.0,
England,en,2026-08-01 15:48 UTC,"Transfermarkt · England Premier League/Championship/League One/League Two (fees & values are estimates, EUR)",€,Premier League|Championship|League One|League Two,League One,Plymouth Argyle,,,https://tmssl.akamaized.net//images/wappen/homepageSmall/2262.png?lm=1411464792,out,,Nathanael Ogbeta,,,,,,,25,LB,Left-Back,England,https://tmssl.akamaized.net//images/flagge/tiny/189.png?lm=1520611569,Marítimo,,free,,€400k,0.4,Free,0.0,
England,en,2026-08-01 15:48 UTC,"Transfermarkt · England Premier League/Championship/League One/League Two (fees & values are estimates, EUR)",€,Premier League|Championship|League One|League Two,League One,Plymouth Argyle,,,https://tmssl.akamaized.net//images/wappen/homepageSmall/2262.png?lm=1411464792,out,,Conor Hazard,,,,,,,28,GK,Goalkeeper,Northern Ireland,https://tmssl.akamaized.net//images/flagge/tiny/192.png?lm=1520611569,Wycombe,,free,,€700k,0.7,Free,0.0,
England,en,2026-08-01 15:48 UTC,"Transfermarkt · England Premier League/Championship/League One/League Two (fees & values are estimates, EUR)",€,Premier League|Championship|League One|League Two,League One,Plymouth Argyle,,,https://tmssl.akamaized.net//images/wappen/homepageSmall/2262.png?lm=1411464792,out,,Callum Wright,,,,,,,26,CM,Central Midfield,England,https://tmssl.akamaized.net//images/flagge/tiny/189.png?lm=1520611569,Hibernian FC,,free,,€750k,0.75,Free,0.0,
England,en,2026-08-01 15:48 UTC,"Transfermarkt · England Premier League/Championship/League One/League Two (fees & values are estimates, EUR)",€,Premier League|Championship|League One|League Two,League One,Plymouth Argyle,,,https://tmssl.akamaized.net//images/wappen/homepageSmall/2262.png?lm=1411464792,out,,Jack Matthews,,,,,,,20,CB,Centre-Back,England,https://tmssl.akamaized.net//images/flagge/tiny/189.png?lm=1520611569,Truro City,,free,,?,,Free,0.0,
England,en,2026-08-01 15:48 UTC,"Transfermarkt · England Premier League/Championship/League One/League Two (fees & values are estimates, EUR)",€,Premier League|Championship|League One|League Two,League One,Plymouth Argyle,,,https://tmssl.akamaized.net//images/wappen/homepageSmall/2262.png?lm=1411464792,out,,Zak Baker,,,,,,,21,GK,Goalkeeper,England,https://tmssl.akamaized.net//images/flagge/tiny/189.png?lm=1520611569,Torquay,,free,,€100k,0.1,Free,0.0,
England,en,2026-08-01 15:48 UTC,"Transfermarkt · England Premier League/Championship/League One/League Two (fees & values are estimates, EUR)",€,Premier League|Championship|League One|League Two,League One,Plymouth Argyle,,,https://tmssl.akamaized.net//images/wappen/homepageSmall/2262.png?lm=1411464792,out,,Brendan Galloway,,,,,,,30,CB,Centre-Back,Zimbabwe,https://tmssl.akamaized.net//images/flagge/tiny/187.png?lm=1520611569,Without Club,,other,,€250k,0.25,?,,
England,en,2026-08-01 15:48 UTC,"Transfermarkt · England Premier League/Championship/League One/League Two (fees & values are estimates, EUR)",€,Premier League|Championship|League One|League Two,League One,Plymouth Argyle,,,https://tmssl.akamaized.net//images/wappen/homepageSmall/2262.png?lm=1411464792,out,,Ayman Benarous,,,,,,,22,CM,Central Midfield,England,https://tmssl.akamaized.net//images/flagge/tiny/189.png?lm=1520611569,Without Club,,other,,€200k,0.2,?,,
England,en,2026-08-01 15:48 UTC,"Transfermarkt · England Premier League/Championship/League One/League Two (fees & values are estimates, EUR)",€,Premier League|Championship|League One|League Two,League One,Plymouth Argyle,,,https://tmssl.akamaized.net//images/wappen/homepageSmall/2262.png?lm=1411464792,out,,Jamie Paterson,,,,,,,34,AM,Attacking Midfield,England,https://tmssl.akamaized.net//images/flagge/tiny/189.png?lm=1520611569,Without Club,,other,,€150k,0.15,?,,
England,en,2026-08-01 15:48 UTC,"Transfermarkt · England Premier League/Championship/League One/League Two (fees & values are estimates, EUR)",€,Premier League|Championship|League One|League Two,League One,Reading FC,,,https://tmssl.akamaized.net//images/wappen/homepageSmall/1032.png?lm=1457723329,in,,Jacob Brown,,,,,,,28,CF,Centre-Forward,Scotland,https://tmssl.akamaized.net//images/flagge/tiny/190.png?lm=1520611569,Luton,,free,,€1.00m,1.0,Free,0.0,
England,en,2026-08-01 15:48 UTC,"Transfermarkt · England Premier League/Championship/League One/League Two (fees & values are estimates, EUR)",€,Premier League|Championship|League One|League Two,League One,Reading FC,,,https://tmssl.akamaized.net//images/wappen/homepageSmall/1032.png?lm=1457723329,in,,Udoka Godwin-Malife,,,,,,,26,CB,Centre-Back,England,https://tmssl.akamaized.net//images/flagge/tiny/189.png?lm=1520611569,Burton Albion,,other,,€550k,0.55,?,,
England,en,2026-08-01 15:48 UTC,"Transfermarkt · England Premier League/Championship/League One/League Two (fees & values are estimates, EUR)",€,Premier League|Championship|League One|League Two,League One,Reading FC,,,https://tmssl.akamaized.net//images/wappen/homepageSmall/1032.png?lm=1457723329,in,,Kyreece Lisbie,,,,,,,22,RW,Right Winger,England,https://tmssl.akamaized.net//images/flagge/tiny/189.png?lm=1520611569,Colchester Utd.,,other,,€150k,0.15,?,,
England,en,2026-08-01 15:48 UTC,"Transfermarkt · England Premier League/Championship/League One/League Two (fees & values are estimates, EUR)",€,Premier League|Championship|League One|League Two,League One,Reading FC,,,https://tmssl.akamaized.net//images/wappen/homepageSmall/1032.png?lm=1457723329,in,,Josh Stokes,,,,,,,22,AM,Attacking Midfield,England,https://tmssl.akamaized.net//images/flagge/tiny/189.png?lm=1520611569,Bristol City,,loan,,€400k,0.4,Loan,,
England,en,2026-08-01 15:48 UTC,"Transfermarkt · England Premier League/Championship/League One/League Two (fees & values are estimates, EUR)",€,Premier League|Championship|League One|League Two,League One,Reading FC,,,https://tmssl.akamaized.net//images/wappen/homepageSmall/1032.png?lm=1457723329,in,,Matthew Rowley,,,,,,,22,GK,Goalkeeper,England,https://tmssl.akamaized.net//images/flagge/tiny/189.png?lm=1520611569,Reading U21,,promotion,,?,,Promotion,,
England,en,2026-08-01 15:48 UTC,"Transfermarkt · England Premier League/Championship/League One/League Two (fees & values are estimates, EUR)",€,Premier League|Championship|League One|League Two,League One,Reading FC,,,https://tmssl.akamaized.net//images/wappen/homepageSmall/1032.png?lm=1457723329,in,,Boyd Beacroft,,,,,,,20,CB,Centre-Back,England,https://tmssl.akamaized.net//images/flagge/tiny/189.png?lm=1520611569,Reading U21,,promotion,,?,,Promotion,,
England,en,2026-08-01 15:48 UTC,"Transfermarkt · England Premier League/Championship/League One/League Two (fees & values are estimates, EUR)",€,Premier League|Championship|League One|League Two,League One,Reading FC,,,https://tmssl.akamaized.net//images/wappen/homepageSmall/1032.png?lm=1457723329,out,,Michael Stickland,,,,,,,22,CB,Centre-Back,England,https://tmssl.akamaized.net//images/flagge/tiny/189.png?lm=1520611569,Aldershot,,free,,€75k,0.075,Free,0.0,
England,en,2026-08-01 15:48 UTC,"Transfermarkt · England Premier League/Championship/League One/League Two (fees & values are estimates, EUR)",€,Premier League|Championship|League One|League Two,League One,Reading FC,,,https://tmssl.akamaized.net//images/wappen/homepageSmall/1032.png?lm=1457723329,out,,Tivonge Rushesha,,,,,,,23,RB,Right-Back,Zimbabwe,https://tmssl.akamaized.net//images/flagge/tiny/187.png?lm=1520611569,Radnik Bijelj.,,free,,€125k,0.125,Free,0.0,
England,en,2026-08-01 15:48 UTC,"Transfermarkt · England Premier League/Championship/League One/League Two (fees & values are estimates, EUR)",€,Premier League|Championship|League One|League Two,League One,Reading FC,,,https://tmssl.akamaized.net//images/wappen/homepageSmall/1032.png?lm=1457723329,out,,Kelvin Ehibhatiomhan,,,,,,,23,LW,Left Winger,England,https://tmssl.akamaized.net//images/flagge/tiny/189.png?lm=1520611569,AC Horsens,,other,,€450k,0.45,?,,
England,en,2026-08-01 15:48 UTC,"Transfermarkt · England Premier League/Championship/League One/League Two (fees & values are estimates, EUR)",€,Premier League|Championship|League One|League Two,League One,Reading FC,,,https://tmssl.akamaized.net//images/wappen/homepageSmall/1032.png?lm=1457723329,out,,Derrick Williams,,,,,,,33,CB,Centre-Back,Ireland,https://tmssl.akamaized.net//images/flagge/tiny/72.png?lm=1520611569,Retired,,other,,€300k,0.3,?,,
England,en,2026-08-01 15:48 UTC,"Transfermarkt · England Premier League/Championship/League One/League Two (fees & values are estimates, EUR)",€,Premier League|Championship|League One|League Two,League One,Reading FC,,,https://tmssl.akamaized.net//images/wappen/homepageSmall/1032.png?lm=1457723329,out,,Matt Ritchie,,,,,,,36,RM,Right Midfield,Scotland,https://tmssl.akamaized.net//images/flagge/tiny/190.png?lm=1520611569,Retired,,other,,€75k,0.075,?,,
England,en,2026-08-01 15:48 UTC,"Transfermarkt · England Premier League/Championship/League One/League Two (fees & values are estimates, EUR)",€,Premier League|Championship|League One|League Two,League One,Reading FC,,,https://tmssl.akamaized.net//images/wappen/homepageSmall/1032.png?lm=1457723329,out,,Andy Yiadom,,,,,,,34,RB,Right-Back,Ghana,https://tmssl.akamaized.net//images/flagge/tiny/54.png?lm=1520611569,Without Club,,other,,€100k,0.1,?,,
England,en,2026-08-01 15:48 UTC,"Transfermarkt · England Premier League/Championship/League One/League Two (fees & values are estimates, EUR)",€,Premier League|Championship|League One|League Two,League One,Reading FC,,,https://tmssl.akamaized.net//images/wappen/homepageSmall/1032.png?lm=1457723329,out,,Ben Elliott,,,,,,,23,CM,Central Midfield,Cameroon,https://tmssl.akamaized.net//images/flagge/tiny/31.png?lm=1520611569,Without Club,,other,,€700k,0.7,?,,
England,en,2026-08-01 15:48 UTC,"Transfermarkt · England Premier League/Championship/League One/League Two (fees & values are estimates, EUR)",€,Premier League|Championship|League One|League Two,League One,Reading FC,,,https://tmssl.akamaized.net//images/wappen/homepageSmall/1032.png?lm=1457723329,out,,Mamadi Camará,,,,,,,22,AM,Attacking Midfield,Guinea-Bissau,https://tmssl.akamaized.net//images/flagge/tiny/60.png?lm=1520611569,Without Club,,other,,€200k,0.2,?,,
England,en,2026-08-01 15:48 UTC,"Transfermarkt · England Premier League/Championship/League One/League Two (fees & values are estimates, EUR)",€,Premier League|Championship|League One|League Two,League One,Reading FC,,,https://tmssl.akamaized.net//images/wappen/homepageSmall/1032.png?lm=1457723329,out,,Josh Stokes,,,,,,,23,AM,Attacking Midfield,England,https://tmssl.akamaized.net//images/flagge/tiny/189.png?lm=1520611569,Bristol City,,loan-return,,€400k,0.4,End of loan,,
England,en,2026-08-01 15:48 UTC,"Transfermarkt · England Premier League/Championship/League One/League Two (fees & values are estimates, EUR)",€,Premier League|Championship|League One|League Two,League One,Reading FC,,,https://tmssl.akamaized.net//images/wappen/homepageSmall/1032.png?lm=1457723329,out,,Kadan Young,,,,,,,20,LW,Left Winger,England,https://tmssl.akamaized.net//images/flagge/tiny/189.png?lm=1520611569,Aston Villa U21,,loan-return,,€200k,0.2,End of loan,,
England,en,2026-08-01 15:48 UTC,"Transfermarkt · England Premier League/Championship/League One/League Two (fees & values are estimates, EUR)",€,Premier League|Championship|League One|League Two,League One,Reading FC,,,https://tmssl.akamaized.net//images/wappen/homepageSmall/1032.png?lm=1457723329,out,,Finley Burns,,,,,,,23,CB,Centre-Back,England,https://tmssl.akamaized.net//images/flagge/tiny/189.png?lm=1520611569,Man City U21,,loan-return,,€800k,0.8,End of loan,,
England,en,2026-08-01 15:48 UTC,"Transfermarkt · England Premier League/Championship/League One/League Two (fees & values are estimates, EUR)",€,Premier League|Championship|League One|League Two,League One,Sheffield Wednesday,,,https://tmssl.akamaized.net//images/wappen/homepageSmall/1035.png?lm=1781180275,in,,Connal Trueman,,,,,,,30,GK,Goalkeeper,England,https://tmssl.akamaized.net//images/flagge/tiny/189.png?lm=1520611569,MK Dons,,free,,€75k,0.075,Free,0.0,
England,en,2026-08-01 15:48 UTC,"Transfermarkt · England Premier League/Championship/League One/League Two (fees & values are estimates, EUR)",€,Premier League|Championship|League One|League Two,League One,Sheffield Wednesday,,,https://tmssl.akamaized.net//images/wappen/homepageSmall/1035.png?lm=1781180275,in,,Billy Mitchell,,,,,,,25,DM,Defensive Midfield,England,https://tmssl.akamaized.net//images/flagge/tiny/189.png?lm=1520611569,Millwall,,free,,€3.00m,3.0,Free,0.0,
England,en,2026-08-01 15:48 UTC,"Transfermarkt · England Premier League/Championship/League One/League Two (fees & values are estimates, EUR)",€,Premier League|Championship|League One|League Two,League One,Sheffield Wednesday,,,https://tmssl.akamaized.net//images/wappen/homepageSmall/1035.png?lm=1781180275,in,,Joe Lumley,,,,,,,31,GK,Goalkeeper,England,https://tmssl.akamaized.net//images/flagge/tiny/189.png?lm=1520611569,Bristol City,,free,,€400k,0.4,Free,0.0,
England,en,2026-08-01 15:48 UTC,"Transfermarkt · England Premier League/Championship/League One/League Two (fees & values are estimates, EUR)",€,Premier League|Championship|League One|League Two,League One,Sheffield Wednesday,,,https://tmssl.akamaized.net//images/wappen/homepageSmall/1035.png?lm=1781180275,in,,Callum Slattery,,,,,,,27,CM,Central Midfield,England,https://tmssl.akamaized.net//images/flagge/tiny/189.png?lm=1520611569,Motherwell FC,,free,,€700k,0.7,Free,0.0,
England,en,2026-08-01 15:48 UTC,"Transfermarkt · England Premier League/Championship/League One/League Two (fees & values are estimates, EUR)",€,Premier League|Championship|League One|League Two,League One,Sheffield Wednesday,,,https://tmssl.akamaized.net//images/wappen/homepageSmall/1035.png?lm=1781180275,in,,Ashley Maynard-Brewer,,,,,,,27,GK,Goalkeeper,Australia,https://tmssl.akamaized.net//images/flagge/tiny/12.png?lm=1520611569,Dundee United,,free,,€300k,0.3,Free,0.0,
England,en,2026-08-01 15:48 UTC,"Transfermarkt · England Premier League/Championship/League One/League Two (fees & values are estimates, EUR)",€,Premier League|Championship|League One|League Two,League One,Sheffield Wednesday,,,https://tmssl.akamaized.net//images/wappen/homepageSmall/1035.png?lm=1781180275,in,,Louie Barry,,,,,,,23,LW,Left Winger,Ireland,https://tmssl.akamaized.net//images/flagge/tiny/72.png?lm=1520611569,Aston Villa U21,,other,,€2.50m,2.5,?,,
England,en,2026-08-01 15:48 UTC,"Transfermarkt · England Premier League/Championship/League One/League Two (fees & values are estimates, EUR)",€,Premier League|Championship|League One|League Two,League One,Sheffield Wednesday,,,https://tmssl.akamaized.net//images/wappen/homepageSmall/1035.png?lm=1781180275,in,,Barry Bannan,,,,,,,36,CM,Central Midfield,Scotland,https://tmssl.akamaized.net//images/flagge/tiny/190.png?lm=1520611569,Millwall,,other,,€200k,0.2,?,,
England,en,2026-08-01 15:48 UTC,"Transfermarkt · England Premier League/Championship/League One/League Two (fees & values are estimates, EUR)",€,Premier League|Championship|League One|League Two,League One,Sheffield Wednesday,,,https://tmssl.akamaized.net//images/wappen/homepageSmall/1035.png?lm=1781180275,in,,Sil Swinkels,,,,,,,22,CB,Centre-Back,Netherlands,https://tmssl.akamaized.net//images/flagge/tiny/122.png?lm=1520611569,Aston Villa U21,,other,,€250k,0.25,?,,
England,en,2026-08-01 15:48 UTC,"Transfermarkt · England Premier League/Championship/League One/League Two (fees & values are estimates, EUR)",€,Premier League|Championship|League One|League Two,League One,Sheffield Wednesday,,,https://tmssl.akamaized.net//images/wappen/homepageSmall/1035.png?lm=1781180275,in,,Jordi Liongola,,,,,,,26,RM,Right Midfield,Burundi,https://tmssl.akamaized.net//images/flagge/tiny/30.png?lm=1520611569,La Louvière,,other,,€1.50m,1.5,?,,
England,en,2026-08-01 15:48 UTC,"Transfermarkt · England Premier League/Championship/League One/League Two (fees & values are estimates, EUR)",€,Premier League|Championship|League One|League Two,League One,Sheffield Wednesday,,,https://tmssl.akamaized.net//images/wappen/homepageSmall/1035.png?lm=1781180275,in,,Ricardo Santos,,,,,,,31,CB,Centre-Back,Cape Verde,https://tmssl.akamaized.net//images/flagge/tiny/32.png?lm=1520611569,Swansea,,other,,€350k,0.35,?,,
England,en,2026-08-01 15:48 UTC,"Transfermarkt · England Premier League/Championship/League One/League Two (fees & values are estimates, EUR)",€,Premier League|Championship|League One|League Two,League One,Sheffield Wednesday,,,https://tmssl.akamaized.net//images/wappen/homepageSmall/1035.png?lm=1781180275,in,,Mason Burstow,,,,,,,22,CF,Centre-Forward,England,https://tmssl.akamaized.net//images/flagge/tiny/189.png?lm=1520611569,Hull City,,loan,,€2.80m,2.8,Loan,,
England,en,2026-08-01 15:48 UTC,"Transfermarkt · England Premier League/Championship/League One/League Two (fees & values are estimates, EUR)",€,Premier League|Championship|League One|League Two,League One,Sheffield Wednesday,,,https://tmssl.akamaized.net//images/wappen/homepageSmall/1035.png?lm=1781180275,in,,William Grainger,,,,,,,17,CF,Centre-Forward,Wales,https://tmssl.akamaized.net//images/flagge/tiny/191.png?lm=1520611569,Sheff Wed U18,,promotion,,€100k,0.1,Promotion,,
England,en,2026-08-01 15:48 UTC,"Transfermarkt · England Premier League/Championship/League One/League Two (fees & values are estimates, EUR)",€,Premier League|Championship|League One|League Two,League One,Sheffield Wednesday,,,https://tmssl.akamaized.net//images/wappen/homepageSmall/1035.png?lm=1781180275,in,,Harry Gray,,,,,,,17,CF,Centre-Forward,England,https://tmssl.akamaized.net//images/flagge/tiny/189.png?lm=1520611569,Leeds U21,,loan,,€700k,0.7,Loan,,
England,en,2026-08-01 15:48 UTC,"Transfermarkt · England Premier League/Championship/League One/League Two (fees & values are estimates, EUR)",€,Premier League|Championship|League One|League Two,League One,Sheffield Wednesday,,,https://tmssl.akamaized.net//images/wappen/homepageSmall/1035.png?lm=1781180275,in,,Logan Stretch,,,,,,,20,GK,Goalkeeper,Wales,https://tmssl.akamaized.net//images/flagge/tiny/191.png?lm=1520611569,Buxton,,loan-return,,?,,End of loan,,
England,en,2026-08-01 15:48 UTC,"Transfermarkt · England Premier League/Championship/League One/League Two (fees & values are estimates, EUR)",€,Premier League|Championship|League One|League Two,League One,Sheffield Wednesday,,,https://tmssl.akamaized.net//images/wappen/homepageSmall/1035.png?lm=1781180275,in,,Reece Johnson,,,,,,,20,LB,Left-Back,England,https://tmssl.akamaized.net//images/flagge/tiny/189.png?lm=1520611569,Eastleigh,,loan-return,,€200k,0.2,End of loan,,
England,en,2026-08-01 15:48 UTC,"Transfermarkt · England Premier League/Championship/League One/League Two (fees & values are estimates, EUR)",€,Premier League|Championship|League One|League Two,League One,Sheffield Wednesday,,,https://tmssl.akamaized.net//images/wappen/homepageSmall/1035.png?lm=1781180275,in,,Yan Valery,,,,,,,27,RB,Right-Back,Tunisia,https://tmssl.akamaized.net//images/flagge/tiny/173.png?lm=1520611569,Young Boys,,loan-return,,€1.50m,1.5,End of loan,,
England,en,2026-08-01 15:48 UTC,"Transfermarkt · England Premier League/Championship/League One/League Two (fees & values are estimates, EUR)",€,Premier League|Championship|League One|League Two,League One,Sheffield Wednesday,,,https://tmssl.akamaized.net//images/wappen/homepageSmall/1035.png?lm=1781180275,out,,Pierce Charles,,,,,,,20,GK,Goalkeeper,Northern Ireland,https://tmssl.akamaized.net//images/flagge/tiny/192.png?lm=1520611569,Man City,,transfer,,€900k,0.9,€3.50m,3.5,
England,en,2026-08-01 15:48 UTC,"Transfermarkt · England Premier League/Championship/League One/League Two (fees & values are estimates, EUR)",€,Premier League|Championship|League One|League Two,League One,Sheffield Wednesday,,,https://tmssl.akamaized.net//images/wappen/homepageSmall/1035.png?lm=1781180275,out,,Svante Ingelsson,,,,,,,28,CM,Central Midfield,Sweden,https://tmssl.akamaized.net//images/flagge/tiny/147.png?lm=1520611569,Stoke City,,transfer,,€1.00m,1.0,€1.20m,1.2,
England,en,2026-08-01 15:48 UTC,"Transfermarkt · England Premier League/Championship/League One/League Two (fees & values are estimates, EUR)",€,Premier League|Championship|League One|League Two,League One,Sheffield Wednesday,,,https://tmssl.akamaized.net//images/wappen/homepageSmall/1035.png?lm=1781180275,out,,Zain Silcott-Duberry,,,,,,,21,LM,Left Midfield,England,https://tmssl.akamaized.net//images/flagge/tiny/189.png?lm=1520611569,Rochdale,,free,,€200k,0.2,Free,0.0,
England,en,2026-08-01 15:48 UTC,"Transfermarkt · England Premier League/Championship/League One/League Two (fees & values are estimates, EUR)",€,Premier League|Championship|League One|League Two,League One,Sheffield Wednesday,,,https://tmssl.akamaized.net//images/wappen/homepageSmall/1035.png?lm=1781180275,out,,Rio Shipston,,,,,,,21,CM,Central Midfield,England,https://tmssl.akamaized.net//images/flagge/tiny/189.png?lm=1520611569,Solihull Moors,,free,,€100k,0.1,Free,0.0,
England,en,2026-08-01 15:48 UTC,"Transfermarkt · England Premier League/Championship/League One/League Two (fees & values are estimates, EUR)",€,Premier League|Championship|League One|League Two,League One,Sheffield Wednesday,,,https://tmssl.akamaized.net//images/wappen/homepageSmall/1035.png?lm=1781180275,out,,Reece Johnson,,,,,,,20,LB,Left-Back,England,https://tmssl.akamaized.net//images/flagge/tiny/189.png?lm=1520611569,Eastleigh,,loan,,€200k,0.2,Loan,,
England,en,2026-08-01 15:48 UTC,"Transfermarkt · England Premier League/Championship/League One/League Two (fees & values are estimates, EUR)",€,Premier League|Championship|League One|League Two,League One,Sheffield Wednesday,,,https://tmssl.akamaized.net//images/wappen/homepageSmall/1035.png?lm=1781180275,out,,Olaf Kobacki,,,,,,,24,AM,Attacking Midfield,Poland,https://tmssl.akamaized.net//images/flagge/tiny/135.png?lm=1520611569,Wisla Plock,,other,,€500k,0.5,?,,
England,en,2026-08-01 15:48 UTC,"Transfermarkt · England Premier League/Championship/League One/League Two (fees & values are estimates, EUR)",€,Premier League|Championship|League One|League Two,League One,Sheffield Wednesday,,,https://tmssl.akamaized.net//images/wappen/homepageSmall/1035.png?lm=1781180275,out,,Marvelous Nakamba,,,,,,,32,DM,Defensive Midfield,Zimbabwe,https://tmssl.akamaized.net//images/flagge/tiny/187.png?lm=1520611569,Without Club,,other,,€700k,0.7,?,,
England,en,2026-08-01 15:48 UTC,"Transfermarkt · England Premier League/Championship/League One/League Two (fees & values are estimates, EUR)",€,Premier League|Championship|League One|League Two,League One,Sheffield Wednesday,,,https://tmssl.akamaized.net//images/wappen/homepageSmall/1035.png?lm=1781180275,out,,Nathaniel Chalobah,,,,,,,31,DM,Defensive Midfield,England,https://tmssl.akamaized.net//images/flagge/tiny/189.png?lm=1520611569,Without Club,,other,,€500k,0.5,?,,
England,en,2026-08-01 15:48 UTC,"Transfermarkt · England Premier League/Championship/League One/League Two (fees & values are estimates, EUR)",€,Premier League|Championship|League One|League Two,League One,Sheffield Wednesday,,,https://tmssl.akamaized.net//images/wappen/homepageSmall/1035.png?lm=1781180275,out,,Dominic Iorfa,,,,,,,31,CB,Centre-Back,England,https://tmssl.akamaized.net//images/flagge/tiny/189.png?lm=1520611569,Without Club,,other,,€250k,0.25,?,,
England,en,2026-08-01 15:48 UTC,"Transfermarkt · England Premier League/Championship/League One/League Two (fees & values are estimates, EUR)",€,Premier League|Championship|League One|League Two,League One,Sheffield Wednesday,,,https://tmssl.akamaized.net//images/wappen/homepageSmall/1035.png?lm=1781180275,out,,Logan Stretch,,,,,,,19,GK,Goalkeeper,Wales,https://tmssl.akamaized.net//images/flagge/tiny/191.png?lm=1520611569,Buxton,,loan,,?,,Loan,,
England,en,2026-08-01 15:48 UTC,"Transfermarkt · England Premier League/Championship/League One/League Two (fees & values are estimates, EUR)",€,Premier League|Championship|League One|League Two,League One,Sheffield Wednesday,,,https://tmssl.akamaized.net//images/wappen/homepageSmall/1035.png?lm=1781180275,out,,Jerry Yates,,,,,,,29,CF,Centre-Forward,England,https://tmssl.akamaized.net//images/flagge/tiny/189.png?lm=1520611569,Luton,,loan-return,,€1.30m,1.3,End of loan,,
England,en,2026-08-01 15:48 UTC,"Transfermarkt · England Premier League/Championship/League One/League Two (fees & values are estimates, EUR)",€,Premier League|Championship|League One|League Two,League One,Stevenage FC,,,https://tmssl.akamaized.net//images/wappen/homepageSmall/3684.png?lm=1559854582,in,,Oliver Sanderson,,,,,,,22,CF,Centre-Forward,England,https://tmssl.akamaized.net//images/flagge/tiny/189.png?lm=1520611569,Fulham U21,,free,,?,,Free,0.0,
England,en,2026-08-01 15:48 UTC,"Transfermarkt · England Premier League/Championship/League One/League Two (fees & values are estimates, EUR)",€,Premier League|Championship|League One|League Two,League One,Stevenage FC,,,https://tmssl.akamaized.net//images/wappen/homepageSmall/3684.png?lm=1559854582,in,,Terry Taylor,,,,,,,25,DM,Defensive Midfield,Wales,https://tmssl.akamaized.net//images/flagge/tiny/191.png?lm=1520611569,Charlton,,free,,€300k,0.3,Free,0.0,
England,en,2026-08-01 15:48 UTC,"Transfermarkt · England Premier League/Championship/League One/League Two (fees & values are estimates, EUR)",€,Premier League|Championship|League One|League Two,League One,Stevenage FC,,,https://tmssl.akamaized.net//images/wappen/homepageSmall/3684.png?lm=1559854582,in,,Josh Magennis,,,,,,,35,CF,Centre-Forward,Northern Ireland,https://tmssl.akamaized.net//images/flagge/tiny/192.png?lm=1520611569,Exeter City,,free,,€50k,0.05,Free,0.0,
England,en,2026-08-01 15:48 UTC,"Transfermarkt · England Premier League/Championship/League One/League Two (fees & values are estimates, EUR)",€,Premier League|Championship|League One|League Two,League One,Stevenage FC,,,https://tmssl.akamaized.net//images/wappen/homepageSmall/3684.png?lm=1559854582,in,,Terence Vancooten,,,,,,,28,CB,Centre-Back,Guyana,https://tmssl.akamaized.net//images/flagge/tiny/61.png?lm=1520611569,Burton Albion,,other,,€325k,0.325,?,,
England,en,2026-08-01 15:48 UTC,"Transfermarkt · England Premier League/Championship/League One/League Two (fees & values are estimates, EUR)",€,Premier League|Championship|League One|League Two,League One,Stevenage FC,,,https://tmssl.akamaized.net//images/wappen/homepageSmall/3684.png?lm=1559854582,in,,Max Woodford,,,,,,,18,GK,Goalkeeper,England,https://tmssl.akamaized.net//images/flagge/tiny/189.png?lm=1520611569,Stevenage U18,,promotion,,?,,Promotion,,
England,en,2026-08-01 15:48 UTC,"Transfermarkt · England Premier League/Championship/League One/League Two (fees & values are estimates, EUR)",€,Premier League|Championship|League One|League Two,League One,Stevenage FC,,,https://tmssl.akamaized.net//images/wappen/homepageSmall/3684.png?lm=1559854582,in,,Lenny Brown,,,,,,,17,Striker,Striker,England,https://tmssl.akamaized.net//images/flagge/tiny/189.png?lm=1520611569,Stevenage U18,,promotion,,?,,Promotion,,
England,en,2026-08-01 15:48 UTC,"Transfermarkt · England Premier League/Championship/League One/League Two (fees & values are estimates, EUR)",€,Premier League|Championship|League One|League Two,League One,Stevenage FC,,,https://tmssl.akamaized.net//images/wappen/homepageSmall/3684.png?lm=1559854582,out,,Taye Ashby-Hammond,,,,,,,27,GK,Goalkeeper,England,https://tmssl.akamaized.net//images/flagge/tiny/189.png?lm=1520611569,Barnet,,free,,€175k,0.175,Free,0.0,
England,en,2026-08-01 15:48 UTC,"Transfermarkt · England Premier League/Championship/League One/League Two (fees & values are estimates, EUR)",€,Premier League|Championship|League One|League Two,League One,Stevenage FC,,,https://tmssl.akamaized.net//images/wappen/homepageSmall/3684.png?lm=1559854582,out,,Charlie Goode,,,,,,,30,CB,Centre-Back,England,https://tmssl.akamaized.net//images/flagge/tiny/189.png?lm=1520611569,MK Dons,,free,,€300k,0.3,Free,0.0,
England,en,2026-08-01 15:48 UTC,"Transfermarkt · England Premier League/Championship/League One/League Two (fees & values are estimates, EUR)",€,Premier League|Championship|League One|League Two,League One,Stevenage FC,,,https://tmssl.akamaized.net//images/wappen/homepageSmall/3684.png?lm=1559854582,out,,Dan Sweeney,,,,,,,32,CB,Centre-Back,England,https://tmssl.akamaized.net//images/flagge/tiny/189.png?lm=1520611569,AFC Wimbledon,,free,,€100k,0.1,Free,0.0,
England,en,2026-08-01 15:48 UTC,"Transfermarkt · England Premier League/Championship/League One/League Two (fees & values are estimates, EUR)",€,Premier League|Championship|League One|League Two,League One,Stevenage FC,,,https://tmssl.akamaized.net//images/wappen/homepageSmall/3684.png?lm=1559854582,out,,Harvey White,,,,,,,24,DM,Defensive Midfield,England,https://tmssl.akamaized.net//images/flagge/tiny/189.png?lm=1520611569,Plymouth,,free,,€700k,0.7,Free,0.0,
England,en,2026-08-01 15:48 UTC,"Transfermarkt · England Premier League/Championship/League One/League Two (fees & values are estimates, EUR)",€,Premier League|Championship|League One|League Two,League One,Stevenage FC,,,https://tmssl.akamaized.net//images/wappen/homepageSmall/3684.png?lm=1559854582,out,,Ellis Bates,,,,,,,19,CB,Centre-Back,England,https://tmssl.akamaized.net//images/flagge/tiny/189.png?lm=1520611569,Aveley,,free,,?,,Free,0.0,
England,en,2026-08-01 15:48 UTC,"Transfermarkt · England Premier League/Championship/League One/League Two (fees & values are estimates, EUR)",€,Premier League|Championship|League One|League Two,League One,Stevenage FC,,,https://tmssl.akamaized.net//images/wappen/homepageSmall/3684.png?lm=1559854582,out,,Matt Phillips,,,,,,,35,RW,Right Winger,Scotland,https://tmssl.akamaized.net//images/flagge/tiny/190.png?lm=1520611569,Without Club,,other,,€100k,0.1,?,,
England,en,2026-08-01 15:48 UTC,"Transfermarkt · England Premier League/Championship/League One/League Two (fees & values are estimates, EUR)",€,Premier League|Championship|League One|League Two,League One,Stevenage FC,,,https://tmssl.akamaized.net//images/wappen/homepageSmall/3684.png?lm=1559854582,out,,Beryly Lubala,,,,,,,28,LW,Left Winger,DR Congo,https://tmssl.akamaized.net//images/flagge/tiny/193.png?lm=1520611569,Without Club,,other,,€250k,0.25,?,,
England,en,2026-08-01 15:48 UTC,"Transfermarkt · England Premier League/Championship/League One/League Two (fees & values are estimates, EUR)",€,Premier League|Championship|League One|League Two,League One,Stevenage FC,,,https://tmssl.akamaized.net//images/wappen/homepageSmall/3684.png?lm=1559854582,out,,Mathaeus Roberts,,,,,,,21,AM,Attacking Midfield,Wales,https://tmssl.akamaized.net//images/flagge/tiny/191.png?lm=1520611569,Without Club,,other,,?,,?,,
England,en,2026-08-01 15:48 UTC,"Transfermarkt · England Premier League/Championship/League One/League Two (fees & values are estimates, EUR)",€,Premier League|Championship|League One|League Two,League One,Stevenage FC,,,https://tmssl.akamaized.net//images/wappen/homepageSmall/3684.png?lm=1559854582,out,,Tyreece Simpson,,,,,,,24,CF,Centre-Forward,St. Kitts & Nevis,https://tmssl.akamaized.net//images/flagge/tiny/225.png?lm=1520611569,Without Club,,other,,€175k,0.175,?,,
England,en,2026-08-01 15:48 UTC,"Transfermarkt · England Premier League/Championship/League One/League Two (fees & values are estimates, EUR)",€,Premier League|Championship|League One|League Two,League One,Stevenage FC,,,https://tmssl.akamaized.net//images/wappen/homepageSmall/3684.png?lm=1559854582,out,,Gassan Ahadme,,,,,,,25,CF,Centre-Forward,Morocco,https://tmssl.akamaized.net//images/flagge/tiny/107.png?lm=1520611569,Charlton,,loan-return,,€600k,0.6,End of loan,,
England,en,2026-08-01 15:48 UTC,"Transfermarkt · England Premier League/Championship/League One/League Two (fees & values are estimates, EUR)",€,Premier League|Championship|League One|League Two,League One,Stockport County,,,https://tmssl.akamaized.net//images/wappen/homepageSmall/1098.png?lm=1591360399,in,,Luca Ashby-Hammond,,,,,,,25,GK,Goalkeeper,England,https://tmssl.akamaized.net//images/flagge/tiny/189.png?lm=1520611569,Plymouth,,free,,€300k,0.3,Free,0.0,
England,en,2026-08-01 15:48 UTC,"Transfermarkt · England Premier League/Championship/League One/League Two (fees & values are estimates, EUR)",€,Premier League|Championship|League One|League Two,League One,Stockport County,,,https://tmssl.akamaized.net//images/wappen/homepageSmall/1098.png?lm=1591360399,in,,Ben Osborn,,,,,,,31,CM,Central Midfield,England,https://tmssl.akamaized.net//images/flagge/tiny/189.png?lm=1520611569,Derby,,free,,€700k,0.7,Free,0.0,
England,en,2026-08-01 15:48 UTC,"Transfermarkt · England Premier League/Championship/League One/League Two (fees & values are estimates, EUR)",€,Premier League|Championship|League One|League Two,League One,Stockport County,,,https://tmssl.akamaized.net//images/wappen/homepageSmall/1098.png?lm=1591360399,in,,Eoghan O'Connell,,,,,,,30,CB,Centre-Back,Ireland,https://tmssl.akamaized.net//images/flagge/tiny/72.png?lm=1520611569,Barnsley,,free,,€400k,0.4,Free,0.0,
England,en,2026-08-01 15:48 UTC,"Transfermarkt · England Premier League/Championship/League One/League Two (fees & values are estimates, EUR)",€,Premier League|Championship|League One|League Two,League One,Stockport County,,,https://tmssl.akamaized.net//images/wappen/homepageSmall/1098.png?lm=1591360399,in,,Kyron Gordon,,,,,,,24,CB,Centre-Back,England,https://tmssl.akamaized.net//images/flagge/tiny/189.png?lm=1520611569,Rochdale,,free,,?,,Free,0.0,
England,en,2026-08-01 15:48 UTC,"Transfermarkt · England Premier League/Championship/League One/League Two (fees & values are estimates, EUR)",€,Premier League|Championship|League One|League Two,League One,Stockport County,,,https://tmssl.akamaized.net//images/wappen/homepageSmall/1098.png?lm=1591360399,in,,Oliver Whatmuff,,,,,,,18,GK,Goalkeeper,England,https://tmssl.akamaized.net//images/flagge/tiny/189.png?lm=1520611569,Man City U21,,loan,,?,,Loan,,
England,en,2026-08-01 15:48 UTC,"Transfermarkt · England Premier League/Championship/League One/League Two (fees & values are estimates, EUR)",€,Premier League|Championship|League One|League Two,League One,Stockport County,,,https://tmssl.akamaized.net//images/wappen/homepageSmall/1098.png?lm=1591360399,in,,Ryan Glover,,,,,,,25,RW,Right Winger,England,https://tmssl.akamaized.net//images/flagge/tiny/189.png?lm=1520611569,Barnet,,other,,€350k,0.35,?,,
England,en,2026-08-01 15:48 UTC,"Transfermarkt · England Premier League/Championship/League One/League Two (fees & values are estimates, EUR)",€,Premier League|Championship|League One|League Two,League One,Stockport County,,,https://tmssl.akamaized.net//images/wappen/homepageSmall/1098.png?lm=1591360399,in,,Owen Dodgson,,,,,,,23,LB,Left-Back,England,https://tmssl.akamaized.net//images/flagge/tiny/189.png?lm=1520611569,Burnley,,other,,€350k,0.35,?,,
England,en,2026-08-01 15:48 UTC,"Transfermarkt · England Premier League/Championship/League One/League Two (fees & values are estimates, EUR)",€,Premier League|Championship|League One|League Two,League One,Stockport County,,,https://tmssl.akamaized.net//images/wappen/homepageSmall/1098.png?lm=1591360399,in,,Jason Adigun,,,,,,,22,AM,Attacking Midfield,England,https://tmssl.akamaized.net//images/flagge/tiny/189.png?lm=1520611569,Chelmsford,,other,,?,,?,,
England,en,2026-08-01 15:48 UTC,"Transfermarkt · England Premier League/Championship/League One/League Two (fees & values are estimates, EUR)",€,Premier League|Championship|League One|League Two,League One,Stockport County,,,https://tmssl.akamaized.net//images/wappen/homepageSmall/1098.png?lm=1591360399,in,,Harry Wood,,,,,,,23,AM,Attacking Midfield,England,https://tmssl.akamaized.net//images/flagge/tiny/189.png?lm=1520611569,Shelbourne,,other,,€325k,0.325,?,,
England,en,2026-08-01 15:48 UTC,"Transfermarkt · England Premier League/Championship/League One/League Two (fees & values are estimates, EUR)",€,Premier League|Championship|League One|League Two,League One,Stockport County,,,https://tmssl.akamaized.net//images/wappen/homepageSmall/1098.png?lm=1591360399,in,,Corey Addai,,,,,,,29,GK,Goalkeeper,Jamaica,https://tmssl.akamaized.net//images/flagge/tiny/76.png?lm=1520611569,Burton Albion,,loan-return,,€400k,0.4,End of loan,,
England,en,2026-08-01 15:48 UTC,"Transfermarkt · England Premier League/Championship/League One/League Two (fees & values are estimates, EUR)",€,Premier League|Championship|League One|League Two,League One,Stockport County,,,https://tmssl.akamaized.net//images/wappen/homepageSmall/1098.png?lm=1591360399,out,,Jayden Fevrier,,,,,,,23,RW,Right Winger,England,https://tmssl.akamaized.net//images/flagge/tiny/189.png?lm=1520611569,Blackburn,,transfer,,€500k,0.5,€580k,0.58,
England,en,2026-08-01 15:48 UTC,"Transfermarkt · England Premier League/Championship/League One/League Two (fees & values are estimates, EUR)",€,Premier League|Championship|League One|League Two,League One,Stockport County,,,https://tmssl.akamaized.net//images/wappen/homepageSmall/1098.png?lm=1591360399,out,,Odin Bailey,,,,,,,26,AM,Attacking Midfield,England,https://tmssl.akamaized.net//images/flagge/tiny/189.png?lm=1520611569,Portsmouth,,free,,€500k,0.5,Free,0.0,
England,en,2026-08-01 15:48 UTC,"Transfermarkt · England Premier League/Championship/League One/League Two (fees & values are estimates, EUR)",€,Premier League|Championship|League One|League Two,League One,Stockport County,,,https://tmssl.akamaized.net//images/wappen/homepageSmall/1098.png?lm=1591360399,out,,Christy Grogan,,,,,,,20,CB,Centre-Back,Ireland,https://tmssl.akamaized.net//images/flagge/tiny/72.png?lm=1520611569,Derry City,,free,,?,,Free,0.0,
England,en,2026-08-01 15:48 UTC,"Transfermarkt · England Premier League/Championship/League One/League Two (fees & values are estimates, EUR)",€,Premier League|Championship|League One|League Two,League One,Stockport County,,,https://tmssl.akamaized.net//images/wappen/homepageSmall/1098.png?lm=1591360399,out,,Callum Connolly,,,,,,,28,CB,Centre-Back,England,https://tmssl.akamaized.net//images/flagge/tiny/189.png?lm=1520611569,Bradford,,free,,€550k,0.55,Free,0.0,
England,en,2026-08-01 15:48 UTC,"Transfermarkt · England Premier League/Championship/League One/League Two (fees & values are estimates, EUR)",€,Premier League|Championship|League One|League Two,League One,Stockport County,,,https://tmssl.akamaized.net//images/wappen/homepageSmall/1098.png?lm=1591360399,out,,Jid Okeke,,,,,,,21,RB,Right-Back,Germany,https://tmssl.akamaized.net//images/flagge/tiny/40.png?lm=1520612525,W. Mannheim,,free,,€150k,0.15,Free,0.0,
England,en,2026-08-01 15:48 UTC,"Transfermarkt · England Premier League/Championship/League One/League Two (fees & values are estimates, EUR)",€,Premier League|Championship|League One|League Two,League One,Stockport County,,,https://tmssl.akamaized.net//images/wappen/homepageSmall/1098.png?lm=1591360399,out,,Joseph Olowu,,,,,,,26,CB,Centre-Back,England,https://tmssl.akamaized.net//images/flagge/tiny/189.png?lm=1520611569,Leyton Orient,,other,,€375k,0.375,?,,
England,en,2026-08-01 15:48 UTC,"Transfermarkt · England Premier League/Championship/League One/League Two (fees & values are estimates, EUR)",€,Premier League|Championship|League One|League Two,League One,Stockport County,,,https://tmssl.akamaized.net//images/wappen/homepageSmall/1098.png?lm=1591360399,out,,Corey Addai,,,,,,,28,GK,Goalkeeper,Jamaica,https://tmssl.akamaized.net//images/flagge/tiny/76.png?lm=1520611569,Burton Albion,,loan,,€400k,0.4,Loan,,
England,en,2026-08-01 15:48 UTC,"Transfermarkt · England Premier League/Championship/League One/League Two (fees & values are estimates, EUR)",€,Premier League|Championship|League One|League Two,League One,Stockport County,,,https://tmssl.akamaized.net//images/wappen/homepageSmall/1098.png?lm=1591360399,out,,Max Metcalfe,,,,,,,23,GK,Goalkeeper,Scotland,https://tmssl.akamaized.net//images/flagge/tiny/190.png?lm=1520611569,Without Club,,other,,?,,?,,
England,en,2026-08-01 15:48 UTC,"Transfermarkt · England Premier League/Championship/League One/League Two (fees & values are estimates, EUR)",€,Premier League|Championship|League One|League Two,League One,Stockport County,,,https://tmssl.akamaized.net//images/wappen/homepageSmall/1098.png?lm=1591360399,out,,Ben Hinchliffe,,,,,,,37,GK,Goalkeeper,England,https://tmssl.akamaized.net//images/flagge/tiny/189.png?lm=1520611569,Retired,,other,,€50k,0.05,?,,
England,en,2026-08-01 15:48 UTC,"Transfermarkt · England Premier League/Championship/League One/League Two (fees & values are estimates, EUR)",€,Premier League|Championship|League One|League Two,League One,Stockport County,,,https://tmssl.akamaized.net//images/wappen/homepageSmall/1098.png?lm=1591360399,out,,Owen Dodgson,,,,,,,23,LB,Left-Back,England,https://tmssl.akamaized.net//images/flagge/tiny/189.png?lm=1520611569,Burnley,,loan-return,,€350k,0.35,End of loan,,
England,en,2026-08-01 15:48 UTC,"Transfermarkt · England Premier League/Championship/League One/League Two (fees & values are estimates, EUR)",€,Premier League|Championship|League One|League Two,League One,Stockport County,,,https://tmssl.akamaized.net//images/wappen/homepageSmall/1098.png?lm=1591360399,out,,Oliver Whatmuff,,,,,,,19,GK,Goalkeeper,England,https://tmssl.akamaized.net//images/flagge/tiny/189.png?lm=1520611569,Man City U21,,loan-return,,?,,End of loan,,
England,en,2026-08-01 15:48 UTC,"Transfermarkt · England Premier League/Championship/League One/League Two (fees & values are estimates, EUR)",€,Premier League|Championship|League One|League Two,League One,Stockport County,,,https://tmssl.akamaized.net//images/wappen/homepageSmall/1098.png?lm=1591360399,out,,Louie Barry,,,,,,,23,LW,Left Winger,Ireland,https://tmssl.akamaized.net//images/flagge/tiny/72.png?lm=1520611569,Aston Villa U21,,loan-return,,€2.50m,2.5,End of loan,,
England,en,2026-08-01 15:48 UTC,"Transfermarkt · England Premier League/Championship/League One/League Two (fees & values are estimates, EUR)",€,Premier League|Championship|League One|League Two,League One,Stockport County,,,https://tmssl.akamaized.net//images/wappen/homepageSmall/1098.png?lm=1591360399,out,,Roman Dixon,,,,,,,21,RB,Right-Back,England,https://tmssl.akamaized.net//images/flagge/tiny/189.png?lm=1520611569,Everton U21,,loan-return,,€125k,0.125,End of loan,,
England,en,2026-08-01 15:48 UTC,"Transfermarkt · England Premier League/Championship/League One/League Two (fees & values are estimates, EUR)",€,Premier League|Championship|League One|League Two,League One,Wigan Athletic,,,https://tmssl.akamaized.net//images/wappen/homepageSmall/1071.png?lm=1407653830,in,,Ryan Trevitt,,,,,,,23,CM,Central Midfield,England,https://tmssl.akamaized.net//images/flagge/tiny/189.png?lm=1520611569,Brentford,,free,,€275k,0.275,Free,0.0,
England,en,2026-08-01 15:48 UTC,"Transfermarkt · England Premier League/Championship/League One/League Two (fees & values are estimates, EUR)",€,Premier League|Championship|League One|League Two,League One,Wigan Athletic,,,https://tmssl.akamaized.net//images/wappen/homepageSmall/1071.png?lm=1407653830,in,,Akeel Higgins,,,,,,,20,RW,Right Winger,England,https://tmssl.akamaized.net//images/flagge/tiny/189.png?lm=1520611569,West Brom U21,,free,,€175k,0.175,Free,0.0,
England,en,2026-08-01 15:48 UTC,"Transfermarkt · England Premier League/Championship/League One/League Two (fees & values are estimates, EUR)",€,Premier League|Championship|League One|League Two,League One,Wigan Athletic,,,https://tmssl.akamaized.net//images/wappen/homepageSmall/1071.png?lm=1407653830,in,,Jeremiah Chilokoa-Mullen,,,,,,,22,CB,Centre-Back,Scotland,https://tmssl.akamaized.net//images/flagge/tiny/190.png?lm=1520611569,Dunfermline A.,,free,,€250k,0.25,Free,0.0,
England,en,2026-08-01 15:48 UTC,"Transfermarkt · England Premier League/Championship/League One/League Two (fees & values are estimates, EUR)",€,Premier League|Championship|League One|League Two,League One,Wigan Athletic,,,https://tmssl.akamaized.net//images/wappen/homepageSmall/1071.png?lm=1407653830,in,,Connor Barrett,,,,,,,24,RB,Right-Back,England,https://tmssl.akamaized.net//images/flagge/tiny/189.png?lm=1520611569,Walsall,,other,,€400k,0.4,?,,
England,en,2026-08-01 15:48 UTC,"Transfermarkt · England Premier League/Championship/League One/League Two (fees & values are estimates, EUR)",€,Premier League|Championship|League One|League Two,League One,Wigan Athletic,,,https://tmssl.akamaized.net//images/wappen/homepageSmall/1071.png?lm=1407653830,in,,Sonny Perkins,,,,,,,22,RW,Right Winger,England,https://tmssl.akamaized.net//images/flagge/tiny/189.png?lm=1520611569,Leyton Orient,,other,,€600k,0.6,?,,
England,en,2026-08-01 15:48 UTC,"Transfermarkt · England Premier League/Championship/League One/League Two (fees & values are estimates, EUR)",€,Premier League|Championship|League One|League Two,League One,Wigan Athletic,,,https://tmssl.akamaized.net//images/wappen/homepageSmall/1071.png?lm=1407653830,in,,Max Power,,,,,,,32,CM,Central Midfield,England,https://tmssl.akamaized.net//images/flagge/tiny/189.png?lm=1520611569,Bradford,,other,,€200k,0.2,?,,
England,en,2026-08-01 15:48 UTC,"Transfermarkt · England Premier League/Championship/League One/League Two (fees & values are estimates, EUR)",€,Premier League|Championship|League One|League Two,League One,Wigan Athletic,,,https://tmssl.akamaized.net//images/wappen/homepageSmall/1071.png?lm=1407653830,in,,Hindolo Mustapha,,,,,,,19,AM,Attacking Midfield,Sierra Leone,https://tmssl.akamaized.net//images/flagge/tiny/152.png?lm=1520611569,Palace U21,,loan,,€100k,0.1,Loan,,
England,en,2026-08-01 15:48 UTC,"Transfermarkt · England Premier League/Championship/League One/League Two (fees & values are estimates, EUR)",€,Premier League|Championship|League One|League Two,League One,Wigan Athletic,,,https://tmssl.akamaized.net//images/wappen/homepageSmall/1071.png?lm=1407653830,in,,Joe Walsh,,,,,,,24,GK,Goalkeeper,England,https://tmssl.akamaized.net//images/flagge/tiny/189.png?lm=1520611569,QPR,,loan,,€1.50m,1.5,Loan,,
England,en,2026-08-01 15:48 UTC,"Transfermarkt · England Premier League/Championship/League One/League Two (fees & values are estimates, EUR)",€,Premier League|Championship|League One|League Two,League One,Wigan Athletic,,,https://tmssl.akamaized.net//images/wappen/homepageSmall/1071.png?lm=1407653830,in,,Llyton Chapman,,,,,,,20,RB,Right-Back,England,https://tmssl.akamaized.net//images/flagge/tiny/189.png?lm=1520611569,Wigan U21,,promotion,,?,,Promotion,,
England,en,2026-08-01 15:48 UTC,"Transfermarkt · England Premier League/Championship/League One/League Two (fees & values are estimates, EUR)",€,Premier League|Championship|League One|League Two,League One,Wigan Athletic,,,https://tmssl.akamaized.net//images/wappen/homepageSmall/1071.png?lm=1407653830,in,,Maleace Asamoah,,,,,,,24,RW,Right Winger,England,https://tmssl.akamaized.net//images/flagge/tiny/189.png?lm=1520611569,Shamrock Rovers,,loan-return,,€225k,0.225,End of loan,,
England,en,2026-08-01 15:48 UTC,"Transfermarkt · England Premier League/Championship/League One/League Two (fees & values are estimates, EUR)",€,Premier League|Championship|League One|League Two,League One,Wigan Athletic,,,https://tmssl.akamaized.net//images/wappen/homepageSmall/1071.png?lm=1407653830,out,,Harrison Bettoni,,,,,,,18,AM,Attacking Midfield,England,https://tmssl.akamaized.net//images/flagge/tiny/189.png?lm=1520611569,Chelsea U21,,free,,€150k,0.15,Free,0.0,
England,en,2026-08-01 15:48 UTC,"Transfermarkt · England Premier League/Championship/League One/League Two (fees & values are estimates, EUR)",€,Premier League|Championship|League One|League Two,League One,Wigan Athletic,,,https://tmssl.akamaized.net//images/wappen/homepageSmall/1071.png?lm=1407653830,out,,Jason Kerr,,,,,,,29,CB,Centre-Back,Scotland,https://tmssl.akamaized.net//images/flagge/tiny/190.png?lm=1520611569,Hibernian FC,,free,,€700k,0.7,Free,0.0,
England,en,2026-08-01 15:48 UTC,"Transfermarkt · England Premier League/Championship/League One/League Two (fees & values are estimates, EUR)",€,Premier League|Championship|League One|League Two,League One,Wigan Athletic,,,https://tmssl.akamaized.net//images/wappen/homepageSmall/1071.png?lm=1407653830,out,,Luke Robinson,,,,,,,24,LB,Left-Back,Scotland,https://tmssl.akamaized.net//images/flagge/tiny/190.png?lm=1520611569,Dunfermline A.,,free,,€150k,0.15,Free,0.0,
England,en,2026-08-01 15:48 UTC,"Transfermarkt · England Premier League/Championship/League One/League Two (fees & values are estimates, EUR)",€,Premier League|Championship|League One|League Two,League One,Wigan Athletic,,,https://tmssl.akamaized.net//images/wappen/homepageSmall/1071.png?lm=1407653830,out,,Toby Savin,,,,,,,25,GK,Goalkeeper,England,https://tmssl.akamaized.net//images/flagge/tiny/189.png?lm=1520611569,Torquay,,free,,€150k,0.15,Free,0.0,
England,en,2026-08-01 15:48 UTC,"Transfermarkt · England Premier League/Championship/League One/League Two (fees & values are estimates, EUR)",€,Premier League|Championship|League One|League Two,League One,Wigan Athletic,,,https://tmssl.akamaized.net//images/wappen/homepageSmall/1071.png?lm=1407653830,out,,Steven Sessegnon,,,,,,,26,RB,Right-Back,England,https://tmssl.akamaized.net//images/flagge/tiny/189.png?lm=1520611569,AFC Wimbledon,,free,,€250k,0.25,Free,0.0,
England,en,2026-08-01 15:48 UTC,"Transfermarkt · England Premier League/Championship/League One/League Two (fees & values are estimates, EUR)",€,Premier League|Championship|League One|League Two,League One,Wigan Athletic,,,https://tmssl.akamaized.net//images/wappen/homepageSmall/1071.png?lm=1407653830,out,,Will Aimson,,,,,,,32,CB,Centre-Back,England,https://tmssl.akamaized.net//images/flagge/tiny/189.png?lm=1520611569,Salford,,free,,€200k,0.2,Free,0.0,
England,en,2026-08-01 15:48 UTC,"Transfermarkt · England Premier League/Championship/League One/League Two (fees & values are estimates, EUR)",€,Premier League|Championship|League One|League Two,League One,Wigan Athletic,,,https://tmssl.akamaized.net//images/wappen/homepageSmall/1071.png?lm=1407653830,out,,Jack Hunt,,,,,,,35,RB,Right-Back,England,https://tmssl.akamaized.net//images/flagge/tiny/189.png?lm=1520611569,York City,,free,,€50k,0.05,Free,0.0,
England,en,2026-08-01 15:48 UTC,"Transfermarkt · England Premier League/Championship/League One/League Two (fees & values are estimates, EUR)",€,Premier League|Championship|League One|League Two,League One,Wigan Athletic,,,https://tmssl.akamaized.net//images/wappen/homepageSmall/1071.png?lm=1407653830,out,,Sam Tickle,,,,,,,24,GK,Goalkeeper,England,https://tmssl.akamaized.net//images/flagge/tiny/189.png?lm=1520611569,Bristol City,,other,,€1.20m,1.2,?,,
England,en,2026-08-01 15:48 UTC,"Transfermarkt · England Premier League/Championship/League One/League Two (fees & values are estimates, EUR)",€,Premier League|Championship|League One|League Two,League One,Wigan Athletic,,,https://tmssl.akamaized.net//images/wappen/homepageSmall/1071.png?lm=1407653830,out,,Tyrese Francois,,,,,,,25,CM,Central Midfield,Australia,https://tmssl.akamaized.net//images/flagge/tiny/12.png?lm=1520611569,Without Club,,other,,€300k,0.3,?,,
England,en,2026-08-01 15:48 UTC,"Transfermarkt · England Premier League/Championship/League One/League Two (fees & values are estimates, EUR)",€,Premier League|Championship|League One|League Two,League One,Wigan Athletic,,,https://tmssl.akamaized.net//images/wappen/homepageSmall/1071.png?lm=1407653830,out,,Joe Walsh,,,,,,,25,GK,Goalkeeper,England,https://tmssl.akamaized.net//images/flagge/tiny/189.png?lm=1520611569,QPR,,loan-return,,€1.50m,1.5,End of loan,,
England,en,2026-08-01 15:48 UTC,"Transfermarkt · England Premier League/Championship/League One/League Two (fees & values are estimates, EUR)",€,Premier League|Championship|League One|League Two,League One,Wigan Athletic,,,https://tmssl.akamaized.net//images/wappen/homepageSmall/1071.png?lm=1407653830,out,,Joe Taylor,,,,,,,23,CF,Centre-Forward,Wales,https://tmssl.akamaized.net//images/flagge/tiny/191.png?lm=1520611569,Huddersfield,,loan-return,,€600k,0.6,End of loan,,
England,en,2026-08-01 15:48 UTC,"Transfermarkt · England Premier League/Championship/League One/League Two (fees & values are estimates, EUR)",€,Premier League|Championship|League One|League Two,League One,Wycombe Wanderers,,,https://tmssl.akamaized.net//images/wappen/homepageSmall/2805.png?lm=1524827118,in,,Silko Thomas,,,,,,,22,RW,Right Winger,England,https://tmssl.akamaized.net//images/flagge/tiny/189.png?lm=1520611569,Leicester,,free,,€500k,0.5,Free,0.0,
England,en,2026-08-01 15:48 UTC,"Transfermarkt · England Premier League/Championship/League One/League Two (fees & values are estimates, EUR)",€,Premier League|Championship|League One|League Two,League One,Wycombe Wanderers,,,https://tmssl.akamaized.net//images/wappen/homepageSmall/2805.png?lm=1524827118,in,,Conor Hazard,,,,,,,28,GK,Goalkeeper,Northern Ireland,https://tmssl.akamaized.net//images/flagge/tiny/192.png?lm=1520611569,Plymouth,,free,,€700k,0.7,Free,0.0,
England,en,2026-08-01 15:48 UTC,"Transfermarkt · England Premier League/Championship/League One/League Two (fees & values are estimates, EUR)",€,Premier League|Championship|League One|League Two,League One,Wycombe Wanderers,,,https://tmssl.akamaized.net//images/wappen/homepageSmall/2805.png?lm=1524827118,in,,Matt Macey,,,,,,,31,GK,Goalkeeper,England,https://tmssl.akamaized.net//images/flagge/tiny/189.png?lm=1520611569,Colchester Utd.,,free,,€200k,0.2,Free,0.0,
England,en,2026-08-01 15:48 UTC,"Transfermarkt · England Premier League/Championship/League One/League Two (fees & values are estimates, EUR)",€,Premier League|Championship|League One|League Two,League One,Wycombe Wanderers,,,https://tmssl.akamaized.net//images/wappen/homepageSmall/2805.png?lm=1524827118,in,,Steve Cook,,,,,,,35,CB,Centre-Back,England,https://tmssl.akamaized.net//images/flagge/tiny/189.png?lm=1520611569,QPR,,free,,€200k,0.2,Free,0.0,
England,en,2026-08-01 15:48 UTC,"Transfermarkt · England Premier League/Championship/League One/League Two (fees & values are estimates, EUR)",€,Premier League|Championship|League One|League Two,League One,Wycombe Wanderers,,,https://tmssl.akamaized.net//images/wappen/homepageSmall/2805.png?lm=1524827118,in,,Cauley Woodrow,,,,,,,31,CF,Centre-Forward,England,https://tmssl.akamaized.net//images/flagge/tiny/189.png?lm=1520611569,Luton,,other,,€400k,0.4,?,,
England,en,2026-08-01 15:48 UTC,"Transfermarkt · England Premier League/Championship/League One/League Two (fees & values are estimates, EUR)",€,Premier League|Championship|League One|League Two,League One,Wycombe Wanderers,,,https://tmssl.akamaized.net//images/wappen/homepageSmall/2805.png?lm=1524827118,in,,Emre Tezgel,,,,,,,20,CF,Centre-Forward,England,https://tmssl.akamaized.net//images/flagge/tiny/189.png?lm=1520611569,Stoke City,,loan,,€550k,0.55,Loan,,
England,en,2026-08-01 15:48 UTC,"Transfermarkt · England Premier League/Championship/League One/League Two (fees & values are estimates, EUR)",€,Premier League|Championship|League One|League Two,League One,Wycombe Wanderers,,,https://tmssl.akamaized.net//images/wappen/homepageSmall/2805.png?lm=1524827118,in,,Sam Parker,,,,,,,20,RB,Right-Back,Wales,https://tmssl.akamaized.net//images/flagge/tiny/191.png?lm=1520611569,Swansea,,loan,,€300k,0.3,Loan,,
England,en,2026-08-01 15:48 UTC,"Transfermarkt · England Premier League/Championship/League One/League Two (fees & values are estimates, EUR)",€,Premier League|Championship|League One|League Two,League One,Wycombe Wanderers,,,https://tmssl.akamaized.net//images/wappen/homepageSmall/2805.png?lm=1524827118,in,,Shamal George,,,,,,,28,GK,Goalkeeper,England,https://tmssl.akamaized.net//images/flagge/tiny/189.png?lm=1520611569,St. Mirren,,loan-return,,€300k,0.3,End of loan,,
England,en,2026-08-01 15:48 UTC,"Transfermarkt · England Premier League/Championship/League One/League Two (fees & values are estimates, EUR)",€,Premier League|Championship|League One|League Two,League One,Wycombe Wanderers,,,https://tmssl.akamaized.net//images/wappen/homepageSmall/2805.png?lm=1524827118,in,,Declan Skura,,,,,,,25,CB,Centre-Back,England,https://tmssl.akamaized.net//images/flagge/tiny/189.png?lm=1520611569,Walsall,,loan-return,,€75k,0.075,End of loan,,
England,en,2026-08-01 15:48 UTC,"Transfermarkt · England Premier League/Championship/League One/League Two (fees & values are estimates, EUR)",€,Premier League|Championship|League One|League Two,League One,Wycombe Wanderers,,,https://tmssl.akamaized.net//images/wappen/homepageSmall/2805.png?lm=1524827118,in,,James Berry,,,,,,,26,LW,Left Winger,England,https://tmssl.akamaized.net//images/flagge/tiny/189.png?lm=1520611569,Forest Green,,loan-return,,€200k,0.2,End of loan,,
England,en,2026-08-01 15:48 UTC,"Transfermarkt · England Premier League/Championship/League One/League Two (fees & values are estimates, EUR)",€,Premier League|Championship|League One|League Two,League One,Wycombe Wanderers,,,https://tmssl.akamaized.net//images/wappen/homepageSmall/2805.png?lm=1524827118,in,,Jack Matton,,,,,,,21,CB,Centre-Back,England,https://tmssl.akamaized.net//images/flagge/tiny/189.png?lm=1520611569,Aldershot,,loan-return,,?,,End of loan,,
England,en,2026-08-01 15:48 UTC,"Transfermarkt · England Premier League/Championship/League One/League Two (fees & values are estimates, EUR)",€,Premier League|Championship|League One|League Two,League One,Wycombe Wanderers,,,https://tmssl.akamaized.net//images/wappen/homepageSmall/2805.png?lm=1524827118,out,,Shamal George,,,,,,,28,GK,Goalkeeper,England,https://tmssl.akamaized.net//images/flagge/tiny/189.png?lm=1520611569,Bromley,,free,,€300k,0.3,Free,0.0,
England,en,2026-08-01 15:48 UTC,"Transfermarkt · England Premier League/Championship/League One/League Two (fees & values are estimates, EUR)",€,Premier League|Championship|League One|League Two,League One,Wycombe Wanderers,,,https://tmssl.akamaized.net//images/wappen/homepageSmall/2805.png?lm=1524827118,out,,Will Norris,,,,,,,32,GK,Goalkeeper,England,https://tmssl.akamaized.net//images/flagge/tiny/189.png?lm=1520611569,Salford,,free,,€300k,0.3,Free,0.0,
England,en,2026-08-01 15:48 UTC,"Transfermarkt · England Premier League/Championship/League One/League Two (fees & values are estimates, EUR)",€,Premier League|Championship|League One|League Two,League One,Wycombe Wanderers,,,https://tmssl.akamaized.net//images/wappen/homepageSmall/2805.png?lm=1524827118,out,,James Tilley,,,,,,,28,RW,Right Winger,England,https://tmssl.akamaized.net//images/flagge/tiny/189.png?lm=1520611569,AFC Wimbledon,,other,,€350k,0.35,?,,
England,en,2026-08-01 15:48 UTC,"Transfermarkt · England Premier League/Championship/League One/League Two (fees & values are estimates, EUR)",€,Premier League|Championship|League One|League Two,League One,Wycombe Wanderers,,,https://tmssl.akamaized.net//images/wappen/homepageSmall/2805.png?lm=1524827118,out,,Alex Lowry,,,,,,,23,AM,Attacking Midfield,Scotland,https://tmssl.akamaized.net//images/flagge/tiny/190.png?lm=1520611569,Motherwell FC,,loan,,€250k,0.25,Loan,,
England,en,2026-08-01 15:48 UTC,"Transfermarkt · England Premier League/Championship/League One/League Two (fees & values are estimates, EUR)",€,Premier League|Championship|League One|League Two,League One,Wycombe Wanderers,,,https://tmssl.akamaized.net//images/wappen/homepageSmall/2805.png?lm=1524827118,out,,Laurence Shala,,,,,,,21,GK,Goalkeeper,England,https://tmssl.akamaized.net//images/flagge/tiny/189.png?lm=1520611569,Without Club,,other,,?,,?,,
England,en,2026-08-01 15:48 UTC,"Transfermarkt · England Premier League/Championship/League One/League Two (fees & values are estimates, EUR)",€,Premier League|Championship|League One|League Two,League One,Wycombe Wanderers,,,https://tmssl.akamaized.net//images/wappen/homepageSmall/2805.png?lm=1524827118,out,,Fin Back,,,,,,,23,RB,Right-Back,England,https://tmssl.akamaized.net//images/flagge/tiny/189.png?lm=1520611569,Without Club,,other,,€175k,0.175,?,,
England,en,2026-08-01 15:48 UTC,"Transfermarkt · England Premier League/Championship/League One/League Two (fees & values are estimates, EUR)",€,Premier League|Championship|League One|League Two,League One,Wycombe Wanderers,,,https://tmssl.akamaized.net//images/wappen/homepageSmall/2805.png?lm=1524827118,out,,James Berry,,,,,,,25,LW,Left Winger,England,https://tmssl.akamaized.net//images/flagge/tiny/189.png?lm=1520611569,Forest Green,,loan,,€200k,0.2,Loan,,
England,en,2026-08-01 15:48 UTC,"Transfermarkt · England Premier League/Championship/League One/League Two (fees & values are estimates, EUR)",€,Premier League|Championship|League One|League Two,League One,Wycombe Wanderers,,,https://tmssl.akamaized.net//images/wappen/homepageSmall/2805.png?lm=1524827118,out,,Jack Matton,,,,,,,20,CB,Centre-Back,England,https://tmssl.akamaized.net//images/flagge/tiny/189.png?lm=1520611569,Aldershot,,loan,,?,,Loan,,
England,en,2026-08-01 15:48 UTC,"Transfermarkt · England Premier League/Championship/League One/League Two (fees & values are estimates, EUR)",€,Premier League|Championship|League One|League Two,League One,Wycombe Wanderers,,,https://tmssl.akamaized.net//images/wappen/homepageSmall/2805.png?lm=1524827118,out,,Declan Skura,,,,,,,24,CB,Centre-Back,England,https://tmssl.akamaized.net//images/flagge/tiny/189.png?lm=1520611569,Walsall,,loan,,€75k,0.075,Loan,,
England,en,2026-08-01 15:48 UTC,"Transfermarkt · England Premier League/Championship/League One/League Two (fees & values are estimates, EUR)",€,Premier League|Championship|League One|League Two,League One,Wycombe Wanderers,,,https://tmssl.akamaized.net//images/wappen/homepageSmall/2805.png?lm=1524827118,out,,Emre Tezgel,,,,,,,21,CF,Centre-Forward,England,https://tmssl.akamaized.net//images/flagge/tiny/189.png?lm=1520611569,Stoke City,,loan-return,,€550k,0.55,End of loan,,
England,en,2026-08-01 15:48 UTC,"Transfermarkt · England Premier League/Championship/League One/League Two (fees & values are estimates, EUR)",€,Premier League|Championship|League One|League Two,League One,Wycombe Wanderers,,,https://tmssl.akamaized.net//images/wappen/homepageSmall/2805.png?lm=1524827118,out,,Sam Parker,,,,,,,20,RB,Right-Back,Wales,https://tmssl.akamaized.net//images/flagge/tiny/191.png?lm=1520611569,Swansea,,loan-return,,€300k,0.3,End of loan,,
England,en,2026-08-01 15:48 UTC,"Transfermarkt · England Premier League/Championship/League One/League Two (fees & values are estimates, EUR)",€,Premier League|Championship|League One|League Two,League One,Wycombe Wanderers,,,https://tmssl.akamaized.net//images/wappen/homepageSmall/2805.png?lm=1524827118,out,,Cauley Woodrow,,,,,,,31,CF,Centre-Forward,England,https://tmssl.akamaized.net//images/flagge/tiny/189.png?lm=1520611569,Luton,,loan-return,,€400k,0.4,End of loan,,
England,en,2026-08-01 15:48 UTC,"Transfermarkt · England Premier League/Championship/League One/League Two (fees & values are estimates, EUR)",€,Premier League|Championship|League One|League Two,League One,Wycombe Wanderers,,,https://tmssl.akamaized.net//images/wappen/homepageSmall/2805.png?lm=1524827118,out,,Niall Huggins,,,,,,,25,RB,Right-Back,Wales,https://tmssl.akamaized.net//images/flagge/tiny/191.png?lm=1520611569,Sunderland,,loan-return,,€600k,0.6,End of loan,,
England,en,2026-08-01 15:48 UTC,"Transfermarkt · England Premier League/Championship/League One/League Two (fees & values are estimates, EUR)",€,Premier League|Championship|League One|League Two,League Two,Accrington Stanley,,,https://tmssl.akamaized.net//images/wappen/homepageSmall/3688.png?lm=1416652535,in,,Joe Anderson,,,,,,,25,CB,Centre-Back,England,https://tmssl.akamaized.net//images/flagge/tiny/189.png?lm=1520611569,Barrow,,free,,€125k,0.125,Free,0.0,
England,en,2026-08-01 15:48 UTC,"Transfermarkt · England Premier League/Championship/League One/League Two (fees & values are estimates, EUR)",€,Premier League|Championship|League One|League Two,League Two,Accrington Stanley,,,https://tmssl.akamaized.net//images/wappen/homepageSmall/3688.png?lm=1416652535,in,,Tom Moore,,,,,,,27,CB,Centre-Back,England,https://tmssl.akamaized.net//images/flagge/tiny/189.png?lm=1520611569,Southport,,free,,?,,Free,0.0,
England,en,2026-08-01 15:48 UTC,"Transfermarkt · England Premier League/Championship/League One/League Two (fees & values are estimates, EUR)",€,Premier League|Championship|League One|League Two,League Two,Accrington Stanley,,,https://tmssl.akamaized.net//images/wappen/homepageSmall/3688.png?lm=1416652535,in,,Stefan Mols,,,,,,,27,CM,Central Midfield,Spain,https://tmssl.akamaized.net//images/flagge/tiny/157.png?lm=1520611569,Tamworth,,free,,?,,Free,0.0,
England,en,2026-08-01 15:48 UTC,"Transfermarkt · England Premier League/Championship/League One/League Two (fees & values are estimates, EUR)",€,Premier League|Championship|League One|League Two,League Two,Accrington Stanley,,,https://tmssl.akamaized.net//images/wappen/homepageSmall/3688.png?lm=1416652535,in,,Cole Stockton,,,,,,,32,CF,Centre-Forward,England,https://tmssl.akamaized.net//images/flagge/tiny/189.png?lm=1520611569,Salford,,free,,€100k,0.1,Free,0.0,
England,en,2026-08-01 15:48 UTC,"Transfermarkt · England Premier League/Championship/League One/League Two (fees & values are estimates, EUR)",€,Premier League|Championship|League One|League Two,League Two,Accrington Stanley,,,https://tmssl.akamaized.net//images/wappen/homepageSmall/3688.png?lm=1416652535,in,,David Tutonda,,,,,,,30,LB,Left-Back,DR Congo,https://tmssl.akamaized.net//images/flagge/tiny/193.png?lm=1520611569,Rochdale,,free,,?,,Free,0.0,
England,en,2026-08-01 15:48 UTC,"Transfermarkt · England Premier League/Championship/League One/League Two (fees & values are estimates, EUR)",€,Premier League|Championship|League One|League Two,League Two,Accrington Stanley,,,https://tmssl.akamaized.net//images/wappen/homepageSmall/3688.png?lm=1416652535,in,,Louie Moulden,,,,,,,24,GK,Goalkeeper,England,https://tmssl.akamaized.net//images/flagge/tiny/189.png?lm=1520611569,Norwich,,loan,,?,,Loan,,
England,en,2026-08-01 15:48 UTC,"Transfermarkt · England Premier League/Championship/League One/League Two (fees & values are estimates, EUR)",€,Premier League|Championship|League One|League Two,League Two,Accrington Stanley,,,https://tmssl.akamaized.net//images/wappen/homepageSmall/3688.png?lm=1416652535,out,,Finlay Tunstall,,,,,,,19,CM,Central Midfield,England,https://tmssl.akamaized.net//images/flagge/tiny/189.png?lm=1520611569,Quorn FC,,free,,?,,Free,0.0,
England,en,2026-08-01 15:48 UTC,"Transfermarkt · England Premier League/Championship/League One/League Two (fees & values are estimates, EUR)",€,Premier League|Championship|League One|League Two,League Two,Accrington Stanley,,,https://tmssl.akamaized.net//images/wappen/homepageSmall/3688.png?lm=1416652535,out,,Charlie Hall,,,,,,,20,CM,Central Midfield,England,https://tmssl.akamaized.net//images/flagge/tiny/189.png?lm=1520611569,Without Club,,other,,€50k,0.05,?,,
England,en,2026-08-01 15:48 UTC,"Transfermarkt · England Premier League/Championship/League One/League Two (fees & values are estimates, EUR)",€,Premier League|Championship|League One|League Two,League Two,Accrington Stanley,,,https://tmssl.akamaized.net//images/wappen/homepageSmall/3688.png?lm=1416652535,out,,Dan Martin,,,,,,,24,AM,Attacking Midfield,England,https://tmssl.akamaized.net//images/flagge/tiny/189.png?lm=1520611569,Without Club,,other,,€75k,0.075,?,,
England,en,2026-08-01 15:48 UTC,"Transfermarkt · England Premier League/Championship/League One/League Two (fees & values are estimates, EUR)",€,Premier League|Championship|League One|League Two,League Two,Accrington Stanley,,,https://tmssl.akamaized.net//images/wappen/homepageSmall/3688.png?lm=1416652535,out,,Michael Kelly,,,,,,,29,GK,Goalkeeper,Ireland,https://tmssl.akamaized.net//images/flagge/tiny/72.png?lm=1520611569,Without Club,,other,,€75k,0.075,?,,
England,en,2026-08-01 15:48 UTC,"Transfermarkt · England Premier League/Championship/League One/League Two (fees & values are estimates, EUR)",€,Premier League|Championship|League One|League Two,League Two,Accrington Stanley,,,https://tmssl.akamaized.net//images/wappen/homepageSmall/3688.png?lm=1416652535,out,,Isaac Heath,,,,,,,21,LW,Left Winger,England,https://tmssl.akamaized.net//images/flagge/tiny/189.png?lm=1520611569,Everton U21,,loan-return,,€250k,0.25,End of loan,,
England,en,2026-08-01 15:48 UTC,"Transfermarkt · England Premier League/Championship/League One/League Two (fees & values are estimates, EUR)",€,Premier League|Championship|League One|League Two,League Two,Accrington Stanley,,,https://tmssl.akamaized.net//images/wappen/homepageSmall/3688.png?lm=1416652535,out,,Louie Moulden,,,,,,,25,GK,Goalkeeper,England,https://tmssl.akamaized.net//images/flagge/tiny/189.png?lm=1520611569,Norwich,,loan-return,,?,,End of loan,,
England,en,2026-08-01 15:48 UTC,"Transfermarkt · England Premier League/Championship/League One/League Two (fees & values are estimates, EUR)",€,Premier League|Championship|League One|League Two,League Two,Barnet FC,,,https://tmssl.akamaized.net//images/wappen/homepageSmall/2804.png?lm=1535383690,in,,Will Wright,,,,,,,29,CB,Centre-Back,England,https://tmssl.akamaized.net//images/flagge/tiny/189.png?lm=1520611569,Swindon Town,,free,,€350k,0.35,Free,0.0,
England,en,2026-08-01 15:48 UTC,"Transfermarkt · England Premier League/Championship/League One/League Two (fees & values are estimates, EUR)",€,Premier League|Championship|League One|League Two,League Two,Barnet FC,,,https://tmssl.akamaized.net//images/wappen/homepageSmall/2804.png?lm=1535383690,in,,Tom Knowles,,,,,,,27,LW,Left Winger,England,https://tmssl.akamaized.net//images/flagge/tiny/189.png?lm=1520611569,Forest Green,,free,,?,,Free,0.0,
England,en,2026-08-01 15:48 UTC,"Transfermarkt · England Premier League/Championship/League One/League Two (fees & values are estimates, EUR)",€,Premier League|Championship|League One|League Two,League Two,Barnet FC,,,https://tmssl.akamaized.net//images/wappen/homepageSmall/2804.png?lm=1535383690,in,,Charlie Lakin,,,,,,,27,CM,Central Midfield,England,https://tmssl.akamaized.net//images/flagge/tiny/189.png?lm=1520611569,Walsall,,free,,€200k,0.2,Free,0.0,
England,en,2026-08-01 15:48 UTC,"Transfermarkt · England Premier League/Championship/League One/League Two (fees & values are estimates, EUR)",€,Premier League|Championship|League One|League Two,League Two,Barnet FC,,,https://tmssl.akamaized.net//images/wappen/homepageSmall/2804.png?lm=1535383690,in,,Brandon Comley,,,,,,,30,DM,Defensive Midfield,Montserrat,https://tmssl.akamaized.net//images/flagge/tiny/235.png?lm=1520611569,Walsall,,free,,€100k,0.1,Free,0.0,
England,en,2026-08-01 15:48 UTC,"Transfermarkt · England Premier League/Championship/League One/League Two (fees & values are estimates, EUR)",€,Premier League|Championship|League One|League Two,League Two,Barnet FC,,,https://tmssl.akamaized.net//images/wappen/homepageSmall/2804.png?lm=1535383690,in,,Craig Farquhar,,,,,,,23,CB,Centre-Back,Northern Ireland,https://tmssl.akamaized.net//images/flagge/tiny/192.png?lm=1520611569,Palace U21,,free,,?,,Free,0.0,
England,en,2026-08-01 15:48 UTC,"Transfermarkt · England Premier League/Championship/League One/League Two (fees & values are estimates, EUR)",€,Premier League|Championship|League One|League Two,League Two,Barnet FC,,,https://tmssl.akamaized.net//images/wappen/homepageSmall/2804.png?lm=1535383690,in,,Taye Ashby-Hammond,,,,,,,27,GK,Goalkeeper,England,https://tmssl.akamaized.net//images/flagge/tiny/189.png?lm=1520611569,Stevenage,,free,,€175k,0.175,Free,0.0,
England,en,2026-08-01 15:48 UTC,"Transfermarkt · England Premier League/Championship/League One/League Two (fees & values are estimates, EUR)",€,Premier League|Championship|League One|League Two,League Two,Barnet FC,,,https://tmssl.akamaized.net//images/wappen/homepageSmall/2804.png?lm=1535383690,in,,Zac Williams,,,,,,,22,CB,Centre-Back,Wales,https://tmssl.akamaized.net//images/flagge/tiny/191.png?lm=1520611569,Crewe Alexandra,,free,,€450k,0.45,Free,0.0,
England,en,2026-08-01 15:48 UTC,"Transfermarkt · England Premier League/Championship/League One/League Two (fees & values are estimates, EUR)",€,Premier League|Championship|League One|League Two,League Two,Barnet FC,,,https://tmssl.akamaized.net//images/wappen/homepageSmall/2804.png?lm=1535383690,in,,Isiah Noel-Williams,,,,,,,23,CF,Centre-Forward,England,https://tmssl.akamaized.net//images/flagge/tiny/189.png?lm=1520611569,Hemel,,other,,?,,?,,
England,en,2026-08-01 15:48 UTC,"Transfermarkt · England Premier League/Championship/League One/League Two (fees & values are estimates, EUR)",€,Premier League|Championship|League One|League Two,League Two,Barnet FC,,,https://tmssl.akamaized.net//images/wappen/homepageSmall/2804.png?lm=1535383690,in,,Jack Maskell,,,,,,,22,CF,Centre-Forward,England,https://tmssl.akamaized.net//images/flagge/tiny/189.png?lm=1520611569,Darlington,,other,,?,,?,,
England,en,2026-08-01 15:48 UTC,"Transfermarkt · England Premier League/Championship/League One/League Two (fees & values are estimates, EUR)",€,Premier League|Championship|League One|League Two,League Two,Barnet FC,,,https://tmssl.akamaized.net//images/wappen/homepageSmall/2804.png?lm=1535383690,in,,Matthew Cox,,,,,,,23,GK,Goalkeeper,England,https://tmssl.akamaized.net//images/flagge/tiny/189.png?lm=1520611569,Brentford,,loan,,€700k,0.7,Loan,,
England,en,2026-08-01 15:48 UTC,"Transfermarkt · England Premier League/Championship/League One/League Two (fees & values are estimates, EUR)",€,Premier League|Championship|League One|League Two,League Two,Barnet FC,,,https://tmssl.akamaized.net//images/wappen/homepageSmall/2804.png?lm=1535383690,in,,Oisín Gallagher,,,,,,,21,CB,Centre-Back,Ireland,https://tmssl.akamaized.net//images/flagge/tiny/72.png?lm=1520611569,Lincoln City,,loan,,?,,Loan,,
England,en,2026-08-01 15:48 UTC,"Transfermarkt · England Premier League/Championship/League One/League Two (fees & values are estimates, EUR)",€,Premier League|Championship|League One|League Two,League Two,Barnet FC,,,https://tmssl.akamaized.net//images/wappen/homepageSmall/2804.png?lm=1535383690,out,,Joe Kizzi,,,,,,,33,RB,Right-Back,England,https://tmssl.akamaized.net//images/flagge/tiny/189.png?lm=1520611569,Hornchurch,,free,,€75k,0.075,Free,0.0,
England,en,2026-08-01 15:48 UTC,"Transfermarkt · England Premier League/Championship/League One/League Two (fees & values are estimates, EUR)",€,Premier League|Championship|League One|League Two,League Two,Barnet FC,,,https://tmssl.akamaized.net//images/wappen/homepageSmall/2804.png?lm=1535383690,out,,Oli Hawkins,,,,,,,34,CF,Centre-Forward,England,https://tmssl.akamaized.net//images/flagge/tiny/189.png?lm=1520611569,Eastleigh,,free,,€50k,0.05,Free,0.0,
England,en,2026-08-01 15:48 UTC,"Transfermarkt · England Premier League/Championship/League One/League Two (fees & values are estimates, EUR)",€,Premier League|Championship|League One|League Two,League Two,Barnet FC,,,https://tmssl.akamaized.net//images/wappen/homepageSmall/2804.png?lm=1535383690,out,,Britt Assombalonga,,,,,,,33,CF,Centre-Forward,DR Congo,https://tmssl.akamaized.net//images/flagge/tiny/193.png?lm=1520611569,Harborough,,free,,€100k,0.1,Free,0.0,
England,en,2026-08-01 15:48 UTC,"Transfermarkt · England Premier League/Championship/League One/League Two (fees & values are estimates, EUR)",€,Premier League|Championship|League One|League Two,League Two,Barnet FC,,,https://tmssl.akamaized.net//images/wappen/homepageSmall/2804.png?lm=1535383690,out,,Owen Evans,,,,,,,29,GK,Goalkeeper,Wales,https://tmssl.akamaized.net//images/flagge/tiny/191.png?lm=1520611569,Altrincham,,free,,€75k,0.075,Free,0.0,
England,en,2026-08-01 15:48 UTC,"Transfermarkt · England Premier League/Championship/League One/League Two (fees & values are estimates, EUR)",€,Premier League|Championship|League One|League Two,League Two,Barnet FC,,,https://tmssl.akamaized.net//images/wappen/homepageSmall/2804.png?lm=1535383690,out,,Mark Shelton,,,,,,,29,CM,Central Midfield,England,https://tmssl.akamaized.net//images/flagge/tiny/189.png?lm=1520611569,York City,,free,,€150k,0.15,Free,0.0,
England,en,2026-08-01 15:48 UTC,"Transfermarkt · England Premier League/Championship/League One/League Two (fees & values are estimates, EUR)",€,Premier League|Championship|League One|League Two,League Two,Barnet FC,,,https://tmssl.akamaized.net//images/wappen/homepageSmall/2804.png?lm=1535383690,out,,Rhys Browne,,,,,,,30,RW,Right Winger,Antigua and Barbuda,https://tmssl.akamaized.net//images/flagge/tiny/7.png?lm=1520611569,Chelmsford,,free,,€75k,0.075,Free,0.0,
England,en,2026-08-01 15:48 UTC,"Transfermarkt · England Premier League/Championship/League One/League Two (fees & values are estimates, EUR)",€,Premier League|Championship|League One|League Two,League Two,Barnet FC,,,https://tmssl.akamaized.net//images/wappen/homepageSmall/2804.png?lm=1535383690,out,,Anthony Hartigan,,,,,,,26,CM,Central Midfield,England,https://tmssl.akamaized.net//images/flagge/tiny/189.png?lm=1520611569,Southend United,,free,,€175k,0.175,Free,0.0,
England,en,2026-08-01 15:48 UTC,"Transfermarkt · England Premier League/Championship/League One/League Two (fees & values are estimates, EUR)",€,Premier League|Championship|League One|League Two,League Two,Barnet FC,,,https://tmssl.akamaized.net//images/wappen/homepageSmall/2804.png?lm=1535383690,out,,Callum Stead,,,,,,,26,CF,Centre-Forward,England,https://tmssl.akamaized.net//images/flagge/tiny/189.png?lm=1520611569,Cambridge Utd.,,free,,€200k,0.2,Free,0.0,
England,en,2026-08-01 15:48 UTC,"Transfermarkt · England Premier League/Championship/League One/League Two (fees & values are estimates, EUR)",€,Premier League|Championship|League One|League Two,League Two,Barnet FC,,,https://tmssl.akamaized.net//images/wappen/homepageSmall/2804.png?lm=1535383690,out,,Emmanuel Osadebe,,,,,,,29,CM,Central Midfield,Ireland,https://tmssl.akamaized.net//images/flagge/tiny/72.png?lm=1520611569,Sutton Utd,,free,,€75k,0.075,Free,0.0,
England,en,2026-08-01 15:48 UTC,"Transfermarkt · England Premier League/Championship/League One/League Two (fees & values are estimates, EUR)",€,Premier League|Championship|League One|League Two,League Two,Barnet FC,,,https://tmssl.akamaized.net//images/wappen/homepageSmall/2804.png?lm=1535383690,out,,Joe Wright,,,,,,,25,GK,Goalkeeper,England,https://tmssl.akamaized.net//images/flagge/tiny/189.png?lm=1520611569,Billericay,,other,,?,,?,,
England,en,2026-08-01 15:48 UTC,"Transfermarkt · England Premier League/Championship/League One/League Two (fees & values are estimates, EUR)",€,Premier League|Championship|League One|League Two,League Two,Barnet FC,,,https://tmssl.akamaized.net//images/wappen/homepageSmall/2804.png?lm=1535383690,out,,Ryan Glover,,,,,,,25,RW,Right Winger,England,https://tmssl.akamaized.net//images/flagge/tiny/189.png?lm=1520611569,Stockport,,other,,€350k,0.35,?,,
England,en,2026-08-01 15:48 UTC,"Transfermarkt · England Premier League/Championship/League One/League Two (fees & values are estimates, EUR)",€,Premier League|Championship|League One|League Two,League Two,Barnet FC,,,https://tmssl.akamaized.net//images/wappen/homepageSmall/2804.png?lm=1535383690,out,,Joe Rye,,,,,,,22,CB,Centre-Back,England,https://tmssl.akamaized.net//images/flagge/tiny/189.png?lm=1520611569,Tamworth,,other,,?,,?,,
England,en,2026-08-01 15:48 UTC,"Transfermarkt · England Premier League/Championship/League One/League Two (fees & values are estimates, EUR)",€,Premier League|Championship|League One|League Two,League Two,Barnet FC,,,https://tmssl.akamaized.net//images/wappen/homepageSmall/2804.png?lm=1535383690,out,,Dennis Adeniran,,,,,,,27,CM,Central Midfield,England,https://tmssl.akamaized.net//images/flagge/tiny/189.png?lm=1520611569,Without Club,,other,,€125k,0.125,?,,
England,en,2026-08-01 15:48 UTC,"Transfermarkt · England Premier League/Championship/League One/League Two (fees & values are estimates, EUR)",€,Premier League|Championship|League One|League Two,League Two,Barnet FC,,,https://tmssl.akamaized.net//images/wappen/homepageSmall/2804.png?lm=1535383690,out,,Myles Kenlock,,,,,,,29,LB,Left-Back,England,https://tmssl.akamaized.net//images/flagge/tiny/189.png?lm=1520611569,Without Club,,other,,?,,?,,
England,en,2026-08-01 15:48 UTC,"Transfermarkt · England Premier League/Championship/League One/League Two (fees & values are estimates, EUR)",€,Premier League|Championship|League One|League Two,League Two,Barnet FC,,,https://tmssl.akamaized.net//images/wappen/homepageSmall/2804.png?lm=1535383690,out,,Ben Winterburn,,,,,,,21,DM,Defensive Midfield,England,https://tmssl.akamaized.net//images/flagge/tiny/189.png?lm=1520611569,Bournemouth,,loan-return,,€350k,0.35,End of loan,,
England,en,2026-08-01 15:48 UTC,"Transfermarkt · England Premier League/Championship/League One/League Two (fees & values are estimates, EUR)",€,Premier League|Championship|League One|League Two,League Two,Barnet FC,,,https://tmssl.akamaized.net//images/wappen/homepageSmall/2804.png?lm=1535383690,out,,Oisín Gallagher,,,,,,,22,CB,Centre-Back,Ireland,https://tmssl.akamaized.net//images/flagge/tiny/72.png?lm=1520611569,Lincoln City,,loan-return,,?,,End of loan,,
England,en,2026-08-01 15:48 UTC,"Transfermarkt · England Premier League/Championship/League One/League Two (fees & values are estimates, EUR)",€,Premier League|Championship|League One|League Two,League Two,Barnet FC,,,https://tmssl.akamaized.net//images/wappen/homepageSmall/2804.png?lm=1535383690,out,,Matthew Cox,,,,,,,24,GK,Goalkeeper,England,https://tmssl.akamaized.net//images/flagge/tiny/189.png?lm=1520611569,Brentford,,loan-return,,€700k,0.7,End of loan,,
England,en,2026-08-01 15:48 UTC,"Transfermarkt · England Premier League/Championship/League One/League Two (fees & values are estimates, EUR)",€,Premier League|Championship|League One|League Two,League Two,Bristol Rovers,,,https://tmssl.akamaized.net//images/wappen/homepageSmall/2455.png?lm=1550607109,in,,Jack Aitchison,,,,,,,26,AM,Attacking Midfield,Scotland,https://tmssl.akamaized.net//images/flagge/tiny/190.png?lm=1520611569,Exeter City,,free,,€325k,0.325,Free,0.0,
England,en,2026-08-01 15:48 UTC,"Transfermarkt · England Premier League/Championship/League One/League Two (fees & values are estimates, EUR)",€,Premier League|Championship|League One|League Two,League Two,Bristol Rovers,,,https://tmssl.akamaized.net//images/wappen/homepageSmall/2455.png?lm=1550607109,in,,Tom James,,,,,,,30,RB,Right-Back,Wales,https://tmssl.akamaized.net//images/flagge/tiny/191.png?lm=1520611569,Leyton Orient,,free,,€300k,0.3,Free,0.0,
England,en,2026-08-01 15:48 UTC,"Transfermarkt · England Premier League/Championship/League One/League Two (fees & values are estimates, EUR)",€,Premier League|Championship|League One|League Two,League Two,Bristol Rovers,,,https://tmssl.akamaized.net//images/wappen/homepageSmall/2455.png?lm=1550607109,in,,Richard Smallwood,,,,,,,35,DM,Defensive Midfield,England,https://tmssl.akamaized.net//images/flagge/tiny/189.png?lm=1520611569,Tranmere,,free,,€25k,0.025,Free,0.0,
England,en,2026-08-01 15:48 UTC,"Transfermarkt · England Premier League/Championship/League One/League Two (fees & values are estimates, EUR)",€,Premier League|Championship|League One|League Two,League Two,Bristol Rovers,,,https://tmssl.akamaized.net//images/wappen/homepageSmall/2455.png?lm=1550607109,in,,Kofi Balmer,,,,,,,25,CB,Centre-Back,Northern Ireland,https://tmssl.akamaized.net//images/flagge/tiny/192.png?lm=1520611569,Motherwell FC,,free,,€300k,0.3,Free,0.0,
England,en,2026-08-01 15:48 UTC,"Transfermarkt · England Premier League/Championship/League One/League Two (fees & values are estimates, EUR)",€,Premier League|Championship|League One|League Two,League Two,Bristol Rovers,,,https://tmssl.akamaized.net//images/wappen/homepageSmall/2455.png?lm=1550607109,in,,Ben Purrington,,,,,,,30,LB,Left-Back,England,https://tmssl.akamaized.net//images/flagge/tiny/189.png?lm=1520611569,Cambridge Utd.,,free,,€200k,0.2,Free,0.0,
England,en,2026-08-01 15:48 UTC,"Transfermarkt · England Premier League/Championship/League One/League Two (fees & values are estimates, EUR)",€,Premier League|Championship|League One|League Two,League Two,Bristol Rovers,,,https://tmssl.akamaized.net//images/wappen/homepageSmall/2455.png?lm=1550607109,in,,Ciarán Kelly,,,,,,,27,CB,Centre-Back,Ireland,https://tmssl.akamaized.net//images/flagge/tiny/72.png?lm=1520611569,Bradford,,free,,€200k,0.2,Free,0.0,
England,en,2026-08-01 15:48 UTC,"Transfermarkt · England Premier League/Championship/League One/League Two (fees & values are estimates, EUR)",€,Premier League|Championship|League One|League Two,League Two,Bristol Rovers,,,https://tmssl.akamaized.net//images/wappen/homepageSmall/2455.png?lm=1550607109,in,,Bobby Kamwa,,,,,,,26,LW,Left Winger,Cameroon,https://tmssl.akamaized.net//images/flagge/tiny/31.png?lm=1520611569,Newport County,,free,,€175k,0.175,Free,0.0,
England,en,2026-08-01 15:48 UTC,"Transfermarkt · England Premier League/Championship/League One/League Two (fees & values are estimates, EUR)",€,Premier League|Championship|League One|League Two,League Two,Bristol Rovers,,,https://tmssl.akamaized.net//images/wappen/homepageSmall/2455.png?lm=1550607109,in,,Isaac Hutchinson,,,,,,,26,CM,Central Midfield,England,https://tmssl.akamaized.net//images/flagge/tiny/189.png?lm=1520611569,Cheltenham,,loan-return,,€400k,0.4,End of loan,,
England,en,2026-08-01 15:48 UTC,"Transfermarkt · England Premier League/Championship/League One/League Two (fees & values are estimates, EUR)",€,Premier League|Championship|League One|League Two,League Two,Bristol Rovers,,,https://tmssl.akamaized.net//images/wappen/homepageSmall/2455.png?lm=1550607109,in,,Kamil Conteh,,,,,,,23,CM,Central Midfield,Sierra Leone,https://tmssl.akamaized.net//images/flagge/tiny/152.png?lm=1520611569,Lincoln City,,loan-return,,€400k,0.4,End of loan,,
England,en,2026-08-01 15:48 UTC,"Transfermarkt · England Premier League/Championship/League One/League Two (fees & values are estimates, EUR)",€,Premier League|Championship|League One|League Two,League Two,Bristol Rovers,,,https://tmssl.akamaized.net//images/wappen/homepageSmall/2455.png?lm=1550607109,in,,Ollie Dewsbury,,,,,,,18,LW,Left Winger,Wales,https://tmssl.akamaized.net//images/flagge/tiny/191.png?lm=1520611569,Weston-super-M.,,loan-return,,€75k,0.075,End of loan,,
England,en,2026-08-01 15:48 UTC,"Transfermarkt · England Premier League/Championship/League One/League Two (fees & values are estimates, EUR)",€,Premier League|Championship|League One|League Two,League Two,Bristol Rovers,,,https://tmssl.akamaized.net//images/wappen/homepageSmall/2455.png?lm=1550607109,out,,Tom Lockyer,,,,,,,31,CB,Centre-Back,Wales,https://tmssl.akamaized.net//images/flagge/tiny/191.png?lm=1520611569,Melb. Victory,,free,,€250k,0.25,Free,0.0,
England,en,2026-08-01 15:48 UTC,"Transfermarkt · England Premier League/Championship/League One/League Two (fees & values are estimates, EUR)",€,Premier League|Championship|League One|League Two,League Two,Bristol Rovers,,,https://tmssl.akamaized.net//images/wappen/homepageSmall/2455.png?lm=1550607109,out,,Luke Thomas,,,,,,,27,RW,Right Winger,England,https://tmssl.akamaized.net//images/flagge/tiny/189.png?lm=1520611569,St. Mirren,,free,,€300k,0.3,Free,0.0,
England,en,2026-08-01 15:48 UTC,"Transfermarkt · England Premier League/Championship/League One/League Two (fees & values are estimates, EUR)",€,Premier League|Championship|League One|League Two,League Two,Bristol Rovers,,,https://tmssl.akamaized.net//images/wappen/homepageSmall/2455.png?lm=1550607109,out,,Joel Senior,,,,,,,27,RB,Right-Back,England,https://tmssl.akamaized.net//images/flagge/tiny/189.png?lm=1520611569,Tranmere,,free,,€150k,0.15,Free,0.0,
England,en,2026-08-01 15:48 UTC,"Transfermarkt · England Premier League/Championship/League One/League Two (fees & values are estimates, EUR)",€,Premier League|Championship|League One|League Two,League Two,Bristol Rovers,,,https://tmssl.akamaized.net//images/wappen/homepageSmall/2455.png?lm=1550607109,out,,Isaac Hutchinson,,,,,,,26,CM,Central Midfield,England,https://tmssl.akamaized.net//images/flagge/tiny/189.png?lm=1520611569,Doncaster,,other,,€400k,0.4,?,,
England,en,2026-08-01 15:48 UTC,"Transfermarkt · England Premier League/Championship/League One/League Two (fees & values are estimates, EUR)",€,Premier League|Championship|League One|League Two,League Two,Bristol Rovers,,,https://tmssl.akamaized.net//images/wappen/homepageSmall/2455.png?lm=1550607109,out,,Jed Ward,,,,,,,23,GK,Goalkeeper,England,https://tmssl.akamaized.net//images/flagge/tiny/189.png?lm=1520611569,Walsall,,other,,€200k,0.2,?,,
England,en,2026-08-01 15:48 UTC,"Transfermarkt · England Premier League/Championship/League One/League Two (fees & values are estimates, EUR)",€,Premier League|Championship|League One|League Two,League Two,Bristol Rovers,,,https://tmssl.akamaized.net//images/wappen/homepageSmall/2455.png?lm=1550607109,out,,Kamil Conteh,,,,,,,23,CM,Central Midfield,Sierra Leone,https://tmssl.akamaized.net//images/flagge/tiny/152.png?lm=1520611569,Bromley,,other,,€400k,0.4,?,,
England,en,2026-08-01 15:48 UTC,"Transfermarkt · England Premier League/Championship/League One/League Two (fees & values are estimates, EUR)",€,Premier League|Championship|League One|League Two,League Two,Bristol Rovers,,,https://tmssl.akamaized.net//images/wappen/homepageSmall/2455.png?lm=1550607109,out,,Yusuf Akhamrich,,,,,,,20,RW,Right Winger,Morocco,https://tmssl.akamaized.net//images/flagge/tiny/107.png?lm=1520611569,Tottenham U21,,loan-return,,€200k,0.2,End of loan,,
England,en,2026-08-01 15:48 UTC,"Transfermarkt · England Premier League/Championship/League One/League Two (fees & values are estimates, EUR)",€,Premier League|Championship|League One|League Two,League Two,Cheltenham Town,,,https://tmssl.akamaized.net//images/wappen/homepageSmall/3371.png?lm=1664353018,in,,Shaun McWilliams,,,,,,,27,DM,Defensive Midfield,England,https://tmssl.akamaized.net//images/flagge/tiny/189.png?lm=1520611569,Rotherham,,free,,€250k,0.25,Free,0.0,
England,en,2026-08-01 15:48 UTC,"Transfermarkt · England Premier League/Championship/League One/League Two (fees & values are estimates, EUR)",€,Premier League|Championship|League One|League Two,League Two,Cheltenham Town,,,https://tmssl.akamaized.net//images/wappen/homepageSmall/3371.png?lm=1664353018,in,,Joe Tomlinson,,,,,,,26,LM,Left Midfield,England,https://tmssl.akamaized.net//images/flagge/tiny/189.png?lm=1520611569,MK Dons,,free,,€250k,0.25,Free,0.0,
England,en,2026-08-01 15:48 UTC,"Transfermarkt · England Premier League/Championship/League One/League Two (fees & values are estimates, EUR)",€,Premier League|Championship|League One|League Two,League Two,Cheltenham Town,,,https://tmssl.akamaized.net//images/wappen/homepageSmall/3371.png?lm=1664353018,in,,Pierce Sweeney,,,,,,,31,CB,Centre-Back,Ireland,https://tmssl.akamaized.net//images/flagge/tiny/72.png?lm=1520611569,Exeter City,,free,,€200k,0.2,Free,0.0,
England,en,2026-08-01 15:48 UTC,"Transfermarkt · England Premier League/Championship/League One/League Two (fees & values are estimates, EUR)",€,Premier League|Championship|League One|League Two,League Two,Cheltenham Town,,,https://tmssl.akamaized.net//images/wappen/homepageSmall/3371.png?lm=1664353018,in,,Charlie McCann,,,,,,,24,DM,Defensive Midfield,Northern Ireland,https://tmssl.akamaized.net//images/flagge/tiny/192.png?lm=1520611569,Barrow,,other,,€150k,0.15,?,,
England,en,2026-08-01 15:48 UTC,"Transfermarkt · England Premier League/Championship/League One/League Two (fees & values are estimates, EUR)",€,Premier League|Championship|League One|League Two,League Two,Cheltenham Town,,,https://tmssl.akamaized.net//images/wappen/homepageSmall/3371.png?lm=1664353018,in,,Jordan Shipley,,,,,,,28,LM,Left Midfield,Ireland,https://tmssl.akamaized.net//images/flagge/tiny/72.png?lm=1520611569,Port Vale,,other,,€250k,0.25,?,,
England,en,2026-08-01 15:48 UTC,"Transfermarkt · England Premier League/Championship/League One/League Two (fees & values are estimates, EUR)",€,Premier League|Championship|League One|League Two,League Two,Cheltenham Town,,,https://tmssl.akamaized.net//images/wappen/homepageSmall/3371.png?lm=1664353018,in,,Wyll Stanway,,,,,,,25,GK,Goalkeeper,England,https://tmssl.akamaized.net//images/flagge/tiny/189.png?lm=1520611569,Barrow,,other,,€175k,0.175,?,,
England,en,2026-08-01 15:48 UTC,"Transfermarkt · England Premier League/Championship/League One/League Two (fees & values are estimates, EUR)",€,Premier League|Championship|League One|League Two,League Two,Cheltenham Town,,,https://tmssl.akamaized.net//images/wappen/homepageSmall/3371.png?lm=1664353018,in,,Mark Barber,,,,,,,18,CB,Centre-Back,England,https://tmssl.akamaized.net//images/flagge/tiny/189.png?lm=1520611569,Cheltenham U18,,promotion,,?,,Promotion,,
England,en,2026-08-01 15:48 UTC,"Transfermarkt · England Premier League/Championship/League One/League Two (fees & values are estimates, EUR)",€,Premier League|Championship|League One|League Two,League Two,Cheltenham Town,,,https://tmssl.akamaized.net//images/wappen/homepageSmall/3371.png?lm=1664353018,out,,Arkell Jude-Boyd,,,,,,,23,RB,Right-Back,St. Lucia,https://tmssl.akamaized.net//images/flagge/tiny/230.png?lm=1520611569,Shrewsbury,,free,,€150k,0.15,Free,0.0,
England,en,2026-08-01 15:48 UTC,"Transfermarkt · England Premier League/Championship/League One/League Two (fees & values are estimates, EUR)",€,Premier League|Championship|League One|League Two,League Two,Cheltenham Town,,,https://tmssl.akamaized.net//images/wappen/homepageSmall/3371.png?lm=1664353018,out,,Jordan Thomas,,,,,,,25,RW,Right Winger,England,https://tmssl.akamaized.net//images/flagge/tiny/189.png?lm=1520611569,Doncaster,,free,,€200k,0.2,Free,0.0,
England,en,2026-08-01 15:48 UTC,"Transfermarkt · England Premier League/Championship/League One/League Two (fees & values are estimates, EUR)",€,Premier League|Championship|League One|League Two,League Two,Cheltenham Town,,,https://tmssl.akamaized.net//images/wappen/homepageSmall/3371.png?lm=1664353018,out,,Tommy Backwell,,,,,,,23,CM,Central Midfield,England,https://tmssl.akamaized.net//images/flagge/tiny/189.png?lm=1520611569,Southend United,,free,,€75k,0.075,Free,0.0,
England,en,2026-08-01 15:48 UTC,"Transfermarkt · England Premier League/Championship/League One/League Two (fees & values are estimates, EUR)",€,Premier League|Championship|League One|League Two,League Two,Cheltenham Town,,,https://tmssl.akamaized.net//images/wappen/homepageSmall/3371.png?lm=1664353018,out,,George Harmon,,,,,,,25,LB,Left-Back,England,https://tmssl.akamaized.net//images/flagge/tiny/189.png?lm=1520611569,Brackley,,free,,€175k,0.175,Free,0.0,
England,en,2026-08-01 15:48 UTC,"Transfermarkt · England Premier League/Championship/League One/League Two (fees & values are estimates, EUR)",€,Premier League|Championship|League One|League Two,League Two,Cheltenham Town,,,https://tmssl.akamaized.net//images/wappen/homepageSmall/3371.png?lm=1664353018,out,,Josh Martin,,,,,,,24,LW,Left Winger,England,https://tmssl.akamaized.net//images/flagge/tiny/189.png?lm=1520611569,Without Club,,other,,€125k,0.125,?,,
England,en,2026-08-01 15:48 UTC,"Transfermarkt · England Premier League/Championship/League One/League Two (fees & values are estimates, EUR)",€,Premier League|Championship|League One|League Two,League Two,Cheltenham Town,,,https://tmssl.akamaized.net//images/wappen/homepageSmall/3371.png?lm=1664353018,out,,Scot Bennett,,,,,,,35,DM,Defensive Midfield,England,https://tmssl.akamaized.net//images/flagge/tiny/189.png?lm=1520611569,Without Club,,other,,€25k,0.025,?,,
England,en,2026-08-01 15:48 UTC,"Transfermarkt · England Premier League/Championship/League One/League Two (fees & values are estimates, EUR)",€,Premier League|Championship|League One|League Two,League Two,Cheltenham Town,,,https://tmssl.akamaized.net//images/wappen/homepageSmall/3371.png?lm=1664353018,out,,Cameron Walters,,,,,,,19,CB,Centre-Back,England,https://tmssl.akamaized.net//images/flagge/tiny/189.png?lm=1520611569,Without Club,,other,,?,,?,,
England,en,2026-08-01 15:48 UTC,"Transfermarkt · England Premier League/Championship/League One/League Two (fees & values are estimates, EUR)",€,Premier League|Championship|League One|League Two,League Two,Cheltenham Town,,,https://tmssl.akamaized.net//images/wappen/homepageSmall/3371.png?lm=1664353018,out,,Luke Young,,,,,,,33,CM,Central Midfield,England,https://tmssl.akamaized.net//images/flagge/tiny/189.png?lm=1520611569,Without Club,,other,,€75k,0.075,?,,
England,en,2026-08-01 15:48 UTC,"Transfermarkt · England Premier League/Championship/League One/League Two (fees & values are estimates, EUR)",€,Premier League|Championship|League One|League Two,League Two,Cheltenham Town,,,https://tmssl.akamaized.net//images/wappen/homepageSmall/3371.png?lm=1664353018,out,,Tom King,,,,,,,19,CF,Centre-Forward,England,https://tmssl.akamaized.net//images/flagge/tiny/189.png?lm=1520611569,Without Club,,other,,?,,?,,
England,en,2026-08-01 15:48 UTC,"Transfermarkt · England Premier League/Championship/League One/League Two (fees & values are estimates, EUR)",€,Premier League|Championship|League One|League Two,League Two,Cheltenham Town,,,https://tmssl.akamaized.net//images/wappen/homepageSmall/3371.png?lm=1664353018,out,,Isaac Hutchinson,,,,,,,26,CM,Central Midfield,England,https://tmssl.akamaized.net//images/flagge/tiny/189.png?lm=1520611569,Bristol Rovers,,loan-return,,€400k,0.4,End of loan,,
England,en,2026-08-01 15:48 UTC,"Transfermarkt · England Premier League/Championship/League One/League Two (fees & values are estimates, EUR)",€,Premier League|Championship|League One|League Two,League Two,Cheltenham Town,,,https://tmssl.akamaized.net//images/wappen/homepageSmall/3371.png?lm=1664353018,out,,Mo Faal,,,,,,,23,CF,Centre-Forward,The Gambia,https://tmssl.akamaized.net//images/flagge/tiny/52.png?lm=1520611569,Wrexham,,loan-return,,€350k,0.35,End of loan,,
England,en,2026-08-01 15:48 UTC,"Transfermarkt · England Premier League/Championship/League One/League Two (fees & values are estimates, EUR)",€,Premier League|Championship|League One|League Two,League Two,Cheltenham Town,,,https://tmssl.akamaized.net//images/wappen/homepageSmall/3371.png?lm=1664353018,out,,Harry Ashfield,,,,,,,20,AM,Attacking Midfield,Wales,https://tmssl.akamaized.net//images/flagge/tiny/191.png?lm=1520611569,Wrexham,,loan-return,,€150k,0.15,End of loan,,
England,en,2026-08-01 15:48 UTC,"Transfermarkt · England Premier League/Championship/League One/League Two (fees & values are estimates, EUR)",€,Premier League|Championship|League One|League Two,League Two,Chesterfield FC,,,https://tmssl.akamaized.net//images/wappen/homepageSmall/1219.png?lm=1500716772,in,,Jack Simpson,,,,,,,29,CB,Centre-Back,England,https://tmssl.akamaized.net//images/flagge/tiny/189.png?lm=1520611569,Leyton Orient,,free,,€225k,0.225,Free,0.0,
England,en,2026-08-01 15:48 UTC,"Transfermarkt · England Premier League/Championship/League One/League Two (fees & values are estimates, EUR)",€,Premier League|Championship|League One|League Two,League Two,Chesterfield FC,,,https://tmssl.akamaized.net//images/wappen/homepageSmall/1219.png?lm=1500716772,in,,Remeao Hutton,,,,,,,27,RB,Right-Back,England,https://tmssl.akamaized.net//images/flagge/tiny/189.png?lm=1520611569,Gillingham,,free,,€300k,0.3,Free,0.0,
England,en,2026-08-01 15:48 UTC,"Transfermarkt · England Premier League/Championship/League One/League Two (fees & values are estimates, EUR)",€,Premier League|Championship|League One|League Two,League Two,Chesterfield FC,,,https://tmssl.akamaized.net//images/wappen/homepageSmall/1219.png?lm=1500716772,in,,Alfie Pond,,,,,,,22,CB,Centre-Back,England,https://tmssl.akamaized.net//images/flagge/tiny/189.png?lm=1520611569,Wolves U21,,free,,€250k,0.25,Free,0.0,
England,en,2026-08-01 15:48 UTC,"Transfermarkt · England Premier League/Championship/League One/League Two (fees & values are estimates, EUR)",€,Premier League|Championship|League One|League Two,League Two,Chesterfield FC,,,https://tmssl.akamaized.net//images/wappen/homepageSmall/1219.png?lm=1500716772,in,,Ruel Sotiriou,,,,,,,25,CF,Centre-Forward,Cyprus,https://tmssl.akamaized.net//images/flagge/tiny/188.png?lm=1520611569,H. Jerusalem,,free,,€275k,0.275,Free,0.0,
England,en,2026-08-01 15:48 UTC,"Transfermarkt · England Premier League/Championship/League One/League Two (fees & values are estimates, EUR)",€,Premier League|Championship|League One|League Two,League Two,Chesterfield FC,,,https://tmssl.akamaized.net//images/wappen/homepageSmall/1219.png?lm=1500716772,in,,Danni Anisjko,,,,,,,20,LW,Left Winger,Latvia,https://tmssl.akamaized.net//images/flagge/tiny/92.png?lm=1520611569,Nottingham U21,,free,,€200k,0.2,Free,0.0,
England,en,2026-08-01 15:48 UTC,"Transfermarkt · England Premier League/Championship/League One/League Two (fees & values are estimates, EUR)",€,Premier League|Championship|League One|League Two,League Two,Chesterfield FC,,,https://tmssl.akamaized.net//images/wappen/homepageSmall/1219.png?lm=1500716772,in,,George McEachran,,,,,,,25,CM,Central Midfield,England,https://tmssl.akamaized.net//images/flagge/tiny/189.png?lm=1520611569,Grimsby Town,,free,,€275k,0.275,Free,0.0,
England,en,2026-08-01 15:48 UTC,"Transfermarkt · England Premier League/Championship/League One/League Two (fees & values are estimates, EUR)",€,Premier League|Championship|League One|League Two,League Two,Chesterfield FC,,,https://tmssl.akamaized.net//images/wappen/homepageSmall/1219.png?lm=1500716772,in,,Junior Eccleston,,,,,,,19,CB,Centre-Back,England,https://tmssl.akamaized.net//images/flagge/tiny/189.png?lm=1520611569,Sutton Utd,,other,,?,,?,,
England,en,2026-08-01 15:48 UTC,"Transfermarkt · England Premier League/Championship/League One/League Two (fees & values are estimates, EUR)",€,Premier League|Championship|League One|League Two,League Two,Chesterfield FC,,,https://tmssl.akamaized.net//images/wappen/homepageSmall/1219.png?lm=1500716772,in,,Fraser Bryden,,,,,,,22,CF,Centre-Forward,Scotland,https://tmssl.akamaized.net//images/flagge/tiny/190.png?lm=1520611569,Crusaders,,other,,€300k,0.3,?,,
England,en,2026-08-01 15:48 UTC,"Transfermarkt · England Premier League/Championship/League One/League Two (fees & values are estimates, EUR)",€,Premier League|Championship|League One|League Two,League Two,Chesterfield FC,,,https://tmssl.akamaized.net//images/wappen/homepageSmall/1219.png?lm=1500716772,in,,Josh Koroma,,,,,,,27,LW,Left Winger,Sierra Leone,https://tmssl.akamaized.net//images/flagge/tiny/152.png?lm=1520611569,Leyton Orient,,loan,,€800k,0.8,Loan,,
England,en,2026-08-01 15:48 UTC,"Transfermarkt · England Premier League/Championship/League One/League Two (fees & values are estimates, EUR)",€,Premier League|Championship|League One|League Two,League Two,Chesterfield FC,,,https://tmssl.akamaized.net//images/wappen/homepageSmall/1219.png?lm=1500716772,in,,Rafiq Lamptey,,,,,,,19,CM,Central Midfield,England,https://tmssl.akamaized.net//images/flagge/tiny/189.png?lm=1520611569,Millwall U21,,loan,,?,,Loan,,
England,en,2026-08-01 15:48 UTC,"Transfermarkt · England Premier League/Championship/League One/League Two (fees & values are estimates, EUR)",€,Premier League|Championship|League One|League Two,League Two,Chesterfield FC,,,https://tmssl.akamaized.net//images/wappen/homepageSmall/1219.png?lm=1500716772,out,,Adam Lewis,,,,,,,26,LB,Left-Back,England,https://tmssl.akamaized.net//images/flagge/tiny/189.png?lm=1520611569,Fylde,,free,,€150k,0.15,Free,0.0,
England,en,2026-08-01 15:48 UTC,"Transfermarkt · England Premier League/Championship/League One/League Two (fees & values are estimates, EUR)",€,Premier League|Championship|League One|League Two,League Two,Chesterfield FC,,,https://tmssl.akamaized.net//images/wappen/homepageSmall/1219.png?lm=1500716772,out,,Liam Jessop,,,,,,,20,LW,Left Winger,Gibraltar,https://tmssl.akamaized.net//images/flagge/tiny/266.png?lm=1520611569,Portadown,,free,,€25k,0.025,Free,0.0,
England,en,2026-08-01 15:48 UTC,"Transfermarkt · England Premier League/Championship/League One/League Two (fees & values are estimates, EUR)",€,Premier League|Championship|League One|League Two,League Two,Chesterfield FC,,,https://tmssl.akamaized.net//images/wappen/homepageSmall/1219.png?lm=1500716772,out,,Jamie Grimes,,,,,,,35,CB,Centre-Back,England,https://tmssl.akamaized.net//images/flagge/tiny/189.png?lm=1520611569,Boston Utd,,free,,€25k,0.025,Free,0.0,
England,en,2026-08-01 15:48 UTC,"Transfermarkt · England Premier League/Championship/League One/League Two (fees & values are estimates, EUR)",€,Premier League|Championship|League One|League Two,League Two,Chesterfield FC,,,https://tmssl.akamaized.net//images/wappen/homepageSmall/1219.png?lm=1500716772,out,,Janoi Donacien,,,,,,,32,RB,Right-Back,St. Lucia,https://tmssl.akamaized.net//images/flagge/tiny/230.png?lm=1520611569,Northampton,,free,,€100k,0.1,Free,0.0,
England,en,2026-08-01 15:48 UTC,"Transfermarkt · England Premier League/Championship/League One/League Two (fees & values are estimates, EUR)",€,Premier League|Championship|League One|League Two,League Two,Chesterfield FC,,,https://tmssl.akamaized.net//images/wappen/homepageSmall/1219.png?lm=1500716772,out,,Vontae Daley-Campbell,,,,,,,25,RB,Right-Back,England,https://tmssl.akamaized.net//images/flagge/tiny/189.png?lm=1520611569,Southend United,,free,,€200k,0.2,Free,0.0,
England,en,2026-08-01 15:48 UTC,"Transfermarkt · England Premier League/Championship/League One/League Two (fees & values are estimates, EUR)",€,Premier League|Championship|League One|League Two,League Two,Chesterfield FC,,,https://tmssl.akamaized.net//images/wappen/homepageSmall/1219.png?lm=1500716772,out,,Bailey Hobson,,,,,,,23,AM,Attacking Midfield,England,https://tmssl.akamaized.net//images/flagge/tiny/189.png?lm=1520611569,Harrogate Town,,free,,?,,Free,0.0,
England,en,2026-08-01 15:48 UTC,"Transfermarkt · England Premier League/Championship/League One/League Two (fees & values are estimates, EUR)",€,Premier League|Championship|League One|League Two,League Two,Chesterfield FC,,,https://tmssl.akamaized.net//images/wappen/homepageSmall/1219.png?lm=1500716772,out,,Armando Dobra,,,,,,,25,LW,Left Winger,Albania,https://tmssl.akamaized.net//images/flagge/tiny/3.png?lm=1520611569,Leyton Orient,,other,,€350k,0.35,?,,
England,en,2026-08-01 15:48 UTC,"Transfermarkt · England Premier League/Championship/League One/League Two (fees & values are estimates, EUR)",€,Premier League|Championship|League One|League Two,League Two,Chesterfield FC,,,https://tmssl.akamaized.net//images/wappen/homepageSmall/1219.png?lm=1500716772,out,,John Fleck,,,,,,,34,CM,Central Midfield,Scotland,https://tmssl.akamaized.net//images/flagge/tiny/190.png?lm=1520611569,Without Club,,other,,€50k,0.05,?,,
England,en,2026-08-01 15:48 UTC,"Transfermarkt · England Premier League/Championship/League One/League Two (fees & values are estimates, EUR)",€,Premier League|Championship|League One|League Two,League Two,Chesterfield FC,,,https://tmssl.akamaized.net//images/wappen/homepageSmall/1219.png?lm=1500716772,out,,Ashton Rinaldo,,,,,,,20,GK,Goalkeeper,Australia,https://tmssl.akamaized.net//images/flagge/tiny/12.png?lm=1520611569,Without Club,,other,,?,,?,,
England,en,2026-08-01 15:48 UTC,"Transfermarkt · England Premier League/Championship/League One/League Two (fees & values are estimates, EUR)",€,Premier League|Championship|League One|League Two,League Two,Chesterfield FC,,,https://tmssl.akamaized.net//images/wappen/homepageSmall/1219.png?lm=1500716772,out,,Freddie Ladapo,,,,,,,33,CF,Centre-Forward,England,https://tmssl.akamaized.net//images/flagge/tiny/189.png?lm=1520611569,Without Club,,other,,€100k,0.1,?,,
England,en,2026-08-01 15:48 UTC,"Transfermarkt · England Premier League/Championship/League One/League Two (fees & values are estimates, EUR)",€,Premier League|Championship|League One|League Two,League Two,Chesterfield FC,,,https://tmssl.akamaized.net//images/wappen/homepageSmall/1219.png?lm=1500716772,out,,Paddy Madden,,,,,,,36,CF,Centre-Forward,Ireland,https://tmssl.akamaized.net//images/flagge/tiny/72.png?lm=1520611569,Without Club,,other,,€25k,0.025,?,,
England,en,2026-08-01 15:48 UTC,"Transfermarkt · England Premier League/Championship/League One/League Two (fees & values are estimates, EUR)",€,Premier League|Championship|League One|League Two,League Two,Chesterfield FC,,,https://tmssl.akamaized.net//images/wappen/homepageSmall/1219.png?lm=1500716772,out,,Josh Koroma,,,,,,,28,LW,Left Winger,Sierra Leone,https://tmssl.akamaized.net//images/flagge/tiny/152.png?lm=1520611569,Leyton Orient,,loan-return,,€800k,0.8,End of loan,,
England,en,2026-08-01 15:48 UTC,"Transfermarkt · England Premier League/Championship/League One/League Two (fees & values are estimates, EUR)",€,Premier League|Championship|League One|League Two,League Two,Chesterfield FC,,,https://tmssl.akamaized.net//images/wappen/homepageSmall/1219.png?lm=1500716772,out,,Sil Swinkels,,,,,,,22,CB,Centre-Back,Netherlands,https://tmssl.akamaized.net//images/flagge/tiny/122.png?lm=1520611569,Aston Villa U21,,loan-return,,€250k,0.25,End of loan,,
England,en,2026-08-01 15:48 UTC,"Transfermarkt · England Premier League/Championship/League One/League Two (fees & values are estimates, EUR)",€,Premier League|Championship|League One|League Two,League Two,Chesterfield FC,,,https://tmssl.akamaized.net//images/wappen/homepageSmall/1219.png?lm=1500716772,out,,Rafiq Lamptey,,,,,,,20,CM,Central Midfield,England,https://tmssl.akamaized.net//images/flagge/tiny/189.png?lm=1520611569,Millwall U21,,loan-return,,?,,End of loan,,
England,en,2026-08-01 15:48 UTC,"Transfermarkt · England Premier League/Championship/League One/League Two (fees & values are estimates, EUR)",€,Premier League|Championship|League One|League Two,League Two,Colchester United,,,https://tmssl.akamaized.net//images/wappen/homepageSmall/1060.png?lm=1570543405,in,,Sean Raggett,,,,,,,32,CB,Centre-Back,England,https://tmssl.akamaized.net//images/flagge/tiny/189.png?lm=1520611569,Rotherham,,free,,€150k,0.15,Free,0.0,
England,en,2026-08-01 15:48 UTC,"Transfermarkt · England Premier League/Championship/League One/League Two (fees & values are estimates, EUR)",€,Premier League|Championship|League One|League Two,League Two,Colchester United,,,https://tmssl.akamaized.net//images/wappen/homepageSmall/1060.png?lm=1570543405,in,,Jake Leake,,,,,,,23,LB,Left-Back,England,https://tmssl.akamaized.net//images/flagge/tiny/189.png?lm=1520611569,Oldham Athletic,,free,,€75k,0.075,Free,0.0,
England,en,2026-08-01 15:48 UTC,"Transfermarkt · England Premier League/Championship/League One/League Two (fees & values are estimates, EUR)",€,Premier League|Championship|League One|League Two,League Two,Colchester United,,,https://tmssl.akamaized.net//images/wappen/homepageSmall/1060.png?lm=1570543405,in,,Paul Digby,,,,,,,31,DM,Defensive Midfield,England,https://tmssl.akamaized.net//images/flagge/tiny/189.png?lm=1520611569,Dundee FC,,free,,€100k,0.1,Free,0.0,
England,en,2026-08-01 15:48 UTC,"Transfermarkt · England Premier League/Championship/League One/League Two (fees & values are estimates, EUR)",€,Premier League|Championship|League One|League Two,League Two,Colchester United,,,https://tmssl.akamaized.net//images/wappen/homepageSmall/1060.png?lm=1570543405,in,,Bradley Ihionvien,,,,,,,22,CF,Centre-Forward,England,https://tmssl.akamaized.net//images/flagge/tiny/189.png?lm=1520611569,Peterborough,,loan,,€75k,0.075,Loan,,
England,en,2026-08-01 15:48 UTC,"Transfermarkt · England Premier League/Championship/League One/League Two (fees & values are estimates, EUR)",€,Premier League|Championship|League One|League Two,League Two,Colchester United,,,https://tmssl.akamaized.net//images/wappen/homepageSmall/1060.png?lm=1570543405,in,,Leon Chiwome,,,,,,,20,CF,Centre-Forward,England,https://tmssl.akamaized.net//images/flagge/tiny/189.png?lm=1520611569,Wolves U21,,loan,,€500k,0.5,Loan,,
England,en,2026-08-01 15:48 UTC,"Transfermarkt · England Premier League/Championship/League One/League Two (fees & values are estimates, EUR)",€,Premier League|Championship|League One|League Two,League Two,Colchester United,,,https://tmssl.akamaized.net//images/wappen/homepageSmall/1060.png?lm=1570543405,out,,Matt Macey,,,,,,,31,GK,Goalkeeper,England,https://tmssl.akamaized.net//images/flagge/tiny/189.png?lm=1520611569,Wycombe,,free,,€200k,0.2,Free,0.0,
England,en,2026-08-01 15:48 UTC,"Transfermarkt · England Premier League/Championship/League One/League Two (fees & values are estimates, EUR)",€,Premier League|Championship|League One|League Two,League Two,Colchester United,,,https://tmssl.akamaized.net//images/wappen/homepageSmall/1060.png?lm=1570543405,out,,Arthur Read,,,,,,,26,CM,Central Midfield,England,https://tmssl.akamaized.net//images/flagge/tiny/189.png?lm=1520611569,York City,,free,,€350k,0.35,Free,0.0,
England,en,2026-08-01 15:48 UTC,"Transfermarkt · England Premier League/Championship/League One/League Two (fees & values are estimates, EUR)",€,Premier League|Championship|League One|League Two,League Two,Colchester United,,,https://tmssl.akamaized.net//images/wappen/homepageSmall/1060.png?lm=1570543405,out,,Owura Edwards,,,,,,,25,LW,Left Winger,England,https://tmssl.akamaized.net//images/flagge/tiny/189.png?lm=1520611569,Peterborough,,free,,€200k,0.2,Free,0.0,
England,en,2026-08-01 15:48 UTC,"Transfermarkt · England Premier League/Championship/League One/League Two (fees & values are estimates, EUR)",€,Premier League|Championship|League One|League Two,League Two,Colchester United,,,https://tmssl.akamaized.net//images/wappen/homepageSmall/1060.png?lm=1570543405,out,,Kyreece Lisbie,,,,,,,22,RW,Right Winger,England,https://tmssl.akamaized.net//images/flagge/tiny/189.png?lm=1520611569,Reading,,other,,€150k,0.15,?,,
England,en,2026-08-01 15:48 UTC,"Transfermarkt · England Premier League/Championship/League One/League Two (fees & values are estimates, EUR)",€,Premier League|Championship|League One|League Two,League Two,Colchester United,,,https://tmssl.akamaized.net//images/wappen/homepageSmall/1060.png?lm=1570543405,out,,Jack Baldwin,,,,,,,33,CB,Centre-Back,England,https://tmssl.akamaized.net//images/flagge/tiny/189.png?lm=1520611569,Hornchurch,,other,,€75k,0.075,?,,
England,en,2026-08-01 15:48 UTC,"Transfermarkt · England Premier League/Championship/League One/League Two (fees & values are estimates, EUR)",€,Premier League|Championship|League One|League Two,League Two,Colchester United,,,https://tmssl.akamaized.net//images/wappen/homepageSmall/1060.png?lm=1570543405,out,,Dominic Gape,,,,,,,31,DM,Defensive Midfield,England,https://tmssl.akamaized.net//images/flagge/tiny/189.png?lm=1520611569,Without Club,,other,,€50k,0.05,?,,
England,en,2026-08-01 15:48 UTC,"Transfermarkt · England Premier League/Championship/League One/League Two (fees & values are estimates, EUR)",€,Premier League|Championship|League One|League Two,League Two,Colchester United,,,https://tmssl.akamaized.net//images/wappen/homepageSmall/1060.png?lm=1570543405,out,,John-Kymani Gordon,,,,,,,23,LW,Left Winger,England,https://tmssl.akamaized.net//images/flagge/tiny/189.png?lm=1520611569,Without Club,,other,,€150k,0.15,?,,
England,en,2026-08-01 15:48 UTC,"Transfermarkt · England Premier League/Championship/League One/League Two (fees & values are estimates, EUR)",€,Premier League|Championship|League One|League Two,League Two,Colchester United,,,https://tmssl.akamaized.net//images/wappen/homepageSmall/1060.png?lm=1570543405,out,,Tom Flanagan,,,,,,,34,CB,Centre-Back,Northern Ireland,https://tmssl.akamaized.net//images/flagge/tiny/192.png?lm=1520611569,Retired,,other,,€25k,0.025,?,,
England,en,2026-08-01 15:48 UTC,"Transfermarkt · England Premier League/Championship/League One/League Two (fees & values are estimates, EUR)",€,Premier League|Championship|League One|League Two,League Two,Colchester United,,,https://tmssl.akamaized.net//images/wappen/homepageSmall/1060.png?lm=1570543405,out,,Bradley Ihionvien,,,,,,,23,CF,Centre-Forward,England,https://tmssl.akamaized.net//images/flagge/tiny/189.png?lm=1520611569,Peterborough,,loan-return,,€75k,0.075,End of loan,,
England,en,2026-08-01 15:48 UTC,"Transfermarkt · England Premier League/Championship/League One/League Two (fees & values are estimates, EUR)",€,Premier League|Championship|League One|League Two,League Two,Colchester United,,,https://tmssl.akamaized.net//images/wappen/homepageSmall/1060.png?lm=1570543405,out,,Leon Chiwome,,,,,,,21,CF,Centre-Forward,England,https://tmssl.akamaized.net//images/flagge/tiny/189.png?lm=1520611569,Wolves U21,,loan-return,,€500k,0.5,End of loan,,
England,en,2026-08-01 15:48 UTC,"Transfermarkt · England Premier League/Championship/League One/League Two (fees & values are estimates, EUR)",€,Premier League|Championship|League One|League Two,League Two,Crawley Town,,,https://tmssl.akamaized.net//images/wappen/homepageSmall/3537.png?lm=1690304297,in,,Priestley Farquharson,,,,,,,29,CB,Centre-Back,England,https://tmssl.akamaized.net//images/flagge/tiny/189.png?lm=1520611569,Walsall,,free,,€125k,0.125,Free,0.0,
England,en,2026-08-01 15:48 UTC,"Transfermarkt · England Premier League/Championship/League One/League Two (fees & values are estimates, EUR)",€,Premier League|Championship|League One|League Two,League Two,Crawley Town,,,https://tmssl.akamaized.net//images/wappen/homepageSmall/3537.png?lm=1690304297,in,,Klaudio Krasniqi,,,,,,,25,DM,Defensive Midfield,England,https://tmssl.akamaized.net//images/flagge/tiny/189.png?lm=1520611569,Glacis United,,free,,€25k,0.025,Free,0.0,
England,en,2026-08-01 15:48 UTC,"Transfermarkt · England Premier League/Championship/League One/League Two (fees & values are estimates, EUR)",€,Premier League|Championship|League One|League Two,League Two,Crawley Town,,,https://tmssl.akamaized.net//images/wappen/homepageSmall/3537.png?lm=1690304297,in,,Jackson Izquierdo,,,,,,,21,GK,Goalkeeper,England,https://tmssl.akamaized.net//images/flagge/tiny/189.png?lm=1520611569,Palace U21,,free,,?,,Free,0.0,
England,en,2026-08-01 15:48 UTC,"Transfermarkt · England Premier League/Championship/League One/League Two (fees & values are estimates, EUR)",€,Premier League|Championship|League One|League Two,League Two,Crawley Town,,,https://tmssl.akamaized.net//images/wappen/homepageSmall/3537.png?lm=1690304297,in,,Omari Mrisho,,,,,,,20,RB,Right-Back,England,https://tmssl.akamaized.net//images/flagge/tiny/189.png?lm=1520611569,Huddersf. U21,,free,,?,,Free,0.0,
England,en,2026-08-01 15:48 UTC,"Transfermarkt · England Premier League/Championship/League One/League Two (fees & values are estimates, EUR)",€,Premier League|Championship|League One|League Two,League Two,Crawley Town,,,https://tmssl.akamaized.net//images/wappen/homepageSmall/3537.png?lm=1690304297,in,,Stephen Duke-McKenna,,,,,,,25,RM,Right Midfield,Guyana,https://tmssl.akamaized.net//images/flagge/tiny/61.png?lm=1520611569,Harrogate Town,,free,,€150k,0.15,Free,0.0,
England,en,2026-08-01 15:48 UTC,"Transfermarkt · England Premier League/Championship/League One/League Two (fees & values are estimates, EUR)",€,Premier League|Championship|League One|League Two,League Two,Crawley Town,,,https://tmssl.akamaized.net//images/wappen/homepageSmall/3537.png?lm=1690304297,in,,Pele Arganese-McDermott,,,,,,,20,CB,Centre-Back,Spain,https://tmssl.akamaized.net//images/flagge/tiny/157.png?lm=1520611569,Tottenham U21,,free,,?,,Free,0.0,
England,en,2026-08-01 15:48 UTC,"Transfermarkt · England Premier League/Championship/League One/League Two (fees & values are estimates, EUR)",€,Premier League|Championship|League One|League Two,League Two,Crawley Town,,,https://tmssl.akamaized.net//images/wappen/homepageSmall/3537.png?lm=1690304297,in,,Jude Arthurs,,,,,,,24,CM,Central Midfield,England,https://tmssl.akamaized.net//images/flagge/tiny/189.png?lm=1520611569,Bromley,,free,,€225k,0.225,Free,0.0,
England,en,2026-08-01 15:48 UTC,"Transfermarkt · England Premier League/Championship/League One/League Two (fees & values are estimates, EUR)",€,Premier League|Championship|League One|League Two,League Two,Crawley Town,,,https://tmssl.akamaized.net//images/wappen/homepageSmall/3537.png?lm=1690304297,in,,Gianmarco Di Biase,,,,,,,20,SS,Second Striker,Italy,https://tmssl.akamaized.net//images/flagge/tiny/75.png?lm=1520611569,Juve Next Gen,,other,,€100k,0.1,?,,
England,en,2026-08-01 15:48 UTC,"Transfermarkt · England Premier League/Championship/League One/League Two (fees & values are estimates, EUR)",€,Premier League|Championship|League One|League Two,League Two,Crawley Town,,,https://tmssl.akamaized.net//images/wappen/homepageSmall/3537.png?lm=1690304297,in,,Nathan Tinsdale,,,,,,,20,Midfielder,Midfielder,England,https://tmssl.akamaized.net//images/flagge/tiny/189.png?lm=1520611569,Hull U21,,loan,,?,,Loan,,
England,en,2026-08-01 15:48 UTC,"Transfermarkt · England Premier League/Championship/League One/League Two (fees & values are estimates, EUR)",€,Premier League|Championship|League One|League Two,League Two,Crawley Town,,,https://tmssl.akamaized.net//images/wappen/homepageSmall/3537.png?lm=1690304297,in,,Pemi Aderoju,,,,,,,22,CF,Centre-Forward,England,https://tmssl.akamaized.net//images/flagge/tiny/189.png?lm=1520611569,Peterborough,,loan,,€100k,0.1,Loan,,
England,en,2026-08-01 15:48 UTC,"Transfermarkt · England Premier League/Championship/League One/League Two (fees & values are estimates, EUR)",€,Premier League|Championship|League One|League Two,League Two,Crawley Town,,,https://tmssl.akamaized.net//images/wappen/homepageSmall/3537.png?lm=1690304297,in,,Malcolm Ebiowei,,,,,,,22,RW,Right Winger,England,https://tmssl.akamaized.net//images/flagge/tiny/189.png?lm=1520611569,Without Club,,other,,€750k,0.75,?,,
England,en,2026-08-01 15:48 UTC,"Transfermarkt · England Premier League/Championship/League One/League Two (fees & values are estimates, EUR)",€,Premier League|Championship|League One|League Two,League Two,Crawley Town,,,https://tmssl.akamaized.net//images/wappen/homepageSmall/3537.png?lm=1690304297,in,,Vito Mannone,,,,,,,38,GK,Goalkeeper,Italy,https://tmssl.akamaized.net//images/flagge/tiny/75.png?lm=1520611569,Career break,,other,,?,,?,,
England,en,2026-08-01 15:48 UTC,"Transfermarkt · England Premier League/Championship/League One/League Two (fees & values are estimates, EUR)",€,Premier League|Championship|League One|League Two,League Two,Crawley Town,,,https://tmssl.akamaized.net//images/wappen/homepageSmall/3537.png?lm=1690304297,in,,Nicholas Michalski,,,,,,,19,GK,Goalkeeper,England,https://tmssl.akamaized.net//images/flagge/tiny/189.png?lm=1520611569,Blackburn U21,,loan,,?,,Loan,,
England,en,2026-08-01 15:48 UTC,"Transfermarkt · England Premier League/Championship/League One/League Two (fees & values are estimates, EUR)",€,Premier League|Championship|League One|League Two,League Two,Crawley Town,,,https://tmssl.akamaized.net//images/wappen/homepageSmall/3537.png?lm=1690304297,in,,Osman Kamara,,,,,,,19,LW,Left Winger,Sierra Leone,https://tmssl.akamaized.net//images/flagge/tiny/152.png?lm=1520611569,Blackburn U21,,loan,,?,,Loan,,
England,en,2026-08-01 15:48 UTC,"Transfermarkt · England Premier League/Championship/League One/League Two (fees & values are estimates, EUR)",€,Premier League|Championship|League One|League Two,League Two,Crawley Town,,,https://tmssl.akamaized.net//images/wappen/homepageSmall/3537.png?lm=1690304297,in,,Ty Ewens-Findlay,,,,,,,19,CB,Centre-Back,England,https://tmssl.akamaized.net//images/flagge/tiny/189.png?lm=1520611569,Charlton U21,,loan,,?,,Loan,,
England,en,2026-08-01 15:48 UTC,"Transfermarkt · England Premier League/Championship/League One/League Two (fees & values are estimates, EUR)",€,Premier League|Championship|League One|League Two,League Two,Crawley Town,,,https://tmssl.akamaized.net//images/wappen/homepageSmall/3537.png?lm=1690304297,in,,Ben Radcliffe,,,,,,,23,CB,Centre-Back,England,https://tmssl.akamaized.net//images/flagge/tiny/189.png?lm=1520611569,Yeovil Town,,loan-return,,€150k,0.15,End of loan,,
England,en,2026-08-01 15:48 UTC,"Transfermarkt · England Premier League/Championship/League One/League Two (fees & values are estimates, EUR)",€,Premier League|Championship|League One|League Two,League Two,Crawley Town,,,https://tmssl.akamaized.net//images/wappen/homepageSmall/3537.png?lm=1690304297,out,,Antony Papadopoulos,,,,,,,23,CM,Central Midfield,England,https://tmssl.akamaized.net//images/flagge/tiny/189.png?lm=1520611569,Dag & Red FC,,free,,?,,Free,0.0,
England,en,2026-08-01 15:48 UTC,"Transfermarkt · England Premier League/Championship/League One/League Two (fees & values are estimates, EUR)",€,Premier League|Championship|League One|League Two,League Two,Crawley Town,,,https://tmssl.akamaized.net//images/wappen/homepageSmall/3537.png?lm=1690304297,out,,Harry Forster,,,,,,,26,LM,Left Midfield,England,https://tmssl.akamaized.net//images/flagge/tiny/189.png?lm=1520611569,Dorking,,free,,€150k,0.15,Free,0.0,
England,en,2026-08-01 15:48 UTC,"Transfermarkt · England Premier League/Championship/League One/League Two (fees & values are estimates, EUR)",€,Premier League|Championship|League One|League Two,League Two,Crawley Town,,,https://tmssl.akamaized.net//images/wappen/homepageSmall/3537.png?lm=1690304297,out,,Ben Radcliffe,,,,,,,22,CB,Centre-Back,England,https://tmssl.akamaized.net//images/flagge/tiny/189.png?lm=1520611569,Yeovil Town,,loan,,€150k,0.15,Loan,,
England,en,2026-08-01 15:48 UTC,"Transfermarkt · England Premier League/Championship/League One/League Two (fees & values are estimates, EUR)",€,Premier League|Championship|League One|League Two,League Two,Crawley Town,,,https://tmssl.akamaized.net//images/wappen/homepageSmall/3537.png?lm=1690304297,out,,Dion Conroy,,,,,,,30,CB,Centre-Back,England,https://tmssl.akamaized.net//images/flagge/tiny/189.png?lm=1520611569,Without Club,,other,,€125k,0.125,?,,
England,en,2026-08-01 15:48 UTC,"Transfermarkt · England Premier League/Championship/League One/League Two (fees & values are estimates, EUR)",€,Premier League|Championship|League One|League Two,League Two,Crawley Town,,,https://tmssl.akamaized.net//images/wappen/homepageSmall/3537.png?lm=1690304297,out,,Scott Malone,,,,,,,35,LB,Left-Back,England,https://tmssl.akamaized.net//images/flagge/tiny/189.png?lm=1520611569,Without Club,,other,,€25k,0.025,?,,
England,en,2026-08-01 15:48 UTC,"Transfermarkt · England Premier League/Championship/League One/League Two (fees & values are estimates, EUR)",€,Premier League|Championship|League One|League Two,League Two,Crawley Town,,,https://tmssl.akamaized.net//images/wappen/homepageSmall/3537.png?lm=1690304297,out,,Taylor Richards,,,,,,,25,CM,Central Midfield,England,https://tmssl.akamaized.net//images/flagge/tiny/189.png?lm=1520611569,Without Club,,other,,€200k,0.2,?,,
England,en,2026-08-01 15:48 UTC,"Transfermarkt · England Premier League/Championship/League One/League Two (fees & values are estimates, EUR)",€,Premier League|Championship|League One|League Two,League Two,Crawley Town,,,https://tmssl.akamaized.net//images/wappen/homepageSmall/3537.png?lm=1690304297,out,,Josh Flint,,,,,,,25,CB,Centre-Back,England,https://tmssl.akamaized.net//images/flagge/tiny/189.png?lm=1520611569,Without Club,,other,,€350k,0.35,?,,
England,en,2026-08-01 15:48 UTC,"Transfermarkt · England Premier League/Championship/League One/League Two (fees & values are estimates, EUR)",€,Premier League|Championship|League One|League Two,League Two,Crawley Town,,,https://tmssl.akamaized.net//images/wappen/homepageSmall/3537.png?lm=1690304297,out,,Joe Wollacott,,,,,,,29,GK,Goalkeeper,Ghana,https://tmssl.akamaized.net//images/flagge/tiny/54.png?lm=1520611569,Without Club,,other,,€200k,0.2,?,,
England,en,2026-08-01 15:48 UTC,"Transfermarkt · England Premier League/Championship/League One/League Two (fees & values are estimates, EUR)",€,Premier League|Championship|League One|League Two,League Two,Crawley Town,,,https://tmssl.akamaized.net//images/wappen/homepageSmall/3537.png?lm=1690304297,out,,Will Heater,,,,,,,19,GK,Goalkeeper,England,https://tmssl.akamaized.net//images/flagge/tiny/189.png?lm=1520611569,Without Club,,other,,?,,?,,
England,en,2026-08-01 15:48 UTC,"Transfermarkt · England Premier League/Championship/League One/League Two (fees & values are estimates, EUR)",€,Premier League|Championship|League One|League Two,League Two,Crawley Town,,,https://tmssl.akamaized.net//images/wappen/homepageSmall/3537.png?lm=1690304297,out,,Max Anderson,,,,,,,25,CM,Central Midfield,Scotland,https://tmssl.akamaized.net//images/flagge/tiny/190.png?lm=1520611569,Without Club,,other,,€200k,0.2,?,,
England,en,2026-08-01 15:48 UTC,"Transfermarkt · England Premier League/Championship/League One/League Two (fees & values are estimates, EUR)",€,Premier League|Championship|League One|League Two,League Two,Crawley Town,,,https://tmssl.akamaized.net//images/wappen/homepageSmall/3537.png?lm=1690304297,out,,Theo Vassell,,,,,,,29,CB,Centre-Back,England,https://tmssl.akamaized.net//images/flagge/tiny/189.png?lm=1520611569,Without Club,,other,,€175k,0.175,?,,
England,en,2026-08-01 15:48 UTC,"Transfermarkt · England Premier League/Championship/League One/League Two (fees & values are estimates, EUR)",€,Premier League|Championship|League One|League Two,League Two,Crawley Town,,,https://tmssl.akamaized.net//images/wappen/homepageSmall/3537.png?lm=1690304297,out,,Harry McKirdy,,,,,,,29,CF,Centre-Forward,England,https://tmssl.akamaized.net//images/flagge/tiny/189.png?lm=1520611569,Without Club,,other,,€75k,0.075,?,,
England,en,2026-08-01 15:48 UTC,"Transfermarkt · England Premier League/Championship/League One/League Two (fees & values are estimates, EUR)",€,Premier League|Championship|League One|League Two,League Two,Crawley Town,,,https://tmssl.akamaized.net//images/wappen/homepageSmall/3537.png?lm=1690304297,out,,Louis Flower,,,,,,,21,CF,Centre-Forward,England,https://tmssl.akamaized.net//images/flagge/tiny/189.png?lm=1520611569,Without Club,,other,,€75k,0.075,?,,
England,en,2026-08-01 15:48 UTC,"Transfermarkt · England Premier League/Championship/League One/League Two (fees & values are estimates, EUR)",€,Premier League|Championship|League One|League Two,League Two,Crawley Town,,,https://tmssl.akamaized.net//images/wappen/homepageSmall/3537.png?lm=1690304297,out,,Reece Brown,,,,,,,30,CM,Central Midfield,England,https://tmssl.akamaized.net//images/flagge/tiny/189.png?lm=1520611569,Without Club,,other,,€75k,0.075,?,,
England,en,2026-08-01 15:48 UTC,"Transfermarkt · England Premier League/Championship/League One/League Two (fees & values are estimates, EUR)",€,Premier League|Championship|League One|League Two,League Two,Crawley Town,,,https://tmssl.akamaized.net//images/wappen/homepageSmall/3537.png?lm=1690304297,out,,Tobi Adeyemo,,,,,,,21,CF,Centre-Forward,England,https://tmssl.akamaized.net//images/flagge/tiny/189.png?lm=1520611569,Watford U21,,loan-return,,€75k,0.075,End of loan,,
England,en,2026-08-01 15:48 UTC,"Transfermarkt · England Premier League/Championship/League One/League Two (fees & values are estimates, EUR)",€,Premier League|Championship|League One|League Two,League Two,Crawley Town,,,https://tmssl.akamaized.net//images/wappen/homepageSmall/3537.png?lm=1690304297,out,,Nathan Tinsdale,,,,,,,21,Midfielder,Midfielder,England,https://tmssl.akamaized.net//images/flagge/tiny/189.png?lm=1520611569,Hull U21,,loan-return,,?,,End of loan,,
England,en,2026-08-01 15:48 UTC,"Transfermarkt · England Premier League/Championship/League One/League Two (fees & values are estimates, EUR)",€,Premier League|Championship|League One|League Two,League Two,Crawley Town,,,https://tmssl.akamaized.net//images/wappen/homepageSmall/3537.png?lm=1690304297,out,,Pemi Aderoju,,,,,,,23,CF,Centre-Forward,England,https://tmssl.akamaized.net//images/flagge/tiny/189.png?lm=1520611569,Peterborough,,loan-return,,€100k,0.1,End of loan,,
England,en,2026-08-01 15:48 UTC,"Transfermarkt · England Premier League/Championship/League One/League Two (fees & values are estimates, EUR)",€,Premier League|Championship|League One|League Two,League Two,Crawley Town,,,https://tmssl.akamaized.net//images/wappen/homepageSmall/3537.png?lm=1690304297,out,,Ty Ewens-Findlay,,,,,,,20,CB,Centre-Back,England,https://tmssl.akamaized.net//images/flagge/tiny/189.png?lm=1520611569,Charlton U21,,loan-return,,?,,End of loan,,
England,en,2026-08-01 15:48 UTC,"Transfermarkt · England Premier League/Championship/League One/League Two (fees & values are estimates, EUR)",€,Premier League|Championship|League One|League Two,League Two,Crawley Town,,,https://tmssl.akamaized.net//images/wappen/homepageSmall/3537.png?lm=1690304297,out,,Jacob Chapman,,,,,,,25,GK,Goalkeeper,Australia,https://tmssl.akamaized.net//images/flagge/tiny/12.png?lm=1520611569,Huddersfield,,loan-return,,€275k,0.275,End of loan,,
England,en,2026-08-01 15:48 UTC,"Transfermarkt · England Premier League/Championship/League One/League Two (fees & values are estimates, EUR)",€,Premier League|Championship|League One|League Two,League Two,Crewe Alexandra,,,https://tmssl.akamaized.net//images/wappen/homepageSmall/1042.png?lm=1520420741,in,,Jordan Gibson,,,,,,,28,RM,Right Midfield,England,https://tmssl.akamaized.net//images/flagge/tiny/189.png?lm=1520611569,Doncaster,,free,,€300k,0.3,Free,0.0,
England,en,2026-08-01 15:48 UTC,"Transfermarkt · England Premier League/Championship/League One/League Two (fees & values are estimates, EUR)",€,Premier League|Championship|League One|League Two,League Two,Crewe Alexandra,,,https://tmssl.akamaized.net//images/wappen/homepageSmall/1042.png?lm=1520420741,in,,Luke Offord,,,,,,,26,CB,Centre-Back,England,https://tmssl.akamaized.net//images/flagge/tiny/189.png?lm=1520611569,MK Dons,,free,,€450k,0.45,Free,0.0,
England,en,2026-08-01 15:48 UTC,"Transfermarkt · England Premier League/Championship/League One/League Two (fees & values are estimates, EUR)",€,Premier League|Championship|League One|League Two,League Two,Crewe Alexandra,,,https://tmssl.akamaized.net//images/wappen/homepageSmall/1042.png?lm=1520420741,in,,Joe White,,,,,,,23,AM,Attacking Midfield,England,https://tmssl.akamaized.net//images/flagge/tiny/189.png?lm=1520611569,Newcastle,,other,,€200k,0.2,?,,
England,en,2026-08-01 15:48 UTC,"Transfermarkt · England Premier League/Championship/League One/League Two (fees & values are estimates, EUR)",€,Premier League|Championship|League One|League Two,League Two,Crewe Alexandra,,,https://tmssl.akamaized.net//images/wappen/homepageSmall/1042.png?lm=1520420741,in,,Patrick Mlynarski,,,,,,,17,RW,Right Winger,Wales,https://tmssl.akamaized.net//images/flagge/tiny/191.png?lm=1520611569,Crewe U21,,promotion,,?,,Promotion,,
England,en,2026-08-01 15:48 UTC,"Transfermarkt · England Premier League/Championship/League One/League Two (fees & values are estimates, EUR)",€,Premier League|Championship|League One|League Two,League Two,Crewe Alexandra,,,https://tmssl.akamaized.net//images/wappen/homepageSmall/1042.png?lm=1520420741,in,,Owen Taylor,,,,,,,-,CM,Central Midfield,England,https://tmssl.akamaized.net//images/flagge/tiny/189.png?lm=1520611569,Crewe U18,,promotion,,?,,Promotion,,
England,en,2026-08-01 15:48 UTC,"Transfermarkt · England Premier League/Championship/League One/League Two (fees & values are estimates, EUR)",€,Premier League|Championship|League One|League Two,League Two,Crewe Alexandra,,,https://tmssl.akamaized.net//images/wappen/homepageSmall/1042.png?lm=1520420741,out,,Zac Williams,,,,,,,22,CB,Centre-Back,Wales,https://tmssl.akamaized.net//images/flagge/tiny/191.png?lm=1520611569,Barnet,,free,,€450k,0.45,Free,0.0,
England,en,2026-08-01 15:48 UTC,"Transfermarkt · England Premier League/Championship/League One/League Two (fees & values are estimates, EUR)",€,Premier League|Championship|League One|League Two,League Two,Crewe Alexandra,,,https://tmssl.akamaized.net//images/wappen/homepageSmall/1042.png?lm=1520420741,out,,Jack Powell,,,,,,,32,CM,Central Midfield,England,https://tmssl.akamaized.net//images/flagge/tiny/189.png?lm=1520611569,Hornchurch,,free,,€75k,0.075,Free,0.0,
England,en,2026-08-01 15:48 UTC,"Transfermarkt · England Premier League/Championship/League One/League Two (fees & values are estimates, EUR)",€,Premier League|Championship|League One|League Two,League Two,Crewe Alexandra,,,https://tmssl.akamaized.net//images/wappen/homepageSmall/1042.png?lm=1520420741,out,,Max Sanders,,,,,,,27,CM,Central Midfield,England,https://tmssl.akamaized.net//images/flagge/tiny/189.png?lm=1520611569,Notts County,,free,,€400k,0.4,Free,0.0,
England,en,2026-08-01 15:48 UTC,"Transfermarkt · England Premier League/Championship/League One/League Two (fees & values are estimates, EUR)",€,Premier League|Championship|League One|League Two,League Two,Crewe Alexandra,,,https://tmssl.akamaized.net//images/wappen/homepageSmall/1042.png?lm=1520420741,out,,Oliver Armstrong,,,,,,,19,CM,Central Midfield,England,https://tmssl.akamaized.net//images/flagge/tiny/189.png?lm=1520611569,Gamecocks,,free,,?,,Free,0.0,
England,en,2026-08-01 15:48 UTC,"Transfermarkt · England Premier League/Championship/League One/League Two (fees & values are estimates, EUR)",€,Premier League|Championship|League One|League Two,League Two,Crewe Alexandra,,,https://tmssl.akamaized.net//images/wappen/homepageSmall/1042.png?lm=1520420741,out,,James Connolly,,,,,,,24,CB,Centre-Back,Wales,https://tmssl.akamaized.net//images/flagge/tiny/191.png?lm=1520611569,Walsall,,free,,€375k,0.375,Free,0.0,
England,en,2026-08-01 15:48 UTC,"Transfermarkt · England Premier League/Championship/League One/League Two (fees & values are estimates, EUR)",€,Premier League|Championship|League One|League Two,League Two,Crewe Alexandra,,,https://tmssl.akamaized.net//images/wappen/homepageSmall/1042.png?lm=1520420741,out,,Louis Moult,,,,,,,34,CF,Centre-Forward,England,https://tmssl.akamaized.net//images/flagge/tiny/189.png?lm=1520611569,Telford Utd,,free,,€50k,0.05,Free,0.0,
England,en,2026-08-01 15:48 UTC,"Transfermarkt · England Premier League/Championship/League One/League Two (fees & values are estimates, EUR)",€,Premier League|Championship|League One|League Two,League Two,Crewe Alexandra,,,https://tmssl.akamaized.net//images/wappen/homepageSmall/1042.png?lm=1520420741,out,,Omar Bogle,,,,,,,32,CF,Centre-Forward,England,https://tmssl.akamaized.net//images/flagge/tiny/189.png?lm=1520611569,Without Club,,other,,€75k,0.075,?,,
England,en,2026-08-01 15:48 UTC,"Transfermarkt · England Premier League/Championship/League One/League Two (fees & values are estimates, EUR)",€,Premier League|Championship|League One|League Two,League Two,Crewe Alexandra,,,https://tmssl.akamaized.net//images/wappen/homepageSmall/1042.png?lm=1520420741,out,,Charlie Finney,,,,,,,22,LB,Left-Back,England,https://tmssl.akamaized.net//images/flagge/tiny/189.png?lm=1520611569,Without Club,,other,,€150k,0.15,?,,
England,en,2026-08-01 15:48 UTC,"Transfermarkt · England Premier League/Championship/League One/League Two (fees & values are estimates, EUR)",€,Premier League|Championship|League One|League Two,League Two,Crewe Alexandra,,,https://tmssl.akamaized.net//images/wappen/homepageSmall/1042.png?lm=1520420741,out,,Shilow Tracey,,,,,,,28,RW,Right Winger,England,https://tmssl.akamaized.net//images/flagge/tiny/189.png?lm=1520611569,Without Club,,other,,€100k,0.1,?,,
England,en,2026-08-01 15:48 UTC,"Transfermarkt · England Premier League/Championship/League One/League Two (fees & values are estimates, EUR)",€,Premier League|Championship|League One|League Two,League Two,Crewe Alexandra,,,https://tmssl.akamaized.net//images/wappen/homepageSmall/1042.png?lm=1520420741,out,,Jordan Hodkin,,,,,,,19,CF,Centre-Forward,England,https://tmssl.akamaized.net//images/flagge/tiny/189.png?lm=1520611569,Without Club,,other,,?,,?,,
England,en,2026-08-01 15:48 UTC,"Transfermarkt · England Premier League/Championship/League One/League Two (fees & values are estimates, EUR)",€,Premier League|Championship|League One|League Two,League Two,Crewe Alexandra,,,https://tmssl.akamaized.net//images/wappen/homepageSmall/1042.png?lm=1520420741,out,,Tommi O'Reilly,,,,,,,22,AM,Attacking Midfield,England,https://tmssl.akamaized.net//images/flagge/tiny/189.png?lm=1520611569,Aston Villa U21,,loan-return,,€450k,0.45,End of loan,,
England,en,2026-08-01 15:48 UTC,"Transfermarkt · England Premier League/Championship/League One/League Two (fees & values are estimates, EUR)",€,Premier League|Championship|League One|League Two,League Two,Exeter City,,,https://tmssl.akamaized.net//images/wappen/homepageSmall/6699.png?lm=1499889100,in,,Gwion Edwards,,,,,,,33,RW,Right Winger,Wales,https://tmssl.akamaized.net//images/flagge/tiny/191.png?lm=1520611569,Morecambe FC,,free,,?,,Free,0.0,
England,en,2026-08-01 15:48 UTC,"Transfermarkt · England Premier League/Championship/League One/League Two (fees & values are estimates, EUR)",€,Premier League|Championship|League One|League Two,League Two,Exeter City,,,https://tmssl.akamaized.net//images/wappen/homepageSmall/6699.png?lm=1499889100,in,,Josh Gordon,,,,,,,31,CF,Centre-Forward,England,https://tmssl.akamaized.net//images/flagge/tiny/189.png?lm=1520611569,Walsall,,free,,€75k,0.075,Free,0.0,
England,en,2026-08-01 15:48 UTC,"Transfermarkt · England Premier League/Championship/League One/League Two (fees & values are estimates, EUR)",€,Premier League|Championship|League One|League Two,League Two,Exeter City,,,https://tmssl.akamaized.net//images/wappen/homepageSmall/6699.png?lm=1499889100,in,,Taylor Perry,,,,,,,25,CM,Central Midfield,England,https://tmssl.akamaized.net//images/flagge/tiny/189.png?lm=1520611569,Shrewsbury,,free,,€250k,0.25,Free,0.0,
England,en,2026-08-01 15:48 UTC,"Transfermarkt · England Premier League/Championship/League One/League Two (fees & values are estimates, EUR)",€,Premier League|Championship|League One|League Two,League Two,Exeter City,,,https://tmssl.akamaized.net//images/wappen/homepageSmall/6699.png?lm=1499889100,in,,Liam Cartwright,,,,,,,17,RB,Right-Back,England,https://tmssl.akamaized.net//images/flagge/tiny/189.png?lm=1520611569,Exeter U18,,promotion,,?,,Promotion,,
England,en,2026-08-01 15:48 UTC,"Transfermarkt · England Premier League/Championship/League One/League Two (fees & values are estimates, EUR)",€,Premier League|Championship|League One|League Two,League Two,Exeter City,,,https://tmssl.akamaized.net//images/wappen/homepageSmall/6699.png?lm=1499889100,in,,Louie Cayless,,,,,,,17,RB,Right-Back,England,https://tmssl.akamaized.net//images/flagge/tiny/189.png?lm=1520611569,Exeter U18,,promotion,,?,,Promotion,,
England,en,2026-08-01 15:48 UTC,"Transfermarkt · England Premier League/Championship/League One/League Two (fees & values are estimates, EUR)",€,Premier League|Championship|League One|League Two,League Two,Exeter City,,,https://tmssl.akamaized.net//images/wappen/homepageSmall/6699.png?lm=1499889100,out,,Danny Andrew,,,,,,,35,LB,Left-Back,England,https://tmssl.akamaized.net//images/flagge/tiny/189.png?lm=1520611569,Fleetwood,,free,,€50k,0.05,Free,0.0,
England,en,2026-08-01 15:48 UTC,"Transfermarkt · England Premier League/Championship/League One/League Two (fees & values are estimates, EUR)",€,Premier League|Championship|League One|League Two,League Two,Exeter City,,,https://tmssl.akamaized.net//images/wappen/homepageSmall/6699.png?lm=1499889100,out,,Jack McMillan,,,,,,,28,RB,Right-Back,Scotland,https://tmssl.akamaized.net//images/flagge/tiny/190.png?lm=1520611569,Falkirk,,free,,€400k,0.4,Free,0.0,
England,en,2026-08-01 15:48 UTC,"Transfermarkt · England Premier League/Championship/League One/League Two (fees & values are estimates, EUR)",€,Premier League|Championship|League One|League Two,League Two,Exeter City,,,https://tmssl.akamaized.net//images/wappen/homepageSmall/6699.png?lm=1499889100,out,,Ilmari Niskanen,,,,,,,28,RM,Right Midfield,Finland,https://tmssl.akamaized.net//images/flagge/tiny/49.png?lm=1520611569,Blackpool,,free,,€500k,0.5,Free,0.0,
England,en,2026-08-01 15:48 UTC,"Transfermarkt · England Premier League/Championship/League One/League Two (fees & values are estimates, EUR)",€,Premier League|Championship|League One|League Two,League Two,Exeter City,,,https://tmssl.akamaized.net//images/wappen/homepageSmall/6699.png?lm=1499889100,out,,Josh Magennis,,,,,,,35,CF,Centre-Forward,Northern Ireland,https://tmssl.akamaized.net//images/flagge/tiny/192.png?lm=1520611569,Stevenage,,free,,€50k,0.05,Free,0.0,
England,en,2026-08-01 15:48 UTC,"Transfermarkt · England Premier League/Championship/League One/League Two (fees & values are estimates, EUR)",€,Premier League|Championship|League One|League Two,League Two,Exeter City,,,https://tmssl.akamaized.net//images/wappen/homepageSmall/6699.png?lm=1499889100,out,,Pierce Sweeney,,,,,,,31,CB,Centre-Back,Ireland,https://tmssl.akamaized.net//images/flagge/tiny/72.png?lm=1520611569,Cheltenham,,free,,€200k,0.2,Free,0.0,
England,en,2026-08-01 15:48 UTC,"Transfermarkt · England Premier League/Championship/League One/League Two (fees & values are estimates, EUR)",€,Premier League|Championship|League One|League Two,League Two,Exeter City,,,https://tmssl.akamaized.net//images/wappen/homepageSmall/6699.png?lm=1499889100,out,,Jack Aitchison,,,,,,,26,AM,Attacking Midfield,Scotland,https://tmssl.akamaized.net//images/flagge/tiny/190.png?lm=1520611569,Bristol Rovers,,free,,€325k,0.325,Free,0.0,
England,en,2026-08-01 15:48 UTC,"Transfermarkt · England Premier League/Championship/League One/League Two (fees & values are estimates, EUR)",€,Premier League|Championship|League One|League Two,League Two,Exeter City,,,https://tmssl.akamaized.net//images/wappen/homepageSmall/6699.png?lm=1499889100,out,,Johnly Yfeko,,,,,,,23,CB,Centre-Back,England,https://tmssl.akamaized.net//images/flagge/tiny/189.png?lm=1520611569,Kilmarnock FC,,other,,€125k,0.125,?,,
England,en,2026-08-01 15:48 UTC,"Transfermarkt · England Premier League/Championship/League One/League Two (fees & values are estimates, EUR)",€,Premier League|Championship|League One|League Two,League Two,Exeter City,,,https://tmssl.akamaized.net//images/wappen/homepageSmall/6699.png?lm=1499889100,out,,Kevin McDonald,,,,,,,37,DM,Defensive Midfield,Scotland,https://tmssl.akamaized.net//images/flagge/tiny/190.png?lm=1520611569,Without Club,,other,,€50k,0.05,?,,
England,en,2026-08-01 15:48 UTC,"Transfermarkt · England Premier League/Championship/League One/League Two (fees & values are estimates, EUR)",€,Premier League|Championship|League One|League Two,League Two,Exeter City,,,https://tmssl.akamaized.net//images/wappen/homepageSmall/6699.png?lm=1499889100,out,,Timur Tuterov,,,,,,,21,LW,Left Winger,Ukraine,https://tmssl.akamaized.net//images/flagge/tiny/177.png?lm=1520611569,Sunderland U21,,loan-return,,€300k,0.3,End of loan,,
England,en,2026-08-01 15:48 UTC,"Transfermarkt · England Premier League/Championship/League One/League Two (fees & values are estimates, EUR)",€,Premier League|Championship|League One|League Two,League Two,Fleetwood Town,,,https://tmssl.akamaized.net//images/wappen/homepageSmall/11177.png?lm=1464290061,in,,James Pradic,,,,,,,21,GK,Goalkeeper,Wales,https://tmssl.akamaized.net//images/flagge/tiny/191.png?lm=1520611569,Preston,,free,,?,,Free,0.0,
England,en,2026-08-01 15:48 UTC,"Transfermarkt · England Premier League/Championship/League One/League Two (fees & values are estimates, EUR)",€,Premier League|Championship|League One|League Two,League Two,Fleetwood Town,,,https://tmssl.akamaized.net//images/wappen/homepageSmall/11177.png?lm=1464290061,in,,Jake Batty,,,,,,,21,LB,Left-Back,England,https://tmssl.akamaized.net//images/flagge/tiny/189.png?lm=1520611569,Swindon Town,,free,,€250k,0.25,Free,0.0,
England,en,2026-08-01 15:48 UTC,"Transfermarkt · England Premier League/Championship/League One/League Two (fees & values are estimates, EUR)",€,Premier League|Championship|League One|League Two,League Two,Fleetwood Town,,,https://tmssl.akamaized.net//images/wappen/homepageSmall/11177.png?lm=1464290061,in,,Andy Cannon,,,,,,,30,CM,Central Midfield,England,https://tmssl.akamaized.net//images/flagge/tiny/189.png?lm=1520611569,Wrexham,,free,,€200k,0.2,Free,0.0,
England,en,2026-08-01 15:48 UTC,"Transfermarkt · England Premier League/Championship/League One/League Two (fees & values are estimates, EUR)",€,Premier League|Championship|League One|League Two,League Two,Fleetwood Town,,,https://tmssl.akamaized.net//images/wappen/homepageSmall/11177.png?lm=1464290061,in,,Josh Thomas,,,,,,,23,CF,Centre-Forward,Wales,https://tmssl.akamaized.net//images/flagge/tiny/191.png?lm=1520611569,Swansea,,free,,€125k,0.125,Free,0.0,
England,en,2026-08-01 15:48 UTC,"Transfermarkt · England Premier League/Championship/League One/League Two (fees & values are estimates, EUR)",€,Premier League|Championship|League One|League Two,League Two,Fleetwood Town,,,https://tmssl.akamaized.net//images/wappen/homepageSmall/11177.png?lm=1464290061,in,,Danny Andrew,,,,,,,35,LB,Left-Back,England,https://tmssl.akamaized.net//images/flagge/tiny/189.png?lm=1520611569,Exeter City,,free,,€50k,0.05,Free,0.0,
England,en,2026-08-01 15:48 UTC,"Transfermarkt · England Premier League/Championship/League One/League Two (fees & values are estimates, EUR)",€,Premier League|Championship|League One|League Two,League Two,Fleetwood Town,,,https://tmssl.akamaized.net//images/wappen/homepageSmall/11177.png?lm=1464290061,in,,Noah Mawene,,,,,,,21,DM,Defensive Midfield,England,https://tmssl.akamaized.net//images/flagge/tiny/189.png?lm=1520611569,Preston,,free,,€200k,0.2,Free,0.0,
England,en,2026-08-01 15:48 UTC,"Transfermarkt · England Premier League/Championship/League One/League Two (fees & values are estimates, EUR)",€,Premier League|Championship|League One|League Two,League Two,Fleetwood Town,,,https://tmssl.akamaized.net//images/wappen/homepageSmall/11177.png?lm=1464290061,in,,Kane Thompson-Sommers,,,,,,,25,CM,Central Midfield,England,https://tmssl.akamaized.net//images/flagge/tiny/189.png?lm=1520611569,MK Dons,,other,,€150k,0.15,?,,
England,en,2026-08-01 15:48 UTC,"Transfermarkt · England Premier League/Championship/League One/League Two (fees & values are estimates, EUR)",€,Premier League|Championship|League One|League Two,League Two,Fleetwood Town,,,https://tmssl.akamaized.net//images/wappen/homepageSmall/11177.png?lm=1464290061,in,,Jesse Dempsey,,,,,,,21,LB,Left-Back,Ireland,https://tmssl.akamaized.net//images/flagge/tiny/72.png?lm=1520611569,Waterford FC,,loan,,€75k,0.075,Loan,,
England,en,2026-08-01 15:48 UTC,"Transfermarkt · England Premier League/Championship/League One/League Two (fees & values are estimates, EUR)",€,Premier League|Championship|League One|League Two,League Two,Fleetwood Town,,,https://tmssl.akamaized.net//images/wappen/homepageSmall/11177.png?lm=1464290061,in,,Toby Mullarkey,,,,,,,31,CB,Centre-Back,England,https://tmssl.akamaized.net//images/flagge/tiny/189.png?lm=1520611569,Carlisle United,,loan-return,,€225k,0.225,End of loan,,
England,en,2026-08-01 15:48 UTC,"Transfermarkt · England Premier League/Championship/League One/League Two (fees & values are estimates, EUR)",€,Premier League|Championship|League One|League Two,League Two,Fleetwood Town,,,https://tmssl.akamaized.net//images/wappen/homepageSmall/11177.png?lm=1464290061,in,,Noah Mawene,,,,,,,21,DM,Defensive Midfield,England,https://tmssl.akamaized.net//images/flagge/tiny/189.png?lm=1520611569,Waterford FC,,loan-return,,€200k,0.2,End of loan,,
England,en,2026-08-01 15:48 UTC,"Transfermarkt · England Premier League/Championship/League One/League Two (fees & values are estimates, EUR)",€,Premier League|Championship|League One|League Two,League Two,Fleetwood Town,,,https://tmssl.akamaized.net//images/wappen/homepageSmall/11177.png?lm=1464290061,in,,Stephen McMullan,,,,,,,21,GK,Goalkeeper,Northern Ireland,https://tmssl.akamaized.net//images/flagge/tiny/192.png?lm=1520611569,Waterford FC,,loan-return,,€125k,0.125,End of loan,,
England,en,2026-08-01 15:48 UTC,"Transfermarkt · England Premier League/Championship/League One/League Two (fees & values are estimates, EUR)",€,Premier League|Championship|League One|League Two,League Two,Fleetwood Town,,,https://tmssl.akamaized.net//images/wappen/homepageSmall/11177.png?lm=1464290061,out,,Zech Medley,,,,,,,25,CB,Centre-Back,England,https://tmssl.akamaized.net//images/flagge/tiny/189.png?lm=1520611569,York City,,free,,€325k,0.325,Free,0.0,
England,en,2026-08-01 15:48 UTC,"Transfermarkt · England Premier League/Championship/League One/League Two (fees & values are estimates, EUR)",€,Premier League|Championship|League One|League Two,League Two,Fleetwood Town,,,https://tmssl.akamaized.net//images/wappen/homepageSmall/11177.png?lm=1464290061,out,,Jordan Davies,,,,,,,27,CM,Central Midfield,Wales,https://tmssl.akamaized.net//images/flagge/tiny/191.png?lm=1520611569,Tranmere,,free,,€150k,0.15,Free,0.0,
England,en,2026-08-01 15:48 UTC,"Transfermarkt · England Premier League/Championship/League One/League Two (fees & values are estimates, EUR)",€,Premier League|Championship|League One|League Two,League Two,Fleetwood Town,,,https://tmssl.akamaized.net//images/wappen/homepageSmall/11177.png?lm=1464290061,out,,Owen Devonport,,,,,,,21,CF,Centre-Forward,England,https://tmssl.akamaized.net//images/flagge/tiny/189.png?lm=1520611569,Buxton,,free,,?,,Free,0.0,
England,en,2026-08-01 15:48 UTC,"Transfermarkt · England Premier League/Championship/League One/League Two (fees & values are estimates, EUR)",€,Premier League|Championship|League One|League Two,League Two,Fleetwood Town,,,https://tmssl.akamaized.net//images/wappen/homepageSmall/11177.png?lm=1464290061,out,,Matty Virtue,,,,,,,29,CM,Central Midfield,England,https://tmssl.akamaized.net//images/flagge/tiny/189.png?lm=1520611569,Swindon Town,,free,,€200k,0.2,Free,0.0,
England,en,2026-08-01 15:48 UTC,"Transfermarkt · England Premier League/Championship/League One/League Two (fees & values are estimates, EUR)",€,Premier League|Championship|League One|League Two,League Two,Fleetwood Town,,,https://tmssl.akamaized.net//images/wappen/homepageSmall/11177.png?lm=1464290061,out,,Luke Hewitson,,,,,,,21,GK,Goalkeeper,England,https://tmssl.akamaized.net//images/flagge/tiny/189.png?lm=1520611569,Chester,,other,,?,,?,,
England,en,2026-08-01 15:48 UTC,"Transfermarkt · England Premier League/Championship/League One/League Two (fees & values are estimates, EUR)",€,Premier League|Championship|League One|League Two,League Two,Fleetwood Town,,,https://tmssl.akamaized.net//images/wappen/homepageSmall/11177.png?lm=1464290061,out,,Elliot Bonds,,,,,,,26,DM,Defensive Midfield,Guyana,https://tmssl.akamaized.net//images/flagge/tiny/61.png?lm=1520611569,Salford,,other,,€350k,0.35,?,,
England,en,2026-08-01 15:48 UTC,"Transfermarkt · England Premier League/Championship/League One/League Two (fees & values are estimates, EUR)",€,Premier League|Championship|League One|League Two,League Two,Fleetwood Town,,,https://tmssl.akamaized.net//images/wappen/homepageSmall/11177.png?lm=1464290061,out,,George Morrison,,,,,,,20,CM,Central Midfield,Scotland,https://tmssl.akamaized.net//images/flagge/tiny/190.png?lm=1520611569,Stoke U21,,other,,€50k,0.05,?,,
England,en,2026-08-01 15:48 UTC,"Transfermarkt · England Premier League/Championship/League One/League Two (fees & values are estimates, EUR)",€,Premier League|Championship|League One|League Two,League Two,Fleetwood Town,,,https://tmssl.akamaized.net//images/wappen/homepageSmall/11177.png?lm=1464290061,out,,Harrison Holgate,,,,,,,26,CB,Centre-Back,England,https://tmssl.akamaized.net//images/flagge/tiny/189.png?lm=1520611569,Without Club,,other,,€175k,0.175,?,,
England,en,2026-08-01 15:48 UTC,"Transfermarkt · England Premier League/Championship/League One/League Two (fees & values are estimates, EUR)",€,Premier League|Championship|League One|League Two,League Two,Fleetwood Town,,,https://tmssl.akamaized.net//images/wappen/homepageSmall/11177.png?lm=1464290061,out,,James Norwood,,,,,,,35,CF,Centre-Forward,England,https://tmssl.akamaized.net//images/flagge/tiny/189.png?lm=1520611569,Without Club,,other,,€25k,0.025,?,,
England,en,2026-08-01 15:48 UTC,"Transfermarkt · England Premier League/Championship/League One/League Two (fees & values are estimates, EUR)",€,Premier League|Championship|League One|League Two,League Two,Fleetwood Town,,,https://tmssl.akamaized.net//images/wappen/homepageSmall/11177.png?lm=1464290061,out,,James Bolton,,,,,,,31,CB,Centre-Back,England,https://tmssl.akamaized.net//images/flagge/tiny/189.png?lm=1520611569,Without Club,,other,,€200k,0.2,?,,
England,en,2026-08-01 15:48 UTC,"Transfermarkt · England Premier League/Championship/League One/League Two (fees & values are estimates, EUR)",€,Premier League|Championship|League One|League Two,League Two,Fleetwood Town,,,https://tmssl.akamaized.net//images/wappen/homepageSmall/11177.png?lm=1464290061,out,,Noah Mawene,,,,,,,21,DM,Defensive Midfield,England,https://tmssl.akamaized.net//images/flagge/tiny/189.png?lm=1520611569,Waterford FC,,loan,,€200k,0.2,Loan,,
England,en,2026-08-01 15:48 UTC,"Transfermarkt · England Premier League/Championship/League One/League Two (fees & values are estimates, EUR)",€,Premier League|Championship|League One|League Two,League Two,Fleetwood Town,,,https://tmssl.akamaized.net//images/wappen/homepageSmall/11177.png?lm=1464290061,out,,Toby Mullarkey,,,,,,,30,CB,Centre-Back,England,https://tmssl.akamaized.net//images/flagge/tiny/189.png?lm=1520611569,Carlisle United,,loan,,€225k,0.225,Loan,,
England,en,2026-08-01 15:48 UTC,"Transfermarkt · England Premier League/Championship/League One/League Two (fees & values are estimates, EUR)",€,Premier League|Championship|League One|League Two,League Two,Fleetwood Town,,,https://tmssl.akamaized.net//images/wappen/homepageSmall/11177.png?lm=1464290061,out,,Esapa Osong,,,,,,,21,CF,Centre-Forward,England,https://tmssl.akamaized.net//images/flagge/tiny/189.png?lm=1520611569,Nottingham U21,,loan-return,,€150k,0.15,End of loan,,
England,en,2026-08-01 15:48 UTC,"Transfermarkt · England Premier League/Championship/League One/League Two (fees & values are estimates, EUR)",€,Premier League|Championship|League One|League Two,League Two,Fleetwood Town,,,https://tmssl.akamaized.net//images/wappen/homepageSmall/11177.png?lm=1464290061,out,,Josh Powell,,,,,,,21,LB,Left-Back,England,https://tmssl.akamaized.net//images/flagge/tiny/189.png?lm=1520611569,Nottingham U21,,loan-return,,€100k,0.1,End of loan,,
England,en,2026-08-01 15:48 UTC,"Transfermarkt · England Premier League/Championship/League One/League Two (fees & values are estimates, EUR)",€,Premier League|Championship|League One|League Two,League Two,Gillingham FC,,,https://tmssl.akamaized.net//images/wappen/homepageSmall/2814.png?lm=1462393871,in,,Samuel Tabares,,,,,,,20,CB,Centre-Back,England,https://tmssl.akamaized.net//images/flagge/tiny/189.png?lm=1520611569,Southampton U21,,free,,?,,Free,0.0,
England,en,2026-08-01 15:48 UTC,"Transfermarkt · England Premier League/Championship/League One/League Two (fees & values are estimates, EUR)",€,Premier League|Championship|League One|League Two,League Two,Gillingham FC,,,https://tmssl.akamaized.net//images/wappen/homepageSmall/2814.png?lm=1462393871,in,,Lennon MacLorg,,,,,,,20,GK,Goalkeeper,England,https://tmssl.akamaized.net//images/flagge/tiny/189.png?lm=1520611569,Charlton U21,,free,,?,,Free,0.0,
England,en,2026-08-01 15:48 UTC,"Transfermarkt · England Premier League/Championship/League One/League Two (fees & values are estimates, EUR)",€,Premier League|Championship|League One|League Two,League Two,Gillingham FC,,,https://tmssl.akamaized.net//images/wappen/homepageSmall/2814.png?lm=1462393871,in,,Liam Gordon,,,,,,,30,CB,Centre-Back,Scotland,https://tmssl.akamaized.net//images/flagge/tiny/190.png?lm=1520611569,Motherwell FC,,free,,€250k,0.25,Free,0.0,
England,en,2026-08-01 15:48 UTC,"Transfermarkt · England Premier League/Championship/League One/League Two (fees & values are estimates, EUR)",€,Premier League|Championship|League One|League Two,League Two,Gillingham FC,,,https://tmssl.akamaized.net//images/wappen/homepageSmall/2814.png?lm=1462393871,in,,Kadeem Harris,,,,,,,33,LM,Left Midfield,England,https://tmssl.akamaized.net//images/flagge/tiny/189.png?lm=1520611569,Salford,,free,,€100k,0.1,Free,0.0,
England,en,2026-08-01 15:48 UTC,"Transfermarkt · England Premier League/Championship/League One/League Two (fees & values are estimates, EUR)",€,Premier League|Championship|League One|League Two,League Two,Gillingham FC,,,https://tmssl.akamaized.net//images/wappen/homepageSmall/2814.png?lm=1462393871,in,,Zane Albarus,,,,,,,20,CM,Central Midfield,England,https://tmssl.akamaized.net//images/flagge/tiny/189.png?lm=1520611569,Brighton U21,,free,,?,,Free,0.0,
England,en,2026-08-01 15:48 UTC,"Transfermarkt · England Premier League/Championship/League One/League Two (fees & values are estimates, EUR)",€,Premier League|Championship|League One|League Two,League Two,Gillingham FC,,,https://tmssl.akamaized.net//images/wappen/homepageSmall/2814.png?lm=1462393871,in,,Will Goodwin,,,,,,,24,CF,Centre-Forward,England,https://tmssl.akamaized.net//images/flagge/tiny/189.png?lm=1520611569,Oxford United,,free,,€250k,0.25,Free,0.0,
England,en,2026-08-01 15:48 UTC,"Transfermarkt · England Premier League/Championship/League One/League Two (fees & values are estimates, EUR)",€,Premier League|Championship|League One|League Two,League Two,Gillingham FC,,,https://tmssl.akamaized.net//images/wappen/homepageSmall/2814.png?lm=1462393871,in,,Nick Freeman,,,,,,,30,CM,Central Midfield,England,https://tmssl.akamaized.net//images/flagge/tiny/189.png?lm=1520611569,Shrewsbury,,free,,€125k,0.125,Free,0.0,
England,en,2026-08-01 15:48 UTC,"Transfermarkt · England Premier League/Championship/League One/League Two (fees & values are estimates, EUR)",€,Premier League|Championship|League One|League Two,League Two,Gillingham FC,,,https://tmssl.akamaized.net//images/wappen/homepageSmall/2814.png?lm=1462393871,in,,James Brophy,,,,,,,31,LM,Left Midfield,England,https://tmssl.akamaized.net//images/flagge/tiny/189.png?lm=1520611569,Cambridge Utd.,,free,,€250k,0.25,Free,0.0,
England,en,2026-08-01 15:48 UTC,"Transfermarkt · England Premier League/Championship/League One/League Two (fees & values are estimates, EUR)",€,Premier League|Championship|League One|League Two,League Two,Gillingham FC,,,https://tmssl.akamaized.net//images/wappen/homepageSmall/2814.png?lm=1462393871,in,,Oliver Wright,,,,,,,23,GK,Goalkeeper,England,https://tmssl.akamaized.net//images/flagge/tiny/189.png?lm=1520611569,Southampton U21,,loan,,€250k,0.25,Loan,,
England,en,2026-08-01 15:48 UTC,"Transfermarkt · England Premier League/Championship/League One/League Two (fees & values are estimates, EUR)",€,Premier League|Championship|League One|League Two,League Two,Gillingham FC,,,https://tmssl.akamaized.net//images/wappen/homepageSmall/2814.png?lm=1462393871,out,,Marcus Wyllie,,,,,,,26,CF,Centre-Forward,Cyprus,https://tmssl.akamaized.net//images/flagge/tiny/188.png?lm=1520611569,Aldershot,,free,,€75k,0.075,Free,0.0,
England,en,2026-08-01 15:48 UTC,"Transfermarkt · England Premier League/Championship/League One/League Two (fees & values are estimates, EUR)",€,Premier League|Championship|League One|League Two,League Two,Gillingham FC,,,https://tmssl.akamaized.net//images/wappen/homepageSmall/2814.png?lm=1462393871,out,,Shadrach Ogie,,,,,,,24,CB,Centre-Back,Ireland,https://tmssl.akamaized.net//images/flagge/tiny/72.png?lm=1520611569,Woking,,free,,€200k,0.2,Free,0.0,
England,en,2026-08-01 15:48 UTC,"Transfermarkt · England Premier League/Championship/League One/League Two (fees & values are estimates, EUR)",€,Premier League|Championship|League One|League Two,League Two,Gillingham FC,,,https://tmssl.akamaized.net//images/wappen/homepageSmall/2814.png?lm=1462393871,out,,Remeao Hutton,,,,,,,27,RB,Right-Back,England,https://tmssl.akamaized.net//images/flagge/tiny/189.png?lm=1520611569,Chesterfield,,free,,€300k,0.3,Free,0.0,
England,en,2026-08-01 15:48 UTC,"Transfermarkt · England Premier League/Championship/League One/League Two (fees & values are estimates, EUR)",€,Premier League|Championship|League One|League Two,League Two,Gillingham FC,,,https://tmssl.akamaized.net//images/wappen/homepageSmall/2814.png?lm=1462393871,out,,Lenni Cirino,,,,,,,23,LB,Left-Back,Montserrat,https://tmssl.akamaized.net//images/flagge/tiny/235.png?lm=1520611569,Hednesford,,free,,€75k,0.075,Free,0.0,
England,en,2026-08-01 15:48 UTC,"Transfermarkt · England Premier League/Championship/League One/League Two (fees & values are estimates, EUR)",€,Premier League|Championship|League One|League Two,League Two,Gillingham FC,,,https://tmssl.akamaized.net//images/wappen/homepageSmall/2814.png?lm=1462393871,out,,Josh Andrews,,,,,,,24,CF,Centre-Forward,England,https://tmssl.akamaized.net//images/flagge/tiny/189.png?lm=1520611569,Grimsby Town,,free,,€250k,0.25,Free,0.0,
England,en,2026-08-01 15:48 UTC,"Transfermarkt · England Premier League/Championship/League One/League Two (fees & values are estimates, EUR)",€,Premier League|Championship|League One|League Two,League Two,Gillingham FC,,,https://tmssl.akamaized.net//images/wappen/homepageSmall/2814.png?lm=1462393871,out,,Euan Williams,,,,,,,23,CM,Central Midfield,Northern Ireland,https://tmssl.akamaized.net//images/flagge/tiny/192.png?lm=1520611569,Dover Athletic,,free,,€50k,0.05,Free,0.0,
England,en,2026-08-01 15:48 UTC,"Transfermarkt · England Premier League/Championship/League One/League Two (fees & values are estimates, EUR)",€,Premier League|Championship|League One|League Two,League Two,Gillingham FC,,,https://tmssl.akamaized.net//images/wappen/homepageSmall/2814.png?lm=1462393871,out,,Elliott Nevitt,,,,,,,29,CF,Centre-Forward,England,https://tmssl.akamaized.net//images/flagge/tiny/189.png?lm=1520611569,Oldham Athletic,,free,,€125k,0.125,Free,0.0,
England,en,2026-08-01 15:48 UTC,"Transfermarkt · England Premier League/Championship/League One/League Two (fees & values are estimates, EUR)",€,Premier League|Championship|League One|League Two,League Two,Gillingham FC,,,https://tmssl.akamaized.net//images/wappen/homepageSmall/2814.png?lm=1462393871,out,,Glenn Morris,,,,,,,42,GK,Goalkeeper,England,https://tmssl.akamaized.net//images/flagge/tiny/189.png?lm=1520611569,Dorking,,free,,€25k,0.025,Free,0.0,
England,en,2026-08-01 15:48 UTC,"Transfermarkt · England Premier League/Championship/League One/League Two (fees & values are estimates, EUR)",€,Premier League|Championship|League One|League Two,League Two,Gillingham FC,,,https://tmssl.akamaized.net//images/wappen/homepageSmall/2814.png?lm=1462393871,out,,Sam Gale,,,,,,,21,CB,Centre-Back,England,https://tmssl.akamaized.net//images/flagge/tiny/189.png?lm=1520611569,Barnsley,,other,,€350k,0.35,?,,
England,en,2026-08-01 15:48 UTC,"Transfermarkt · England Premier League/Championship/League One/League Two (fees & values are estimates, EUR)",€,Premier League|Championship|League One|League Two,League Two,Gillingham FC,,,https://tmssl.akamaized.net//images/wappen/homepageSmall/2814.png?lm=1462393871,out,,Sam Vokes,,,,,,,36,CF,Centre-Forward,Wales,https://tmssl.akamaized.net//images/flagge/tiny/191.png?lm=1520611569,Retired,,other,,€25k,0.025,?,,
England,en,2026-08-01 15:48 UTC,"Transfermarkt · England Premier League/Championship/League One/League Two (fees & values are estimates, EUR)",€,Premier League|Championship|League One|League Two,League Two,Gillingham FC,,,https://tmssl.akamaized.net//images/wappen/homepageSmall/2814.png?lm=1462393871,out,,Max Clark,,,,,,,30,LB,Left-Back,England,https://tmssl.akamaized.net//images/flagge/tiny/189.png?lm=1520611569,Without Club,,other,,€300k,0.3,?,,
England,en,2026-08-01 15:48 UTC,"Transfermarkt · England Premier League/Championship/League One/League Two (fees & values are estimates, EUR)",€,Premier League|Championship|League One|League Two,League Two,Gillingham FC,,,https://tmssl.akamaized.net//images/wappen/homepageSmall/2814.png?lm=1462393871,out,,Jonny Williams,,,,,,,32,AM,Attacking Midfield,Wales,https://tmssl.akamaized.net//images/flagge/tiny/191.png?lm=1520611569,Without Club,,other,,€75k,0.075,?,,
England,en,2026-08-01 15:48 UTC,"Transfermarkt · England Premier League/Championship/League One/League Two (fees & values are estimates, EUR)",€,Premier League|Championship|League One|League Two,League Two,Gillingham FC,,,https://tmssl.akamaized.net//images/wappen/homepageSmall/2814.png?lm=1462393871,out,,Jake Turner,,,,,,,27,GK,Goalkeeper,England,https://tmssl.akamaized.net//images/flagge/tiny/189.png?lm=1520611569,Without Club,,other,,€100k,0.1,?,,
England,en,2026-08-01 15:48 UTC,"Transfermarkt · England Premier League/Championship/League One/League Two (fees & values are estimates, EUR)",€,Premier League|Championship|League One|League Two,League Two,Gillingham FC,,,https://tmssl.akamaized.net//images/wappen/homepageSmall/2814.png?lm=1462393871,out,,Stanley Skipper,,,,,,,20,CM,Central Midfield,England,https://tmssl.akamaized.net//images/flagge/tiny/189.png?lm=1520611569,Without Club,,other,,?,,?,,
England,en,2026-08-01 15:48 UTC,"Transfermarkt · England Premier League/Championship/League One/League Two (fees & values are estimates, EUR)",€,Premier League|Championship|League One|League Two,League Two,Gillingham FC,,,https://tmssl.akamaized.net//images/wappen/homepageSmall/2814.png?lm=1462393871,out,,Aaron Rowe,,,,,,,25,RM,Right Midfield,England,https://tmssl.akamaized.net//images/flagge/tiny/189.png?lm=1520611569,Without Club,,other,,€75k,0.075,?,,
England,en,2026-08-01 15:48 UTC,"Transfermarkt · England Premier League/Championship/League One/League Two (fees & values are estimates, EUR)",€,Premier League|Championship|League One|League Two,League Two,Gillingham FC,,,https://tmssl.akamaized.net//images/wappen/homepageSmall/2814.png?lm=1462393871,out,,Conor Masterson,,,,,,,27,CB,Centre-Back,Ireland,https://tmssl.akamaized.net//images/flagge/tiny/72.png?lm=1520611569,Without Club,,other,,€175k,0.175,?,,
England,en,2026-08-01 15:48 UTC,"Transfermarkt · England Premier League/Championship/League One/League Two (fees & values are estimates, EUR)",€,Premier League|Championship|League One|League Two,League Two,Gillingham FC,,,https://tmssl.akamaized.net//images/wappen/homepageSmall/2814.png?lm=1462393871,out,,Harry Bridle,,,,,,,19,CF,Centre-Forward,England,https://tmssl.akamaized.net//images/flagge/tiny/189.png?lm=1520611569,Without Club,,other,,?,,?,,
England,en,2026-08-01 15:48 UTC,"Transfermarkt · England Premier League/Championship/League One/League Two (fees & values are estimates, EUR)",€,Premier League|Championship|League One|League Two,League Two,Gillingham FC,,,https://tmssl.akamaized.net//images/wappen/homepageSmall/2814.png?lm=1462393871,out,,Oliver Wright,,,,,,,24,GK,Goalkeeper,England,https://tmssl.akamaized.net//images/flagge/tiny/189.png?lm=1520611569,Southampton U21,,loan-return,,€250k,0.25,End of loan,,
England,en,2026-08-01 15:48 UTC,"Transfermarkt · England Premier League/Championship/League One/League Two (fees & values are estimates, EUR)",€,Premier League|Championship|League One|League Two,League Two,Grimsby Town,,,https://tmssl.akamaized.net//images/wappen/homepageSmall/1034.png?lm=1648325629,in,,Andy Cook,,,,,,,35,CF,Centre-Forward,England,https://tmssl.akamaized.net//images/flagge/tiny/189.png?lm=1520611569,Bradford,,free,,€50k,0.05,Free,0.0,
England,en,2026-08-01 15:48 UTC,"Transfermarkt · England Premier League/Championship/League One/League Two (fees & values are estimates, EUR)",€,Premier League|Championship|League One|League Two,League Two,Grimsby Town,,,https://tmssl.akamaized.net//images/wappen/homepageSmall/1034.png?lm=1648325629,in,,Joe Foulkes,,,,,,,23,RB,Right-Back,England,https://tmssl.akamaized.net//images/flagge/tiny/189.png?lm=1520611569,Kidderminster,,free,,?,,Free,0.0,
England,en,2026-08-01 15:48 UTC,"Transfermarkt · England Premier League/Championship/League One/League Two (fees & values are estimates, EUR)",€,Premier League|Championship|League One|League Two,League Two,Grimsby Town,,,https://tmssl.akamaized.net//images/wappen/homepageSmall/1034.png?lm=1648325629,in,,Josh Andrews,,,,,,,24,CF,Centre-Forward,England,https://tmssl.akamaized.net//images/flagge/tiny/189.png?lm=1520611569,Gillingham,,free,,€250k,0.25,Free,0.0,
England,en,2026-08-01 15:48 UTC,"Transfermarkt · England Premier League/Championship/League One/League Two (fees & values are estimates, EUR)",€,Premier League|Championship|League One|League Two,League Two,Grimsby Town,,,https://tmssl.akamaized.net//images/wappen/homepageSmall/1034.png?lm=1648325629,in,,Edon Pruti,,,,,,,24,CB,Centre-Back,Albania,https://tmssl.akamaized.net//images/flagge/tiny/3.png?lm=1520611569,Sutton Utd,,other,,?,,?,,
England,en,2026-08-01 15:48 UTC,"Transfermarkt · England Premier League/Championship/League One/League Two (fees & values are estimates, EUR)",€,Premier League|Championship|League One|League Two,League Two,Grimsby Town,,,https://tmssl.akamaized.net//images/wappen/homepageSmall/1034.png?lm=1648325629,in,,Cian Doyle,,,,,,,21,CM,Central Midfield,Ireland,https://tmssl.akamaized.net//images/flagge/tiny/72.png?lm=1520611569,Bray Wanderers,,other,,?,,?,,
England,en,2026-08-01 15:48 UTC,"Transfermarkt · England Premier League/Championship/League One/League Two (fees & values are estimates, EUR)",€,Premier League|Championship|League One|League Two,League Two,Grimsby Town,,,https://tmssl.akamaized.net//images/wappen/homepageSmall/1034.png?lm=1648325629,in,,Harvey Cartwright,,,,,,,24,GK,Goalkeeper,England,https://tmssl.akamaized.net//images/flagge/tiny/189.png?lm=1520611569,Hull City,,loan,,€150k,0.15,Loan,,
England,en,2026-08-01 15:48 UTC,"Transfermarkt · England Premier League/Championship/League One/League Two (fees & values are estimates, EUR)",€,Premier League|Championship|League One|League Two,League Two,Grimsby Town,,,https://tmssl.akamaized.net//images/wappen/homepageSmall/1034.png?lm=1648325629,out,,Jude Soonsup-Bell,,,,,,,22,CF,Centre-Forward,Thailand,https://tmssl.akamaized.net//images/flagge/tiny/167.png?lm=1520611569,Port FC,,free,,€150k,0.15,Free,0.0,
England,en,2026-08-01 15:48 UTC,"Transfermarkt · England Premier League/Championship/League One/League Two (fees & values are estimates, EUR)",€,Premier League|Championship|League One|League Two,League Two,Grimsby Town,,,https://tmssl.akamaized.net//images/wappen/homepageSmall/1034.png?lm=1648325629,out,,Zak Gilsenan,,,,,,,23,AM,Attacking Midfield,Ireland,https://tmssl.akamaized.net//images/flagge/tiny/72.png?lm=1520611569,Halifax Town,,free,,€75k,0.075,Free,0.0,
England,en,2026-08-01 15:48 UTC,"Transfermarkt · England Premier League/Championship/League One/League Two (fees & values are estimates, EUR)",€,Premier League|Championship|League One|League Two,League Two,Grimsby Town,,,https://tmssl.akamaized.net//images/wappen/homepageSmall/1034.png?lm=1648325629,out,,George McEachran,,,,,,,25,CM,Central Midfield,England,https://tmssl.akamaized.net//images/flagge/tiny/189.png?lm=1520611569,Chesterfield,,free,,€275k,0.275,Free,0.0,
England,en,2026-08-01 15:48 UTC,"Transfermarkt · England Premier League/Championship/League One/League Two (fees & values are estimates, EUR)",€,Premier League|Championship|League One|League Two,League Two,Grimsby Town,,,https://tmssl.akamaized.net//images/wappen/homepageSmall/1034.png?lm=1648325629,out,,Tyrell Warren,,,,,,,27,RB,Right-Back,England,https://tmssl.akamaized.net//images/flagge/tiny/189.png?lm=1520611569,Solihull Moors,,free,,€225k,0.225,Free,0.0,
England,en,2026-08-01 15:48 UTC,"Transfermarkt · England Premier League/Championship/League One/League Two (fees & values are estimates, EUR)",€,Premier League|Championship|League One|League Two,League Two,Grimsby Town,,,https://tmssl.akamaized.net//images/wappen/homepageSmall/1034.png?lm=1648325629,out,,Jason Dadi Svanthórsson,,,,,,,26,RW,Right Winger,Iceland,https://tmssl.akamaized.net//images/flagge/tiny/73.png?lm=1520611569,KR Reykjavík,,free,,€100k,0.1,Free,0.0,
England,en,2026-08-01 15:48 UTC,"Transfermarkt · England Premier League/Championship/League One/League Two (fees & values are estimates, EUR)",€,Premier League|Championship|League One|League Two,League Two,Grimsby Town,,,https://tmssl.akamaized.net//images/wappen/homepageSmall/1034.png?lm=1648325629,out,,Darragh Burns,,,,,,,23,RM,Right Midfield,Ireland,https://tmssl.akamaized.net//images/flagge/tiny/72.png?lm=1520611569,Derry City,,other,,€200k,0.2,?,,
England,en,2026-08-01 15:48 UTC,"Transfermarkt · England Premier League/Championship/League One/League Two (fees & values are estimates, EUR)",€,Premier League|Championship|League One|League Two,League Two,Grimsby Town,,,https://tmssl.akamaized.net//images/wappen/homepageSmall/1034.png?lm=1648325629,out,,Evan Khouri,,,,,,,23,AM,Attacking Midfield,England,https://tmssl.akamaized.net//images/flagge/tiny/189.png?lm=1520611569,Without Club,,other,,€250k,0.25,?,,
England,en,2026-08-01 15:48 UTC,"Transfermarkt · England Premier League/Championship/League One/League Two (fees & values are estimates, EUR)",€,Premier League|Championship|League One|League Two,League Two,Grimsby Town,,,https://tmssl.akamaized.net//images/wappen/homepageSmall/1034.png?lm=1648325629,out,,Clarke Oduor,,,,,,,27,CM,Central Midfield,Kenya,https://tmssl.akamaized.net//images/flagge/tiny/82.png?lm=1520611569,Bradford,,loan-return,,€150k,0.15,End of loan,,
England,en,2026-08-01 15:48 UTC,"Transfermarkt · England Premier League/Championship/League One/League Two (fees & values are estimates, EUR)",€,Premier League|Championship|League One|League Two,League Two,Grimsby Town,,,https://tmssl.akamaized.net//images/wappen/homepageSmall/1034.png?lm=1648325629,out,,Jackson Smith,,,,,,,24,GK,Goalkeeper,England,https://tmssl.akamaized.net//images/flagge/tiny/189.png?lm=1520611569,Barnsley,,loan-return,,€300k,0.3,End of loan,,
England,en,2026-08-01 15:48 UTC,"Transfermarkt · England Premier League/Championship/League One/League Two (fees & values are estimates, EUR)",€,Premier League|Championship|League One|League Two,League Two,Grimsby Town,,,https://tmssl.akamaized.net//images/wappen/homepageSmall/1034.png?lm=1648325629,out,,Andy Cook,,,,,,,35,CF,Centre-Forward,England,https://tmssl.akamaized.net//images/flagge/tiny/189.png?lm=1520611569,Bradford,,loan-return,,€50k,0.05,End of loan,,
England,en,2026-08-01 15:48 UTC,"Transfermarkt · England Premier League/Championship/League One/League Two (fees & values are estimates, EUR)",€,Premier League|Championship|League One|League Two,League Two,Newport County,,,https://tmssl.akamaized.net//images/wappen/homepageSmall/3716.png?lm=1747313782,in,,Kyle Cameron,,,,,,,29,CB,Centre-Back,Scotland,https://tmssl.akamaized.net//images/flagge/tiny/190.png?lm=1520611569,Bromley,,free,,€300k,0.3,Free,0.0,
England,en,2026-08-01 15:48 UTC,"Transfermarkt · England Premier League/Championship/League One/League Two (fees & values are estimates, EUR)",€,Premier League|Championship|League One|League Two,League Two,Newport County,,,https://tmssl.akamaized.net//images/wappen/homepageSmall/3716.png?lm=1747313782,in,,Dan Sassi,,,,,,,22,CB,Centre-Back,England,https://tmssl.akamaized.net//images/flagge/tiny/189.png?lm=1520611569,Blackpool,,free,,?,,Free,0.0,
England,en,2026-08-01 15:48 UTC,"Transfermarkt · England Premier League/Championship/League One/League Two (fees & values are estimates, EUR)",€,Premier League|Championship|League One|League Two,League Two,Newport County,,,https://tmssl.akamaized.net//images/wappen/homepageSmall/3716.png?lm=1747313782,in,,Cameron Norman,,,,,,,30,RB,Right-Back,England,https://tmssl.akamaized.net//images/flagge/tiny/189.png?lm=1520611569,Tranmere,,free,,€150k,0.15,Free,0.0,
England,en,2026-08-01 15:48 UTC,"Transfermarkt · England Premier League/Championship/League One/League Two (fees & values are estimates, EUR)",€,Premier League|Championship|League One|League Two,League Two,Newport County,,,https://tmssl.akamaized.net//images/wappen/homepageSmall/3716.png?lm=1747313782,in,,Harrison Biggins,,,,,,,30,CM,Central Midfield,England,https://tmssl.akamaized.net//images/flagge/tiny/189.png?lm=1520611569,Shrewsbury,,free,,€125k,0.125,Free,0.0,
England,en,2026-08-01 15:48 UTC,"Transfermarkt · England Premier League/Championship/League One/League Two (fees & values are estimates, EUR)",€,Premier League|Championship|League One|League Two,League Two,Newport County,,,https://tmssl.akamaized.net//images/wappen/homepageSmall/3716.png?lm=1747313782,in,,Christian Doidge,,,,,,,33,CF,Centre-Forward,Wales,https://tmssl.akamaized.net//images/flagge/tiny/191.png?lm=1520611569,Forest Green,,free,,?,,Free,0.0,
England,en,2026-08-01 15:48 UTC,"Transfermarkt · England Premier League/Championship/League One/League Two (fees & values are estimates, EUR)",€,Premier League|Championship|League One|League Two,League Two,Newport County,,,https://tmssl.akamaized.net//images/wappen/homepageSmall/3716.png?lm=1747313782,in,,Kieron Evans,,,,,,,24,AM,Attacking Midfield,Wales,https://tmssl.akamaized.net//images/flagge/tiny/191.png?lm=1520611569,Eastleigh,,other,,?,,?,,
England,en,2026-08-01 15:48 UTC,"Transfermarkt · England Premier League/Championship/League One/League Two (fees & values are estimates, EUR)",€,Premier League|Championship|League One|League Two,League Two,Newport County,,,https://tmssl.akamaized.net//images/wappen/homepageSmall/3716.png?lm=1747313782,in,,Yahya Bamba,,,,,,,27,CF,Centre-Forward,France,https://tmssl.akamaized.net//images/flagge/tiny/50.png?lm=1520611569,Forest Green,,other,,?,,?,,
England,en,2026-08-01 15:48 UTC,"Transfermarkt · England Premier League/Championship/League One/League Two (fees & values are estimates, EUR)",€,Premier League|Championship|League One|League Two,League Two,Newport County,,,https://tmssl.akamaized.net//images/wappen/homepageSmall/3716.png?lm=1747313782,in,,Harri Pugh,,,,,,,18,CM,Central Midfield,Wales,https://tmssl.akamaized.net//images/flagge/tiny/191.png?lm=1520611569,Newport U18,,promotion,,?,,Promotion,,
England,en,2026-08-01 15:48 UTC,"Transfermarkt · England Premier League/Championship/League One/League Two (fees & values are estimates, EUR)",€,Premier League|Championship|League One|League Two,League Two,Newport County,,,https://tmssl.akamaized.net//images/wappen/homepageSmall/3716.png?lm=1747313782,out,,Courtney Baker-Richardson,,,,,,,30,CF,Centre-Forward,England,https://tmssl.akamaized.net//images/flagge/tiny/189.png?lm=1520611569,Tranmere,,free,,€125k,0.125,Free,0.0,
England,en,2026-08-01 15:48 UTC,"Transfermarkt · England Premier League/Championship/League One/League Two (fees & values are estimates, EUR)",€,Premier League|Championship|League One|League Two,League Two,Newport County,,,https://tmssl.akamaized.net//images/wappen/homepageSmall/3716.png?lm=1747313782,out,,Matthew Baker,,,,,,,23,CB,Centre-Back,Wales,https://tmssl.akamaized.net//images/flagge/tiny/191.png?lm=1520611569,Notts County,,free,,€300k,0.3,Free,0.0,
England,en,2026-08-01 15:48 UTC,"Transfermarkt · England Premier League/Championship/League One/League Two (fees & values are estimates, EUR)",€,Premier League|Championship|League One|League Two,League Two,Newport County,,,https://tmssl.akamaized.net//images/wappen/homepageSmall/3716.png?lm=1747313782,out,,Liam Shephard,,,,,,,31,RB,Right-Back,Wales,https://tmssl.akamaized.net//images/flagge/tiny/191.png?lm=1520611569,Penybont,,free,,€75k,0.075,Free,0.0,
England,en,2026-08-01 15:48 UTC,"Transfermarkt · England Premier League/Championship/League One/League Two (fees & values are estimates, EUR)",€,Premier League|Championship|League One|League Two,League Two,Newport County,,,https://tmssl.akamaized.net//images/wappen/homepageSmall/3716.png?lm=1747313782,out,,Bobby Kamwa,,,,,,,26,LW,Left Winger,Cameroon,https://tmssl.akamaized.net//images/flagge/tiny/31.png?lm=1520611569,Bristol Rovers,,free,,€175k,0.175,Free,0.0,
England,en,2026-08-01 15:48 UTC,"Transfermarkt · England Premier League/Championship/League One/League Two (fees & values are estimates, EUR)",€,Premier League|Championship|League One|League Two,League Two,Newport County,,,https://tmssl.akamaized.net//images/wappen/homepageSmall/3716.png?lm=1747313782,out,,Lewis Jamieson,,,,,,,24,CF,Centre-Forward,Scotland,https://tmssl.akamaized.net//images/flagge/tiny/190.png?lm=1520611569,Ross County,,other,,€100k,0.1,?,,
England,en,2026-08-01 15:48 UTC,"Transfermarkt · England Premier League/Championship/League One/League Two (fees & values are estimates, EUR)",€,Premier League|Championship|League One|League Two,League Two,Newport County,,,https://tmssl.akamaized.net//images/wappen/homepageSmall/3716.png?lm=1747313782,out,,Michael Spellman,,,,,,,23,LW,Left Winger,England,https://tmssl.akamaized.net//images/flagge/tiny/189.png?lm=1520611569,Without Club,,other,,€75k,0.075,?,,
England,en,2026-08-01 15:48 UTC,"Transfermarkt · England Premier League/Championship/League One/League Two (fees & values are estimates, EUR)",€,Premier League|Championship|League One|League Two,League Two,Newport County,,,https://tmssl.akamaized.net//images/wappen/homepageSmall/3716.png?lm=1747313782,out,,Riley Lonergan,,,,,,,19,CM,Central Midfield,Wales,https://tmssl.akamaized.net//images/flagge/tiny/191.png?lm=1520611569,Without Club,,other,,?,,?,,
England,en,2026-08-01 15:48 UTC,"Transfermarkt · England Premier League/Championship/League One/League Two (fees & values are estimates, EUR)",€,Premier League|Championship|League One|League Two,League Two,Newport County,,,https://tmssl.akamaized.net//images/wappen/homepageSmall/3716.png?lm=1747313782,out,,Jac Norris,,,,,,,19,CM,Central Midfield,Wales,https://tmssl.akamaized.net//images/flagge/tiny/191.png?lm=1520611569,Without Club,,other,,€25k,0.025,?,,
England,en,2026-08-01 15:48 UTC,"Transfermarkt · England Premier League/Championship/League One/League Two (fees & values are estimates, EUR)",€,Premier League|Championship|League One|League Two,League Two,Newport County,,,https://tmssl.akamaized.net//images/wappen/homepageSmall/3716.png?lm=1747313782,out,,Nelson Sanca,,,,,,,19,CB,Centre-Back,Portugal,https://tmssl.akamaized.net//images/flagge/tiny/136.png?lm=1520611569,Without Club,,other,,€25k,0.025,?,,
England,en,2026-08-01 15:48 UTC,"Transfermarkt · England Premier League/Championship/League One/League Two (fees & values are estimates, EUR)",€,Premier League|Championship|League One|League Two,League Two,Newport County,,,https://tmssl.akamaized.net//images/wappen/homepageSmall/3716.png?lm=1747313782,out,,Jaden Warner,,,,,,,23,CB,Centre-Back,England,https://tmssl.akamaized.net//images/flagge/tiny/189.png?lm=1520611569,Without Club,,other,,€50k,0.05,?,,
England,en,2026-08-01 15:48 UTC,"Transfermarkt · England Premier League/Championship/League One/League Two (fees & values are estimates, EUR)",€,Premier League|Championship|League One|League Two,League Two,Newport County,,,https://tmssl.akamaized.net//images/wappen/homepageSmall/3716.png?lm=1747313782,out,,Anthony Glennon,,,,,,,26,LB,Left-Back,England,https://tmssl.akamaized.net//images/flagge/tiny/189.png?lm=1520611569,Without Club,,other,,€150k,0.15,?,,
England,en,2026-08-01 15:48 UTC,"Transfermarkt · England Premier League/Championship/League One/League Two (fees & values are estimates, EUR)",€,Premier League|Championship|League One|League Two,League Two,Newport County,,,https://tmssl.akamaized.net//images/wappen/homepageSmall/3716.png?lm=1747313782,out,,Sven Sprangler,,,,,,,31,CM,Central Midfield,Austria,https://tmssl.akamaized.net//images/flagge/tiny/127.png?lm=1520611569,St. Johnstone,,loan-return,,€100k,0.1,End of loan,,
England,en,2026-08-01 15:48 UTC,"Transfermarkt · England Premier League/Championship/League One/League Two (fees & values are estimates, EUR)",€,Premier League|Championship|League One|League Two,League Two,Newport County,,,https://tmssl.akamaized.net//images/wappen/homepageSmall/3716.png?lm=1747313782,out,,Harrison Biggins,,,,,,,30,CM,Central Midfield,England,https://tmssl.akamaized.net//images/flagge/tiny/189.png?lm=1520611569,Shrewsbury,,loan-return,,€125k,0.125,End of loan,,
England,en,2026-08-01 15:48 UTC,"Transfermarkt · England Premier League/Championship/League One/League Two (fees & values are estimates, EUR)",€,Premier League|Championship|League One|League Two,League Two,Northampton Town,,,https://tmssl.akamaized.net//images/wappen/homepageSmall/1302.png?lm=1411465025,in,,James Maxwell,,,,,,,24,LB,Left-Back,Scotland,https://tmssl.akamaized.net//images/flagge/tiny/190.png?lm=1520611569,Doncaster,,free,,€275k,0.275,Free,0.0,
England,en,2026-08-01 15:48 UTC,"Transfermarkt · England Premier League/Championship/League One/League Two (fees & values are estimates, EUR)",€,Premier League|Championship|League One|League Two,League Two,Northampton Town,,,https://tmssl.akamaized.net//images/wappen/homepageSmall/1302.png?lm=1411465025,in,,Janoi Donacien,,,,,,,32,RB,Right-Back,St. Lucia,https://tmssl.akamaized.net//images/flagge/tiny/230.png?lm=1520611569,Chesterfield,,free,,€100k,0.1,Free,0.0,
England,en,2026-08-01 15:48 UTC,"Transfermarkt · England Premier League/Championship/League One/League Two (fees & values are estimates, EUR)",€,Premier League|Championship|League One|League Two,League Two,Northampton Town,,,https://tmssl.akamaized.net//images/wappen/homepageSmall/1302.png?lm=1411465025,in,,Connor Lemonheigh-Evans,,,,,,,29,AM,Attacking Midfield,Wales,https://tmssl.akamaized.net//images/flagge/tiny/191.png?lm=1520611569,MK Dons,,free,,€150k,0.15,Free,0.0,
England,en,2026-08-01 15:48 UTC,"Transfermarkt · England Premier League/Championship/League One/League Two (fees & values are estimates, EUR)",€,Premier League|Championship|League One|League Two,League Two,Northampton Town,,,https://tmssl.akamaized.net//images/wappen/homepageSmall/1302.png?lm=1411465025,in,,Harvey Saunders,,,,,,,28,CF,Centre-Forward,England,https://tmssl.akamaized.net//images/flagge/tiny/189.png?lm=1520611569,Tranmere,,free,,€125k,0.125,Free,0.0,
England,en,2026-08-01 15:48 UTC,"Transfermarkt · England Premier League/Championship/League One/League Two (fees & values are estimates, EUR)",€,Premier League|Championship|League One|League Two,League Two,Northampton Town,,,https://tmssl.akamaized.net//images/wappen/homepageSmall/1302.png?lm=1411465025,in,,Matty Warhurst,,,,,,,19,CF,Centre-Forward,England,https://tmssl.akamaized.net//images/flagge/tiny/189.png?lm=1520611569,Man City U21,,other,,?,,?,,
England,en,2026-08-01 15:48 UTC,"Transfermarkt · England Premier League/Championship/League One/League Two (fees & values are estimates, EUR)",€,Premier League|Championship|League One|League Two,League Two,Northampton Town,,,https://tmssl.akamaized.net//images/wappen/homepageSmall/1302.png?lm=1411465025,in,,Logan Briggs,,,,,,,21,AM,Attacking Midfield,Wales,https://tmssl.akamaized.net//images/flagge/tiny/191.png?lm=1520611569,Leicester U21,,loan,,?,,Loan,,
England,en,2026-08-01 15:48 UTC,"Transfermarkt · England Premier League/Championship/League One/League Two (fees & values are estimates, EUR)",€,Premier League|Championship|League One|League Two,League Two,Northampton Town,,,https://tmssl.akamaized.net//images/wappen/homepageSmall/1302.png?lm=1411465025,in,,Zach Jeacock,,,,,,,25,GK,Goalkeeper,England,https://tmssl.akamaized.net//images/flagge/tiny/189.png?lm=1520611569,Lincoln City,,loan,,€100k,0.1,Loan,,
England,en,2026-08-01 15:48 UTC,"Transfermarkt · England Premier League/Championship/League One/League Two (fees & values are estimates, EUR)",€,Premier League|Championship|League One|League Two,League Two,Northampton Town,,,https://tmssl.akamaized.net//images/wappen/homepageSmall/1302.png?lm=1411465025,out,,Theo Avery,,,,,,,20,GK,Goalkeeper,Ireland,https://tmssl.akamaized.net//images/flagge/tiny/72.png?lm=1520611569,Ilkeston Town,,free,,?,,Free,0.0,
England,en,2026-08-01 15:48 UTC,"Transfermarkt · England Premier League/Championship/League One/League Two (fees & values are estimates, EUR)",€,Premier League|Championship|League One|League Two,League Two,Northampton Town,,,https://tmssl.akamaized.net//images/wappen/homepageSmall/1302.png?lm=1411465025,out,,Cameron McGeehan,,,,,,,31,CM,Central Midfield,Northern Ireland,https://tmssl.akamaized.net//images/flagge/tiny/192.png?lm=1520611569,Barnsley,,free,,€250k,0.25,Free,0.0,
England,en,2026-08-01 15:48 UTC,"Transfermarkt · England Premier League/Championship/League One/League Two (fees & values are estimates, EUR)",€,Premier League|Championship|League One|League Two,League Two,Northampton Town,,,https://tmssl.akamaized.net//images/wappen/homepageSmall/1302.png?lm=1411465025,out,,Nesta Guinness-Walker,,,,,,,26,LB,Left-Back,England,https://tmssl.akamaized.net//images/flagge/tiny/189.png?lm=1520611569,Aberdeen FC,,free,,€300k,0.3,Free,0.0,
England,en,2026-08-01 15:48 UTC,"Transfermarkt · England Premier League/Championship/League One/League Two (fees & values are estimates, EUR)",€,Premier League|Championship|League One|League Two,League Two,Northampton Town,,,https://tmssl.akamaized.net//images/wappen/homepageSmall/1302.png?lm=1411465025,out,,Josh Tomlinson,,,,,,,20,CB,Centre-Back,England,https://tmssl.akamaized.net//images/flagge/tiny/189.png?lm=1520611569,Brackley,,free,,?,,Free,0.0,
England,en,2026-08-01 15:48 UTC,"Transfermarkt · England Premier League/Championship/League One/League Two (fees & values are estimates, EUR)",€,Premier League|Championship|League One|League Two,League Two,Northampton Town,,,https://tmssl.akamaized.net//images/wappen/homepageSmall/1302.png?lm=1411465025,out,,Matthew Ireland,,,,,,,19,LB,Left-Back,Scotland,https://tmssl.akamaized.net//images/flagge/tiny/190.png?lm=1520611569,Without Club,,other,,?,,?,,
England,en,2026-08-01 15:48 UTC,"Transfermarkt · England Premier League/Championship/League One/League Two (fees & values are estimates, EUR)",€,Premier League|Championship|League One|League Two,League Two,Northampton Town,,,https://tmssl.akamaized.net//images/wappen/homepageSmall/1302.png?lm=1411465025,out,,Michael Jacobs,,,,,,,34,LW,Left Winger,England,https://tmssl.akamaized.net//images/flagge/tiny/189.png?lm=1520611569,Without Club,,other,,€50k,0.05,?,,
England,en,2026-08-01 15:48 UTC,"Transfermarkt · England Premier League/Championship/League One/League Two (fees & values are estimates, EUR)",€,Premier League|Championship|League One|League Two,League Two,Northampton Town,,,https://tmssl.akamaized.net//images/wappen/homepageSmall/1302.png?lm=1411465025,out,,Tom Eaves,,,,,,,34,CF,Centre-Forward,England,https://tmssl.akamaized.net//images/flagge/tiny/189.png?lm=1520611569,Without Club,,other,,€75k,0.075,?,,
England,en,2026-08-01 15:48 UTC,"Transfermarkt · England Premier League/Championship/League One/League Two (fees & values are estimates, EUR)",€,Premier League|Championship|League One|League Two,League Two,Northampton Town,,,https://tmssl.akamaized.net//images/wappen/homepageSmall/1302.png?lm=1411465025,out,,Kyle Edwards,,,,,,,28,LW,Left Winger,England,https://tmssl.akamaized.net//images/flagge/tiny/189.png?lm=1520611569,Without Club,,other,,€100k,0.1,?,,
England,en,2026-08-01 15:48 UTC,"Transfermarkt · England Premier League/Championship/League One/League Two (fees & values are estimates, EUR)",€,Premier League|Championship|League One|League Two,League Two,Northampton Town,,,https://tmssl.akamaized.net//images/wappen/homepageSmall/1302.png?lm=1411465025,out,,Lee Burge,,,,,,,33,GK,Goalkeeper,England,https://tmssl.akamaized.net//images/flagge/tiny/189.png?lm=1520611569,Without Club,,other,,€75k,0.075,?,,
England,en,2026-08-01 15:48 UTC,"Transfermarkt · England Premier League/Championship/League One/League Two (fees & values are estimates, EUR)",€,Premier League|Championship|League One|League Two,League Two,Northampton Town,,,https://tmssl.akamaized.net//images/wappen/homepageSmall/1302.png?lm=1411465025,out,,Jordan Willis,,,,,,,31,CB,Centre-Back,England,https://tmssl.akamaized.net//images/flagge/tiny/189.png?lm=1520611569,Without Club,,other,,€75k,0.075,?,,
England,en,2026-08-01 15:48 UTC,"Transfermarkt · England Premier League/Championship/League One/League Two (fees & values are estimates, EUR)",€,Premier League|Championship|League One|League Two,League Two,Northampton Town,,,https://tmssl.akamaized.net//images/wappen/homepageSmall/1302.png?lm=1411465025,out,,Jack Vale,,,,,,,25,CF,Centre-Forward,Wales,https://tmssl.akamaized.net//images/flagge/tiny/191.png?lm=1520611569,Without Club,,other,,€200k,0.2,?,,
England,en,2026-08-01 15:48 UTC,"Transfermarkt · England Premier League/Championship/League One/League Two (fees & values are estimates, EUR)",€,Premier League|Championship|League One|League Two,League Two,Northampton Town,,,https://tmssl.akamaized.net//images/wappen/homepageSmall/1302.png?lm=1411465025,out,,Zach Jeacock,,,,,,,26,GK,Goalkeeper,England,https://tmssl.akamaized.net//images/flagge/tiny/189.png?lm=1520611569,Lincoln City,,loan-return,,€100k,0.1,End of loan,,
England,en,2026-08-01 15:48 UTC,"Transfermarkt · England Premier League/Championship/League One/League Two (fees & values are estimates, EUR)",€,Premier League|Championship|League One|League Two,League Two,Northampton Town,,,https://tmssl.akamaized.net//images/wappen/homepageSmall/1302.png?lm=1411465025,out,,Kyle McAdam,,,,,,,21,LM,Left Midfield,England,https://tmssl.akamaized.net//images/flagge/tiny/189.png?lm=1520611569,Nottingham U21,,loan-return,,€125k,0.125,End of loan,,
England,en,2026-08-01 15:48 UTC,"Transfermarkt · England Premier League/Championship/League One/League Two (fees & values are estimates, EUR)",€,Premier League|Championship|League One|League Two,League Two,Northampton Town,,,https://tmssl.akamaized.net//images/wappen/homepageSmall/1302.png?lm=1411465025,out,,Logan Briggs,,,,,,,22,AM,Attacking Midfield,Wales,https://tmssl.akamaized.net//images/flagge/tiny/191.png?lm=1520611569,Leicester U21,,loan-return,,?,,End of loan,,
England,en,2026-08-01 15:48 UTC,"Transfermarkt · England Premier League/Championship/League One/League Two (fees & values are estimates, EUR)",€,Premier League|Championship|League One|League Two,League Two,Oldham Athletic,,,https://tmssl.akamaized.net//images/wappen/homepageSmall/1078.png?lm=1641223901,in,,Ryan Delaney,,,,,,,29,CB,Centre-Back,Ireland,https://tmssl.akamaized.net//images/flagge/tiny/72.png?lm=1520611569,Swindon Town,,free,,€100k,0.1,Free,0.0,
England,en,2026-08-01 15:48 UTC,"Transfermarkt · England Premier League/Championship/League One/League Two (fees & values are estimates, EUR)",€,Premier League|Championship|League One|League Two,League Two,Oldham Athletic,,,https://tmssl.akamaized.net//images/wappen/homepageSmall/1078.png?lm=1641223901,in,,Keenan Appiah-Forson,,,,,,,24,DM,Defensive Midfield,England,https://tmssl.akamaized.net//images/flagge/tiny/189.png?lm=1520611569,Southend United,,free,,?,,Free,0.0,
England,en,2026-08-01 15:48 UTC,"Transfermarkt · England Premier League/Championship/League One/League Two (fees & values are estimates, EUR)",€,Premier League|Championship|League One|League Two,League Two,Oldham Athletic,,,https://tmssl.akamaized.net//images/wappen/homepageSmall/1078.png?lm=1641223901,in,,Aston Wilson,,,,,,,19,GK,Goalkeeper,England,https://tmssl.akamaized.net//images/flagge/tiny/189.png?lm=1520611569,Barnsley U18,,free,,?,,Free,0.0,
England,en,2026-08-01 15:48 UTC,"Transfermarkt · England Premier League/Championship/League One/League Two (fees & values are estimates, EUR)",€,Premier League|Championship|League One|League Two,League Two,Oldham Athletic,,,https://tmssl.akamaized.net//images/wappen/homepageSmall/1078.png?lm=1641223901,in,,Gus Scott-Morriss,,,,,,,29,RB,Right-Back,England,https://tmssl.akamaized.net//images/flagge/tiny/189.png?lm=1520611569,Southend United,,free,,?,,Free,0.0,
England,en,2026-08-01 15:48 UTC,"Transfermarkt · England Premier League/Championship/League One/League Two (fees & values are estimates, EUR)",€,Premier League|Championship|League One|League Two,League Two,Oldham Athletic,,,https://tmssl.akamaized.net//images/wappen/homepageSmall/1078.png?lm=1641223901,in,,Oliver Norburn,,,,,,,33,CM,Central Midfield,Grenada,https://tmssl.akamaized.net//images/flagge/tiny/55.png?lm=1520611569,Notts County,,free,,€75k,0.075,Free,0.0,
England,en,2026-08-01 15:48 UTC,"Transfermarkt · England Premier League/Championship/League One/League Two (fees & values are estimates, EUR)",€,Premier League|Championship|League One|League Two,League Two,Oldham Athletic,,,https://tmssl.akamaized.net//images/wappen/homepageSmall/1078.png?lm=1641223901,in,,Elliott Nevitt,,,,,,,29,CF,Centre-Forward,England,https://tmssl.akamaized.net//images/flagge/tiny/189.png?lm=1520611569,Gillingham,,free,,€125k,0.125,Free,0.0,
England,en,2026-08-01 15:48 UTC,"Transfermarkt · England Premier League/Championship/League One/League Two (fees & values are estimates, EUR)",€,Premier League|Championship|League One|League Two,League Two,Oldham Athletic,,,https://tmssl.akamaized.net//images/wappen/homepageSmall/1078.png?lm=1641223901,in,,Noah Chilvers,,,,,,,25,AM,Attacking Midfield,England,https://tmssl.akamaized.net//images/flagge/tiny/189.png?lm=1520611569,Ross County,,other,,€100k,0.1,?,,
England,en,2026-08-01 15:48 UTC,"Transfermarkt · England Premier League/Championship/League One/League Two (fees & values are estimates, EUR)",€,Premier League|Championship|League One|League Two,League Two,Oldham Athletic,,,https://tmssl.akamaized.net//images/wappen/homepageSmall/1078.png?lm=1641223901,in,,Zain Tahir,,,,,,,19,CB,Centre-Back,England,https://tmssl.akamaized.net//images/flagge/tiny/189.png?lm=1520611569,Sheff Utd U21,,loan,,?,,Loan,,
England,en,2026-08-01 15:48 UTC,"Transfermarkt · England Premier League/Championship/League One/League Two (fees & values are estimates, EUR)",€,Premier League|Championship|League One|League Two,League Two,Oldham Athletic,,,https://tmssl.akamaized.net//images/wappen/homepageSmall/1078.png?lm=1641223901,in,,Favour Fawunmi,,,,,,,20,RW,Right Winger,England,https://tmssl.akamaized.net//images/flagge/tiny/189.png?lm=1520611569,Stoke U21,,loan,,€100k,0.1,Loan,,
England,en,2026-08-01 15:48 UTC,"Transfermarkt · England Premier League/Championship/League One/League Two (fees & values are estimates, EUR)",€,Premier League|Championship|League One|League Two,League Two,Oldham Athletic,,,https://tmssl.akamaized.net//images/wappen/homepageSmall/1078.png?lm=1641223901,in,,Tom Donaghy,,,,,,,23,GK,Goalkeeper,England,https://tmssl.akamaized.net//images/flagge/tiny/189.png?lm=1520611569,Radcliffe,,loan-return,,?,,End of loan,,
England,en,2026-08-01 15:48 UTC,"Transfermarkt · England Premier League/Championship/League One/League Two (fees & values are estimates, EUR)",€,Premier League|Championship|League One|League Two,League Two,Oldham Athletic,,,https://tmssl.akamaized.net//images/wappen/homepageSmall/1078.png?lm=1641223901,out,,Tom Conlon,,,,,,,30,CM,Central Midfield,England,https://tmssl.akamaized.net//images/flagge/tiny/189.png?lm=1520611569,Tranmere,,free,,€150k,0.15,Free,0.0,
England,en,2026-08-01 15:48 UTC,"Transfermarkt · England Premier League/Championship/League One/League Two (fees & values are estimates, EUR)",€,Premier League|Championship|League One|League Two,League Two,Oldham Athletic,,,https://tmssl.akamaized.net//images/wappen/homepageSmall/1078.png?lm=1641223901,out,,Reagan Ogle,,,,,,,27,RB,Right-Back,Australia,https://tmssl.akamaized.net//images/flagge/tiny/12.png?lm=1520611569,Scunthorpe Utd.,,free,,€150k,0.15,Free,0.0,
England,en,2026-08-01 15:48 UTC,"Transfermarkt · England Premier League/Championship/League One/League Two (fees & values are estimates, EUR)",€,Premier League|Championship|League One|League Two,League Two,Oldham Athletic,,,https://tmssl.akamaized.net//images/wappen/homepageSmall/1078.png?lm=1641223901,out,,Jake Leake,,,,,,,23,LB,Left-Back,England,https://tmssl.akamaized.net//images/flagge/tiny/189.png?lm=1520611569,Colchester Utd.,,free,,€75k,0.075,Free,0.0,
England,en,2026-08-01 15:48 UTC,"Transfermarkt · England Premier League/Championship/League One/League Two (fees & values are estimates, EUR)",€,Premier League|Championship|League One|League Two,League Two,Oldham Athletic,,,https://tmssl.akamaized.net//images/wappen/homepageSmall/1078.png?lm=1641223901,out,,Joe Garner,,,,,,,38,CF,Centre-Forward,England,https://tmssl.akamaized.net//images/flagge/tiny/189.png?lm=1520611569,Morecambe FC,,free,,€25k,0.025,Free,0.0,
England,en,2026-08-01 15:48 UTC,"Transfermarkt · England Premier League/Championship/League One/League Two (fees & values are estimates, EUR)",€,Premier League|Championship|League One|League Two,League Two,Oldham Athletic,,,https://tmssl.akamaized.net//images/wappen/homepageSmall/1078.png?lm=1641223901,out,,Josh Kay,,,,,,,29,LM,Left Midfield,England,https://tmssl.akamaized.net//images/flagge/tiny/189.png?lm=1520611569,Macclesfield,,free,,?,,Free,0.0,
England,en,2026-08-01 15:48 UTC,"Transfermarkt · England Premier League/Championship/League One/League Two (fees & values are estimates, EUR)",€,Premier League|Championship|League One|League Two,League Two,Oldham Athletic,,,https://tmssl.akamaized.net//images/wappen/homepageSmall/1078.png?lm=1641223901,out,,Kian Harratt,,,,,,,24,CF,Centre-Forward,England,https://tmssl.akamaized.net//images/flagge/tiny/189.png?lm=1520611569,Worksop,,free,,?,,Free,0.0,
England,en,2026-08-01 15:48 UTC,"Transfermarkt · England Premier League/Championship/League One/League Two (fees & values are estimates, EUR)",€,Premier League|Championship|League One|League Two,League Two,Oldham Athletic,,,https://tmssl.akamaized.net//images/wappen/homepageSmall/1078.png?lm=1641223901,out,,Dynel Simeu,,,,,,,24,CB,Centre-Back,England,https://tmssl.akamaized.net//images/flagge/tiny/189.png?lm=1520611569,The New Saints,,free,,€150k,0.15,Free,0.0,
England,en,2026-08-01 15:48 UTC,"Transfermarkt · England Premier League/Championship/League One/League Two (fees & values are estimates, EUR)",€,Premier League|Championship|League One|League Two,League Two,Oldham Athletic,,,https://tmssl.akamaized.net//images/wappen/homepageSmall/1078.png?lm=1641223901,out,,Billy Waters,,,,,,,31,SS,Second Striker,England,https://tmssl.akamaized.net//images/flagge/tiny/189.png?lm=1520611569,Chester,,free,,?,,Free,0.0,
England,en,2026-08-01 15:48 UTC,"Transfermarkt · England Premier League/Championship/League One/League Two (fees & values are estimates, EUR)",€,Premier League|Championship|League One|League Two,League Two,Oldham Athletic,,,https://tmssl.akamaized.net//images/wappen/homepageSmall/1078.png?lm=1641223901,out,,Kieron Morris,,,,,,,32,RM,Right Midfield,England,https://tmssl.akamaized.net//images/flagge/tiny/189.png?lm=1520611569,Without Club,,other,,€100k,0.1,?,,
England,en,2026-08-01 15:48 UTC,"Transfermarkt · England Premier League/Championship/League One/League Two (fees & values are estimates, EUR)",€,Premier League|Championship|League One|League Two,League Two,Oldham Athletic,,,https://tmssl.akamaized.net//images/wappen/homepageSmall/1078.png?lm=1641223901,out,,Jake Caprice,,,,,,,33,RB,Right-Back,England,https://tmssl.akamaized.net//images/flagge/tiny/189.png?lm=1520611569,Without Club,,other,,€50k,0.05,?,,
England,en,2026-08-01 15:48 UTC,"Transfermarkt · England Premier League/Championship/League One/League Two (fees & values are estimates, EUR)",€,Premier League|Championship|League One|League Two,League Two,Oldham Athletic,,,https://tmssl.akamaized.net//images/wappen/homepageSmall/1078.png?lm=1641223901,out,,Tom Donaghy,,,,,,,23,GK,Goalkeeper,England,https://tmssl.akamaized.net//images/flagge/tiny/189.png?lm=1520611569,Radcliffe,,loan,,?,,Loan,,
England,en,2026-08-01 15:48 UTC,"Transfermarkt · England Premier League/Championship/League One/League Two (fees & values are estimates, EUR)",€,Premier League|Championship|League One|League Two,League Two,Oldham Athletic,,,https://tmssl.akamaized.net//images/wappen/homepageSmall/1078.png?lm=1641223901,out,,Kane Taylor,,,,,,,21,CM,Central Midfield,England,https://tmssl.akamaized.net//images/flagge/tiny/189.png?lm=1520611569,Aston Villa U21,,loan-return,,€100k,0.1,End of loan,,
England,en,2026-08-01 15:48 UTC,"Transfermarkt · England Premier League/Championship/League One/League Two (fees & values are estimates, EUR)",€,Premier League|Championship|League One|League Two,League Two,Oldham Athletic,,,https://tmssl.akamaized.net//images/wappen/homepageSmall/1078.png?lm=1641223901,out,,Favour Fawunmi,,,,,,,21,RW,Right Winger,England,https://tmssl.akamaized.net//images/flagge/tiny/189.png?lm=1520611569,Stoke U21,,loan-return,,€100k,0.1,End of loan,,
England,en,2026-08-01 15:48 UTC,"Transfermarkt · England Premier League/Championship/League One/League Two (fees & values are estimates, EUR)",€,Premier League|Championship|League One|League Two,League Two,Oldham Athletic,,,https://tmssl.akamaized.net//images/wappen/homepageSmall/1078.png?lm=1641223901,out,,Zain Tahir,,,,,,,20,CB,Centre-Back,England,https://tmssl.akamaized.net//images/flagge/tiny/189.png?lm=1520611569,Sheff Utd U21,,loan-return,,?,,End of loan,,
England,en,2026-08-01 15:48 UTC,"Transfermarkt · England Premier League/Championship/League One/League Two (fees & values are estimates, EUR)",€,Premier League|Championship|League One|League Two,League Two,Oldham Athletic,,,https://tmssl.akamaized.net//images/wappen/homepageSmall/1078.png?lm=1641223901,out,,Fábio Jaló,,,,,,,20,RW,Right Winger,Portugal,https://tmssl.akamaized.net//images/flagge/tiny/136.png?lm=1520611569,Barnsley,,loan-return,,€150k,0.15,End of loan,,
England,en,2026-08-01 15:48 UTC,"Transfermarkt · England Premier League/Championship/League One/League Two (fees & values are estimates, EUR)",€,Premier League|Championship|League One|League Two,League Two,Port Vale FC,,,https://tmssl.akamaized.net//images/wappen/homepageSmall/1211.png?lm=1757943808,in,,Lewis Montsma,,,,,,,28,CB,Centre-Back,Netherlands,https://tmssl.akamaized.net//images/flagge/tiny/122.png?lm=1520611569,Dundee FC,,free,,€100k,0.1,Free,0.0,
England,en,2026-08-01 15:48 UTC,"Transfermarkt · England Premier League/Championship/League One/League Two (fees & values are estimates, EUR)",€,Premier League|Championship|League One|League Two,League Two,Port Vale FC,,,https://tmssl.akamaized.net//images/wappen/homepageSmall/1211.png?lm=1757943808,in,,Aaron McGowan,,,,,,,30,CB,Centre-Back,England,https://tmssl.akamaized.net//images/flagge/tiny/189.png?lm=1520611569,Tranmere,,free,,€150k,0.15,Free,0.0,
England,en,2026-08-01 15:48 UTC,"Transfermarkt · England Premier League/Championship/League One/League Two (fees & values are estimates, EUR)",€,Premier League|Championship|League One|League Two,League Two,Port Vale FC,,,https://tmssl.akamaized.net//images/wappen/homepageSmall/1211.png?lm=1757943808,in,,Max Watters,,,,,,,27,CF,Centre-Forward,England,https://tmssl.akamaized.net//images/flagge/tiny/189.png?lm=1520611569,Barnsley,,free,,€400k,0.4,Free,0.0,
England,en,2026-08-01 15:48 UTC,"Transfermarkt · England Premier League/Championship/League One/League Two (fees & values are estimates, EUR)",€,Premier League|Championship|League One|League Two,League Two,Port Vale FC,,,https://tmssl.akamaized.net//images/wappen/homepageSmall/1211.png?lm=1757943808,in,,Kyle Dempsey,,,,,,,30,CM,Central Midfield,England,https://tmssl.akamaized.net//images/flagge/tiny/189.png?lm=1520611569,Bolton,,free,,€350k,0.35,Free,0.0,
England,en,2026-08-01 15:48 UTC,"Transfermarkt · England Premier League/Championship/League One/League Two (fees & values are estimates, EUR)",€,Premier League|Championship|League One|League Two,League Two,Port Vale FC,,,https://tmssl.akamaized.net//images/wappen/homepageSmall/1211.png?lm=1757943808,in,,Matthew Craig,,,,,,,23,DM,Defensive Midfield,Scotland,https://tmssl.akamaized.net//images/flagge/tiny/190.png?lm=1520611569,Tottenham U21,,free,,€250k,0.25,Free,0.0,
England,en,2026-08-01 15:48 UTC,"Transfermarkt · England Premier League/Championship/League One/League Two (fees & values are estimates, EUR)",€,Premier League|Championship|League One|League Two,League Two,Port Vale FC,,,https://tmssl.akamaized.net//images/wappen/homepageSmall/1211.png?lm=1757943808,in,,Jasper Moon,,,,,,,25,CB,Centre-Back,England,https://tmssl.akamaized.net//images/flagge/tiny/189.png?lm=1520611569,Burton Albion,,free,,€250k,0.25,Free,0.0,
England,en,2026-08-01 15:48 UTC,"Transfermarkt · England Premier League/Championship/League One/League Two (fees & values are estimates, EUR)",€,Premier League|Championship|League One|League Two,League Two,Port Vale FC,,,https://tmssl.akamaized.net//images/wappen/homepageSmall/1211.png?lm=1757943808,in,,Jackson Smith,,,,,,,24,GK,Goalkeeper,England,https://tmssl.akamaized.net//images/flagge/tiny/189.png?lm=1520611569,Barnsley,,other,,€300k,0.3,?,,
England,en,2026-08-01 15:48 UTC,"Transfermarkt · England Premier League/Championship/League One/League Two (fees & values are estimates, EUR)",€,Premier League|Championship|League One|League Two,League Two,Port Vale FC,,,https://tmssl.akamaized.net//images/wappen/homepageSmall/1211.png?lm=1757943808,in,,Mo Faal,,,,,,,23,CF,Centre-Forward,The Gambia,https://tmssl.akamaized.net//images/flagge/tiny/52.png?lm=1520611569,Wrexham,,loan,,€350k,0.35,Loan,,
England,en,2026-08-01 15:48 UTC,"Transfermarkt · England Premier League/Championship/League One/League Two (fees & values are estimates, EUR)",€,Premier League|Championship|League One|League Two,League Two,Port Vale FC,,,https://tmssl.akamaized.net//images/wappen/homepageSmall/1211.png?lm=1757943808,in,,Mason Terry,,,,,,,21,GK,Goalkeeper,England,https://tmssl.akamaized.net//images/flagge/tiny/189.png?lm=1520611569,West Ham U21,,loan,,?,,Loan,,
England,en,2026-08-01 15:48 UTC,"Transfermarkt · England Premier League/Championship/League One/League Two (fees & values are estimates, EUR)",€,Premier League|Championship|League One|League Two,League Two,Port Vale FC,,,https://tmssl.akamaized.net//images/wappen/homepageSmall/1211.png?lm=1757943808,in,,Charlie Bussell,,,,,,,17,CM,Central Midfield,England,https://tmssl.akamaized.net//images/flagge/tiny/189.png?lm=1520611569,Port Vale U18,,promotion,,?,,Promotion,,
England,en,2026-08-01 15:48 UTC,"Transfermarkt · England Premier League/Championship/League One/League Two (fees & values are estimates, EUR)",€,Premier League|Championship|League One|League Two,League Two,Port Vale FC,,,https://tmssl.akamaized.net//images/wappen/homepageSmall/1211.png?lm=1757943808,in,,Oliver Lynch,,,,,,,21,CF,Centre-Forward,England,https://tmssl.akamaized.net//images/flagge/tiny/189.png?lm=1520611569,Luton,,loan,,?,,Loan,,
England,en,2026-08-01 15:48 UTC,"Transfermarkt · England Premier League/Championship/League One/League Two (fees & values are estimates, EUR)",€,Premier League|Championship|League One|League Two,League Two,Port Vale FC,,,https://tmssl.akamaized.net//images/wappen/homepageSmall/1211.png?lm=1757943808,in,,Jack Shorrock,,,,,,,19,LM,Left Midfield,England,https://tmssl.akamaized.net//images/flagge/tiny/189.png?lm=1520611569,Sligo Rovers,,loan-return,,€125k,0.125,End of loan,,
England,en,2026-08-01 15:48 UTC,"Transfermarkt · England Premier League/Championship/League One/League Two (fees & values are estimates, EUR)",€,Premier League|Championship|League One|League Two,League Two,Port Vale FC,,,https://tmssl.akamaized.net//images/wappen/homepageSmall/1211.png?lm=1757943808,out,,Mitch Clark,,,,,,,27,RB,Right-Back,Wales,https://tmssl.akamaized.net//images/flagge/tiny/191.png?lm=1520611569,Swindon Town,,free,,€175k,0.175,Free,0.0,
England,en,2026-08-01 15:48 UTC,"Transfermarkt · England Premier League/Championship/League One/League Two (fees & values are estimates, EUR)",€,Premier League|Championship|League One|League Two,League Two,Port Vale FC,,,https://tmssl.akamaized.net//images/wappen/homepageSmall/1211.png?lm=1757943808,out,,Rico Richards,,,,,,,22,AM,Attacking Midfield,England,https://tmssl.akamaized.net//images/flagge/tiny/189.png?lm=1520611569,Southend United,,other,,€175k,0.175,?,,
England,en,2026-08-01 15:48 UTC,"Transfermarkt · England Premier League/Championship/League One/League Two (fees & values are estimates, EUR)",€,Premier League|Championship|League One|League Two,League Two,Port Vale FC,,,https://tmssl.akamaized.net//images/wappen/homepageSmall/1211.png?lm=1757943808,out,,Ruari Paton,,,,,,,25,CF,Centre-Forward,Ireland,https://tmssl.akamaized.net//images/flagge/tiny/72.png?lm=1520611569,St. Johnstone,,other,,€225k,0.225,?,,
England,en,2026-08-01 15:48 UTC,"Transfermarkt · England Premier League/Championship/League One/League Two (fees & values are estimates, EUR)",€,Premier League|Championship|League One|League Two,League Two,Port Vale FC,,,https://tmssl.akamaized.net//images/wappen/homepageSmall/1211.png?lm=1757943808,out,,Jordan Shipley,,,,,,,28,LM,Left Midfield,Ireland,https://tmssl.akamaized.net//images/flagge/tiny/72.png?lm=1520611569,Cheltenham,,other,,€250k,0.25,?,,
England,en,2026-08-01 15:48 UTC,"Transfermarkt · England Premier League/Championship/League One/League Two (fees & values are estimates, EUR)",€,Premier League|Championship|League One|League Two,League Two,Port Vale FC,,,https://tmssl.akamaized.net//images/wappen/homepageSmall/1211.png?lm=1757943808,out,,Ben Amos,,,,,,,36,GK,Goalkeeper,England,https://tmssl.akamaized.net//images/flagge/tiny/189.png?lm=1520611569,Without Club,,other,,€50k,0.05,?,,
England,en,2026-08-01 15:48 UTC,"Transfermarkt · England Premier League/Championship/League One/League Two (fees & values are estimates, EUR)",€,Premier League|Championship|League One|League Two,League Two,Port Vale FC,,,https://tmssl.akamaized.net//images/wappen/homepageSmall/1211.png?lm=1757943808,out,,Andre Gray,,,,,,,35,CF,Centre-Forward,Jamaica,https://tmssl.akamaized.net//images/flagge/tiny/76.png?lm=1520611569,Without Club,,other,,€200k,0.2,?,,
England,en,2026-08-01 15:48 UTC,"Transfermarkt · England Premier League/Championship/League One/League Two (fees & values are estimates, EUR)",€,Premier League|Championship|League One|League Two,League Two,Port Vale FC,,,https://tmssl.akamaized.net//images/wappen/homepageSmall/1211.png?lm=1757943808,out,,Grant Ward,,,,,,,31,CM,Central Midfield,England,https://tmssl.akamaized.net//images/flagge/tiny/189.png?lm=1520611569,Without Club,,other,,€125k,0.125,?,,
England,en,2026-08-01 15:48 UTC,"Transfermarkt · England Premier League/Championship/League One/League Two (fees & values are estimates, EUR)",€,Premier League|Championship|League One|League Two,League Two,Port Vale FC,,,https://tmssl.akamaized.net//images/wappen/homepageSmall/1211.png?lm=1757943808,out,,Tyler Magloire,,,,,,,27,CB,Centre-Back,England,https://tmssl.akamaized.net//images/flagge/tiny/189.png?lm=1520611569,Without Club,,other,,€125k,0.125,?,,
England,en,2026-08-01 15:48 UTC,"Transfermarkt · England Premier League/Championship/League One/League Two (fees & values are estimates, EUR)",€,Premier League|Championship|League One|League Two,League Two,Port Vale FC,,,https://tmssl.akamaized.net//images/wappen/homepageSmall/1211.png?lm=1757943808,out,,Funso Ojo,,,,,,,34,CM,Central Midfield,Belgium,https://tmssl.akamaized.net//images/flagge/tiny/19.png?lm=1520611569,Without Club,,other,,€50k,0.05,?,,
England,en,2026-08-01 15:48 UTC,"Transfermarkt · England Premier League/Championship/League One/League Two (fees & values are estimates, EUR)",€,Premier League|Championship|League One|League Two,League Two,Port Vale FC,,,https://tmssl.akamaized.net//images/wappen/homepageSmall/1211.png?lm=1757943808,out,,Arron Davies,,,,,,,19,GK,Goalkeeper,England,https://tmssl.akamaized.net//images/flagge/tiny/189.png?lm=1520611569,Without Club,,other,,?,,?,,
England,en,2026-08-01 15:48 UTC,"Transfermarkt · England Premier League/Championship/League One/League Two (fees & values are estimates, EUR)",€,Premier League|Championship|League One|League Two,League Two,Port Vale FC,,,https://tmssl.akamaized.net//images/wappen/homepageSmall/1211.png?lm=1757943808,out,,Ben Lomax,,,,,,,20,CB,Centre-Back,England,https://tmssl.akamaized.net//images/flagge/tiny/189.png?lm=1520611569,Without Club,,other,,?,,?,,
England,en,2026-08-01 15:48 UTC,"Transfermarkt · England Premier League/Championship/League One/League Two (fees & values are estimates, EUR)",€,Premier League|Championship|League One|League Two,League Two,Port Vale FC,,,https://tmssl.akamaized.net//images/wappen/homepageSmall/1211.png?lm=1757943808,out,,Ben Heneghan,,,,,,,32,CB,Centre-Back,England,https://tmssl.akamaized.net//images/flagge/tiny/189.png?lm=1520611569,Without Club,,other,,€100k,0.1,?,,
England,en,2026-08-01 15:48 UTC,"Transfermarkt · England Premier League/Championship/League One/League Two (fees & values are estimates, EUR)",€,Premier League|Championship|League One|League Two,League Two,Port Vale FC,,,https://tmssl.akamaized.net//images/wappen/homepageSmall/1211.png?lm=1757943808,out,,Jesse Debrah,,,,,,,25,CB,Centre-Back,England,https://tmssl.akamaized.net//images/flagge/tiny/189.png?lm=1520611569,Without Club,,other,,€275k,0.275,?,,
England,en,2026-08-01 15:48 UTC,"Transfermarkt · England Premier League/Championship/League One/League Two (fees & values are estimates, EUR)",€,Premier League|Championship|League One|League Two,League Two,Port Vale FC,,,https://tmssl.akamaized.net//images/wappen/homepageSmall/1211.png?lm=1757943808,out,,Sam Hart,,,,,,,29,LB,Left-Back,England,https://tmssl.akamaized.net//images/flagge/tiny/189.png?lm=1520611569,Without Club,,other,,€100k,0.1,?,,
England,en,2026-08-01 15:48 UTC,"Transfermarkt · England Premier League/Championship/League One/League Two (fees & values are estimates, EUR)",€,Premier League|Championship|League One|League Two,League Two,Port Vale FC,,,https://tmssl.akamaized.net//images/wappen/homepageSmall/1211.png?lm=1757943808,out,,Jack Shorrock,,,,,,,19,LM,Left Midfield,England,https://tmssl.akamaized.net//images/flagge/tiny/189.png?lm=1520611569,Sligo Rovers,,loan,,€125k,0.125,Loan,,
England,en,2026-08-01 15:48 UTC,"Transfermarkt · England Premier League/Championship/League One/League Two (fees & values are estimates, EUR)",€,Premier League|Championship|League One|League Two,League Two,Port Vale FC,,,https://tmssl.akamaized.net//images/wappen/homepageSmall/1211.png?lm=1757943808,out,,Mason Terry,,,,,,,22,GK,Goalkeeper,England,https://tmssl.akamaized.net//images/flagge/tiny/189.png?lm=1520611569,West Ham U21,,loan-return,,?,,End of loan,,
England,en,2026-08-01 15:48 UTC,"Transfermarkt · England Premier League/Championship/League One/League Two (fees & values are estimates, EUR)",€,Premier League|Championship|League One|League Two,League Two,Port Vale FC,,,https://tmssl.akamaized.net//images/wappen/homepageSmall/1211.png?lm=1757943808,out,,Oliver Lynch,,,,,,,22,CF,Centre-Forward,England,https://tmssl.akamaized.net//images/flagge/tiny/189.png?lm=1520611569,Luton,,loan-return,,?,,End of loan,,
England,en,2026-08-01 15:48 UTC,"Transfermarkt · England Premier League/Championship/League One/League Two (fees & values are estimates, EUR)",€,Premier League|Championship|League One|League Two,League Two,Port Vale FC,,,https://tmssl.akamaized.net//images/wappen/homepageSmall/1211.png?lm=1757943808,out,,Martin Sherif,,,,,,,20,CF,Centre-Forward,Netherlands,https://tmssl.akamaized.net//images/flagge/tiny/122.png?lm=1520611569,Everton U21,,loan-return,,€150k,0.15,End of loan,,
England,en,2026-08-01 15:48 UTC,"Transfermarkt · England Premier League/Championship/League One/League Two (fees & values are estimates, EUR)",€,Premier League|Championship|League One|League Two,League Two,Port Vale FC,,,https://tmssl.akamaized.net//images/wappen/homepageSmall/1211.png?lm=1757943808,out,,Joe Gauci,,,,,,,25,GK,Goalkeeper,Australia,https://tmssl.akamaized.net//images/flagge/tiny/12.png?lm=1520611569,Aston Villa,,loan-return,,€1.20m,1.2,End of loan,,
England,en,2026-08-01 15:48 UTC,"Transfermarkt · England Premier League/Championship/League One/League Two (fees & values are estimates, EUR)",€,Premier League|Championship|League One|League Two,League Two,Port Vale FC,,,https://tmssl.akamaized.net//images/wappen/homepageSmall/1211.png?lm=1757943808,out,,Elijah Campbell,,,,,,,21,CB,Centre-Back,England,https://tmssl.akamaized.net//images/flagge/tiny/189.png?lm=1520611569,Everton U21,,loan-return,,€250k,0.25,End of loan,,
England,en,2026-08-01 15:48 UTC,"Transfermarkt · England Premier League/Championship/League One/League Two (fees & values are estimates, EUR)",€,Premier League|Championship|League One|League Two,League Two,Port Vale FC,,,https://tmssl.akamaized.net//images/wappen/homepageSmall/1211.png?lm=1757943808,out,,Ethon Archer,,,,,,,23,LW,Left Winger,England,https://tmssl.akamaized.net//images/flagge/tiny/189.png?lm=1520611569,Luton,,loan-return,,€200k,0.2,End of loan,,
England,en,2026-08-01 15:48 UTC,"Transfermarkt · England Premier League/Championship/League One/League Two (fees & values are estimates, EUR)",€,Premier League|Championship|League One|League Two,League Two,Rochdale AFC,,,https://tmssl.akamaized.net//images/wappen/homepageSmall/1088.png?lm=1411412476,in,,Zain Silcott-Duberry,,,,,,,21,LM,Left Midfield,England,https://tmssl.akamaized.net//images/flagge/tiny/189.png?lm=1520611569,Sheff Wed,,free,,€200k,0.2,Free,0.0,
England,en,2026-08-01 15:48 UTC,"Transfermarkt · England Premier League/Championship/League One/League Two (fees & values are estimates, EUR)",€,Premier League|Championship|League One|League Two,League Two,Rochdale AFC,,,https://tmssl.akamaized.net//images/wappen/homepageSmall/1088.png?lm=1411412476,in,,Jake Spaven,,,,,,,-,GK,Goalkeeper,England,https://tmssl.akamaized.net//images/flagge/tiny/189.png?lm=1520611569,Wigan U21,,free,,?,,Free,0.0,
England,en,2026-08-01 15:48 UTC,"Transfermarkt · England Premier League/Championship/League One/League Two (fees & values are estimates, EUR)",€,Premier League|Championship|League One|League Two,League Two,Rochdale AFC,,,https://tmssl.akamaized.net//images/wappen/homepageSmall/1088.png?lm=1411412476,in,,Sam Sherring,,,,,,,26,CB,Centre-Back,England,https://tmssl.akamaized.net//images/flagge/tiny/189.png?lm=1520611569,MK Dons,,free,,€250k,0.25,Free,0.0,
England,en,2026-08-01 15:48 UTC,"Transfermarkt · England Premier League/Championship/League One/League Two (fees & values are estimates, EUR)",€,Premier League|Championship|League One|League Two,League Two,Rochdale AFC,,,https://tmssl.akamaized.net//images/wappen/homepageSmall/1088.png?lm=1411412476,in,,Laurence Maguire,,,,,,,29,CB,Centre-Back,England,https://tmssl.akamaized.net//images/flagge/tiny/189.png?lm=1520611569,MK Dons,,free,,€150k,0.15,Free,0.0,
England,en,2026-08-01 15:48 UTC,"Transfermarkt · England Premier League/Championship/League One/League Two (fees & values are estimates, EUR)",€,Premier League|Championship|League One|League Two,League Two,Rochdale AFC,,,https://tmssl.akamaized.net//images/wappen/homepageSmall/1088.png?lm=1411412476,in,,Sam Waller,,,,,,,22,GK,Goalkeeper,England,https://tmssl.akamaized.net//images/flagge/tiny/189.png?lm=1520611569,Harrogate Town,,free,,€50k,0.05,Free,0.0,
England,en,2026-08-01 15:48 UTC,"Transfermarkt · England Premier League/Championship/League One/League Two (fees & values are estimates, EUR)",€,Premier League|Championship|League One|League Two,League Two,Rochdale AFC,,,https://tmssl.akamaized.net//images/wappen/homepageSmall/1088.png?lm=1411412476,in,,Will Jenkins,,,,,,,24,CM,Central Midfield,England,https://tmssl.akamaized.net//images/flagge/tiny/189.png?lm=1520611569,South Shields,,other,,?,,?,,
England,en,2026-08-01 15:48 UTC,"Transfermarkt · England Premier League/Championship/League One/League Two (fees & values are estimates, EUR)",€,Premier League|Championship|League One|League Two,League Two,Rochdale AFC,,,https://tmssl.akamaized.net//images/wappen/homepageSmall/1088.png?lm=1411412476,in,,Cian Hayes,,,,,,,23,RW,Right Winger,Ireland,https://tmssl.akamaized.net//images/flagge/tiny/72.png?lm=1520611569,Peterborough,,other,,€325k,0.325,?,,
England,en,2026-08-01 15:48 UTC,"Transfermarkt · England Premier League/Championship/League One/League Two (fees & values are estimates, EUR)",€,Premier League|Championship|League One|League Two,League Two,Rochdale AFC,,,https://tmssl.akamaized.net//images/wappen/homepageSmall/1088.png?lm=1411412476,in,,Nils Ramming,,,,,,,19,GK,Goalkeeper,Sweden,https://tmssl.akamaized.net//images/flagge/tiny/147.png?lm=1520611569,Brighton U21,,loan,,€500k,0.5,Loan,,
England,en,2026-08-01 15:48 UTC,"Transfermarkt · England Premier League/Championship/League One/League Two (fees & values are estimates, EUR)",€,Premier League|Championship|League One|League Two,League Two,Rochdale AFC,,,https://tmssl.akamaized.net//images/wappen/homepageSmall/1088.png?lm=1411412476,in,,Kaiden Wilson,,,,,,,20,CB,Centre-Back,England,https://tmssl.akamaized.net//images/flagge/tiny/189.png?lm=1520611569,Chelsea U21,,loan,,?,,Loan,,
England,en,2026-08-01 15:48 UTC,"Transfermarkt · England Premier League/Championship/League One/League Two (fees & values are estimates, EUR)",€,Premier League|Championship|League One|League Two,League Two,Rochdale AFC,,,https://tmssl.akamaized.net//images/wappen/homepageSmall/1088.png?lm=1411412476,out,,David Tutonda,,,,,,,30,LB,Left-Back,DR Congo,https://tmssl.akamaized.net//images/flagge/tiny/193.png?lm=1520611569,Accrington,,free,,?,,Free,0.0,
England,en,2026-08-01 15:48 UTC,"Transfermarkt · England Premier League/Championship/League One/League Two (fees & values are estimates, EUR)",€,Premier League|Championship|League One|League Two,League Two,Rochdale AFC,,,https://tmssl.akamaized.net//images/wappen/homepageSmall/1088.png?lm=1411412476,out,,Kyron Gordon,,,,,,,24,CB,Centre-Back,England,https://tmssl.akamaized.net//images/flagge/tiny/189.png?lm=1520611569,Stockport,,free,,?,,Free,0.0,
England,en,2026-08-01 15:48 UTC,"Transfermarkt · England Premier League/Championship/League One/League Two (fees & values are estimates, EUR)",€,Premier League|Championship|League One|League Two,League Two,Rochdale AFC,,,https://tmssl.akamaized.net//images/wappen/homepageSmall/1088.png?lm=1411412476,out,,Aidan Barlow,,,,,,,26,LM,Left Midfield,England,https://tmssl.akamaized.net//images/flagge/tiny/189.png?lm=1520611569,Altrincham,,free,,?,,Free,0.0,
England,en,2026-08-01 15:48 UTC,"Transfermarkt · England Premier League/Championship/League One/League Two (fees & values are estimates, EUR)",€,Premier League|Championship|League One|League Two,League Two,Rochdale AFC,,,https://tmssl.akamaized.net//images/wappen/homepageSmall/1088.png?lm=1411412476,out,,Connor McBride,,,,,,,25,LW,Left Winger,Scotland,https://tmssl.akamaized.net//images/flagge/tiny/190.png?lm=1520611569,Boston Utd,,free,,?,,Free,0.0,
England,en,2026-08-01 15:48 UTC,"Transfermarkt · England Premier League/Championship/League One/League Two (fees & values are estimates, EUR)",€,Premier League|Championship|League One|League Two,League Two,Rochdale AFC,,,https://tmssl.akamaized.net//images/wappen/homepageSmall/1088.png?lm=1411412476,out,,Tarryn Allarakhia,,,,,,,28,LW,Left Winger,Tanzania,https://tmssl.akamaized.net//images/flagge/tiny/166.png?lm=1520611569,Boreham Wood,,free,,€50k,0.05,Free,0.0,
England,en,2026-08-01 15:48 UTC,"Transfermarkt · England Premier League/Championship/League One/League Two (fees & values are estimates, EUR)",€,Premier League|Championship|League One|League Two,League Two,Rochdale AFC,,,https://tmssl.akamaized.net//images/wappen/homepageSmall/1088.png?lm=1411412476,out,,Liam Humbles,,,,,,,22,CM,Central Midfield,England,https://tmssl.akamaized.net//images/flagge/tiny/189.png?lm=1520611569,Altrincham,,other,,?,,?,,
England,en,2026-08-01 15:48 UTC,"Transfermarkt · England Premier League/Championship/League One/League Two (fees & values are estimates, EUR)",€,Premier League|Championship|League One|League Two,League Two,Rochdale AFC,,,https://tmssl.akamaized.net//images/wappen/homepageSmall/1088.png?lm=1411412476,out,,Tom Myles,,,,,,,20,GK,Goalkeeper,England,https://tmssl.akamaized.net//images/flagge/tiny/189.png?lm=1520611569,Without Club,,other,,?,,?,,
England,en,2026-08-01 15:48 UTC,"Transfermarkt · England Premier League/Championship/League One/League Two (fees & values are estimates, EUR)",€,Premier League|Championship|League One|League Two,League Two,Rochdale AFC,,,https://tmssl.akamaized.net//images/wappen/homepageSmall/1088.png?lm=1411412476,out,,Tyler Smith,,,,,,,27,CF,Centre-Forward,England,https://tmssl.akamaized.net//images/flagge/tiny/189.png?lm=1520611569,Without Club,,other,,?,,?,,
England,en,2026-08-01 15:48 UTC,"Transfermarkt · England Premier League/Championship/League One/League Two (fees & values are estimates, EUR)",€,Premier League|Championship|League One|League Two,League Two,Rochdale AFC,,,https://tmssl.akamaized.net//images/wappen/homepageSmall/1088.png?lm=1411412476,out,,Bryce Hosannah,,,,,,,27,RB,Right-Back,England,https://tmssl.akamaized.net//images/flagge/tiny/189.png?lm=1520611569,Without Club,,other,,?,,?,,
England,en,2026-08-01 15:48 UTC,"Transfermarkt · England Premier League/Championship/League One/League Two (fees & values are estimates, EUR)",€,Premier League|Championship|League One|League Two,League Two,Rochdale AFC,,,https://tmssl.akamaized.net//images/wappen/homepageSmall/1088.png?lm=1411412476,out,,Joe Pritchard,,,,,,,29,LM,Left Midfield,England,https://tmssl.akamaized.net//images/flagge/tiny/189.png?lm=1520611569,Without Club,,other,,?,,?,,
England,en,2026-08-01 15:48 UTC,"Transfermarkt · England Premier League/Championship/League One/League Two (fees & values are estimates, EUR)",€,Premier League|Championship|League One|League Two,League Two,Rochdale AFC,,,https://tmssl.akamaized.net//images/wappen/homepageSmall/1088.png?lm=1411412476,out,,Anthony Gomez-Mancini,,,,,,,25,AM,Attacking Midfield,France,https://tmssl.akamaized.net//images/flagge/tiny/50.png?lm=1520611569,Without Club,,other,,?,,?,,
England,en,2026-08-01 15:48 UTC,"Transfermarkt · England Premier League/Championship/League One/League Two (fees & values are estimates, EUR)",€,Premier League|Championship|League One|League Two,League Two,Rochdale AFC,,,https://tmssl.akamaized.net//images/wappen/homepageSmall/1088.png?lm=1411412476,out,,Manny Duku,,,,,,,33,CF,Centre-Forward,Netherlands,https://tmssl.akamaized.net//images/flagge/tiny/122.png?lm=1520611569,Without Club,,other,,?,,?,,
England,en,2026-08-01 15:48 UTC,"Transfermarkt · England Premier League/Championship/League One/League Two (fees & values are estimates, EUR)",€,Premier League|Championship|League One|League Two,League Two,Rochdale AFC,,,https://tmssl.akamaized.net//images/wappen/homepageSmall/1088.png?lm=1411412476,out,,Jake Burger,,,,,,,21,CM,Central Midfield,England,https://tmssl.akamaized.net//images/flagge/tiny/189.png?lm=1520611569,Without Club,,other,,?,,?,,
England,en,2026-08-01 15:48 UTC,"Transfermarkt · England Premier League/Championship/League One/League Two (fees & values are estimates, EUR)",€,Premier League|Championship|League One|League Two,League Two,Rochdale AFC,,,https://tmssl.akamaized.net//images/wappen/homepageSmall/1088.png?lm=1411412476,out,,Kaiden Wilson,,,,,,,21,CB,Centre-Back,England,https://tmssl.akamaized.net//images/flagge/tiny/189.png?lm=1520611569,Chelsea U21,,loan-return,,?,,End of loan,,
England,en,2026-08-01 15:48 UTC,"Transfermarkt · England Premier League/Championship/League One/League Two (fees & values are estimates, EUR)",€,Premier League|Championship|League One|League Two,League Two,Rochdale AFC,,,https://tmssl.akamaized.net//images/wappen/homepageSmall/1088.png?lm=1411412476,out,,Nils Ramming,,,,,,,20,GK,Goalkeeper,Sweden,https://tmssl.akamaized.net//images/flagge/tiny/147.png?lm=1520611569,Brighton U21,,loan-return,,€500k,0.5,End of loan,,
England,en,2026-08-01 15:48 UTC,"Transfermarkt · England Premier League/Championship/League One/League Two (fees & values are estimates, EUR)",€,Premier League|Championship|League One|League Two,League Two,Rotherham United,,,https://tmssl.akamaized.net//images/wappen/homepageSmall/1194.png?lm=1782932313,in,,Jamie Jellis,,,,,,,25,CM,Central Midfield,England,https://tmssl.akamaized.net//images/flagge/tiny/189.png?lm=1520611569,Walsall,,free,,€175k,0.175,Free,0.0,
England,en,2026-08-01 15:48 UTC,"Transfermarkt · England Premier League/Championship/League One/League Two (fees & values are estimates, EUR)",€,Premier League|Championship|League One|League Two,League Two,Rotherham United,,,https://tmssl.akamaized.net//images/wappen/homepageSmall/1194.png?lm=1782932313,in,,Ossama Ashley,,,,,,,26,DM,Defensive Midfield,England,https://tmssl.akamaized.net//images/flagge/tiny/189.png?lm=1520611569,Salford,,free,,€175k,0.175,Free,0.0,
England,en,2026-08-01 15:48 UTC,"Transfermarkt · England Premier League/Championship/League One/League Two (fees & values are estimates, EUR)",€,Premier League|Championship|League One|League Two,League Two,Rotherham United,,,https://tmssl.akamaized.net//images/wappen/homepageSmall/1194.png?lm=1782932313,in,,Aaron Nemane,,,,,,,28,RW,Right Winger,France,https://tmssl.akamaized.net//images/flagge/tiny/50.png?lm=1520611569,MK Dons,,free,,€300k,0.3,Free,0.0,
England,en,2026-08-01 15:48 UTC,"Transfermarkt · England Premier League/Championship/League One/League Two (fees & values are estimates, EUR)",€,Premier League|Championship|League One|League Two,League Two,Rotherham United,,,https://tmssl.akamaized.net//images/wappen/homepageSmall/1194.png?lm=1782932313,in,,Fábio Tavares,,,,,,,25,CF,Centre-Forward,Portugal,https://tmssl.akamaized.net//images/flagge/tiny/136.png?lm=1520611569,Burton Albion,,free,,€225k,0.225,Free,0.0,
England,en,2026-08-01 15:48 UTC,"Transfermarkt · England Premier League/Championship/League One/League Two (fees & values are estimates, EUR)",€,Premier League|Championship|League One|League Two,League Two,Rotherham United,,,https://tmssl.akamaized.net//images/wappen/homepageSmall/1194.png?lm=1782932313,in,,Paul Mullin,,,,,,,31,CF,Centre-Forward,England,https://tmssl.akamaized.net//images/flagge/tiny/189.png?lm=1520611569,Wrexham,,free,,€350k,0.35,Free,0.0,
England,en,2026-08-01 15:48 UTC,"Transfermarkt · England Premier League/Championship/League One/League Two (fees & values are estimates, EUR)",€,Premier League|Championship|League One|League Two,League Two,Rotherham United,,,https://tmssl.akamaized.net//images/wappen/homepageSmall/1194.png?lm=1782932313,in,,Harrison Duncan,,,,,,,18,CB,Centre-Back,England,https://tmssl.akamaized.net//images/flagge/tiny/189.png?lm=1520611569,Rotherham U18,,promotion,,?,,Promotion,,
England,en,2026-08-01 15:48 UTC,"Transfermarkt · England Premier League/Championship/League One/League Two (fees & values are estimates, EUR)",€,Premier League|Championship|League One|League Two,League Two,Rotherham United,,,https://tmssl.akamaized.net//images/wappen/homepageSmall/1194.png?lm=1782932313,in,,Dean Gardner,,,,,,,17,CF,Centre-Forward,England,https://tmssl.akamaized.net//images/flagge/tiny/189.png?lm=1520611569,Rotherham U18,,promotion,,?,,Promotion,,
England,en,2026-08-01 15:48 UTC,"Transfermarkt · England Premier League/Championship/League One/League Two (fees & values are estimates, EUR)",€,Premier League|Championship|League One|League Two,League Two,Rotherham United,,,https://tmssl.akamaized.net//images/wappen/homepageSmall/1194.png?lm=1782932313,in,,Cohen Lee,,,,,,,19,CM,Central Midfield,England,https://tmssl.akamaized.net//images/flagge/tiny/189.png?lm=1520611569,Rotherham U18,,promotion,,?,,Promotion,,
England,en,2026-08-01 15:48 UTC,"Transfermarkt · England Premier League/Championship/League One/League Two (fees & values are estimates, EUR)",€,Premier League|Championship|League One|League Two,League Two,Rotherham United,,,https://tmssl.akamaized.net//images/wappen/homepageSmall/1194.png?lm=1782932313,in,,Jili Buyabu,,,,,,,22,LB,Left-Back,England,https://tmssl.akamaized.net//images/flagge/tiny/189.png?lm=1520611569,Sheff Utd U21,,loan,,?,,Loan,,
England,en,2026-08-01 15:48 UTC,"Transfermarkt · England Premier League/Championship/League One/League Two (fees & values are estimates, EUR)",€,Premier League|Championship|League One|League Two,League Two,Rotherham United,,,https://tmssl.akamaized.net//images/wappen/homepageSmall/1194.png?lm=1782932313,out,,Sam Nombe,,,,,,,27,CF,Centre-Forward,England,https://tmssl.akamaized.net//images/flagge/tiny/189.png?lm=1520611569,MK Dons,,transfer,,€800k,0.8,€700k,0.7,
England,en,2026-08-01 15:48 UTC,"Transfermarkt · England Premier League/Championship/League One/League Two (fees & values are estimates, EUR)",€,Premier League|Championship|League One|League Two,League Two,Rotherham United,,,https://tmssl.akamaized.net//images/wappen/homepageSmall/1194.png?lm=1782932313,out,,Shaun McWilliams,,,,,,,27,DM,Defensive Midfield,England,https://tmssl.akamaized.net//images/flagge/tiny/189.png?lm=1520611569,Cheltenham,,free,,€250k,0.25,Free,0.0,
England,en,2026-08-01 15:48 UTC,"Transfermarkt · England Premier League/Championship/League One/League Two (fees & values are estimates, EUR)",€,Premier League|Championship|League One|League Two,League Two,Rotherham United,,,https://tmssl.akamaized.net//images/wappen/homepageSmall/1194.png?lm=1782932313,out,,Dru Yearwood,,,,,,,26,CM,Central Midfield,England,https://tmssl.akamaized.net//images/flagge/tiny/189.png?lm=1520611569,Chaves,,free,,€700k,0.7,Free,0.0,
England,en,2026-08-01 15:48 UTC,"Transfermarkt · England Premier League/Championship/League One/League Two (fees & values are estimates, EUR)",€,Premier League|Championship|League One|League Two,League Two,Rotherham United,,,https://tmssl.akamaized.net//images/wappen/homepageSmall/1194.png?lm=1782932313,out,,Sean Raggett,,,,,,,32,CB,Centre-Back,England,https://tmssl.akamaized.net//images/flagge/tiny/189.png?lm=1520611569,Colchester Utd.,,free,,€150k,0.15,Free,0.0,
England,en,2026-08-01 15:48 UTC,"Transfermarkt · England Premier League/Championship/League One/League Two (fees & values are estimates, EUR)",€,Premier League|Championship|League One|League Two,League Two,Rotherham United,,,https://tmssl.akamaized.net//images/wappen/homepageSmall/1194.png?lm=1782932313,out,,Jack Holmes,,,,,,,24,RM,Right Midfield,England,https://tmssl.akamaized.net//images/flagge/tiny/189.png?lm=1520611569,Boston Utd,,free,,€125k,0.125,Free,0.0,
England,en,2026-08-01 15:48 UTC,"Transfermarkt · England Premier League/Championship/League One/League Two (fees & values are estimates, EUR)",€,Premier League|Championship|League One|League Two,League Two,Rotherham United,,,https://tmssl.akamaized.net//images/wappen/homepageSmall/1194.png?lm=1782932313,out,,Joe Powell,,,,,,,27,CM,Central Midfield,England,https://tmssl.akamaized.net//images/flagge/tiny/189.png?lm=1520611569,Salford,,free,,€800k,0.8,Free,0.0,
England,en,2026-08-01 15:48 UTC,"Transfermarkt · England Premier League/Championship/League One/League Two (fees & values are estimates, EUR)",€,Premier League|Championship|League One|League Two,League Two,Rotherham United,,,https://tmssl.akamaized.net//images/wappen/homepageSmall/1194.png?lm=1782932313,out,,Jordan Hugill,,,,,,,34,CF,Centre-Forward,England,https://tmssl.akamaized.net//images/flagge/tiny/189.png?lm=1520611569,Hartlepool,,free,,€125k,0.125,Free,0.0,
England,en,2026-08-01 15:48 UTC,"Transfermarkt · England Premier League/Championship/League One/League Two (fees & values are estimates, EUR)",€,Premier League|Championship|League One|League Two,League Two,Rotherham United,,,https://tmssl.akamaized.net//images/wappen/homepageSmall/1194.png?lm=1782932313,out,,Josh Ayres,,,,,,,20,CF,Centre-Forward,England,https://tmssl.akamaized.net//images/flagge/tiny/189.png?lm=1520611569,Woking,,free,,€75k,0.075,Free,0.0,
England,en,2026-08-01 15:48 UTC,"Transfermarkt · England Premier League/Championship/League One/League Two (fees & values are estimates, EUR)",€,Premier League|Championship|League One|League Two,League Two,Rotherham United,,,https://tmssl.akamaized.net//images/wappen/homepageSmall/1194.png?lm=1782932313,out,,Zak Jules,,,,,,,29,CB,Centre-Back,Scotland,https://tmssl.akamaized.net//images/flagge/tiny/190.png?lm=1520611569,Eyüpspor,,free,,€275k,0.275,Free,0.0,
England,en,2026-08-01 15:48 UTC,"Transfermarkt · England Premier League/Championship/League One/League Two (fees & values are estimates, EUR)",€,Premier League|Championship|League One|League Two,League Two,Rotherham United,,,https://tmssl.akamaized.net//images/wappen/homepageSmall/1194.png?lm=1782932313,out,,Ciaran McGuckin,,,,,,,22,CF,Centre-Forward,Northern Ireland,https://tmssl.akamaized.net//images/flagge/tiny/192.png?lm=1520611569,Harrogate Town,,free,,€75k,0.075,Free,0.0,
England,en,2026-08-01 15:48 UTC,"Transfermarkt · England Premier League/Championship/League One/League Two (fees & values are estimates, EUR)",€,Premier League|Championship|League One|League Two,League Two,Rotherham United,,,https://tmssl.akamaized.net//images/wappen/homepageSmall/1194.png?lm=1782932313,out,,Ben Hatton,,,,,,,20,AM,Attacking Midfield,England,https://tmssl.akamaized.net//images/flagge/tiny/189.png?lm=1520611569,Without Club,,other,,?,,?,,
England,en,2026-08-01 15:48 UTC,"Transfermarkt · England Premier League/Championship/League One/League Two (fees & values are estimates, EUR)",€,Premier League|Championship|League One|League Two,League Two,Rotherham United,,,https://tmssl.akamaized.net//images/wappen/homepageSmall/1194.png?lm=1782932313,out,,Josh Benson,,,,,,,26,CM,Central Midfield,England,https://tmssl.akamaized.net//images/flagge/tiny/189.png?lm=1520611569,Without Club,,other,,€225k,0.225,?,,
England,en,2026-08-01 15:48 UTC,"Transfermarkt · England Premier League/Championship/League One/League Two (fees & values are estimates, EUR)",€,Premier League|Championship|League One|League Two,League Two,Rotherham United,,,https://tmssl.akamaized.net//images/wappen/homepageSmall/1194.png?lm=1782932313,out,,Reece James,,,,,,,32,LB,Left-Back,England,https://tmssl.akamaized.net//images/flagge/tiny/189.png?lm=1520611569,Without Club,,other,,€200k,0.2,?,,
England,en,2026-08-01 15:48 UTC,"Transfermarkt · England Premier League/Championship/League One/League Two (fees & values are estimates, EUR)",€,Premier League|Championship|League One|League Two,League Two,Rotherham United,,,https://tmssl.akamaized.net//images/wappen/homepageSmall/1194.png?lm=1782932313,out,,Liam Kelly,,,,,,,36,DM,Defensive Midfield,Scotland,https://tmssl.akamaized.net//images/flagge/tiny/190.png?lm=1520611569,Retired,,other,,€50k,0.05,?,,
England,en,2026-08-01 15:48 UTC,"Transfermarkt · England Premier League/Championship/League One/League Two (fees & values are estimates, EUR)",€,Premier League|Championship|League One|League Two,League Two,Rotherham United,,,https://tmssl.akamaized.net//images/wappen/homepageSmall/1194.png?lm=1782932313,out,,Duncan Watmore,,,,,,,32,RW,Right Winger,England,https://tmssl.akamaized.net//images/flagge/tiny/189.png?lm=1520611569,Retired,,other,,€250k,0.25,?,,
England,en,2026-08-01 15:48 UTC,"Transfermarkt · England Premier League/Championship/League One/League Two (fees & values are estimates, EUR)",€,Premier League|Championship|League One|League Two,League Two,Rotherham United,,,https://tmssl.akamaized.net//images/wappen/homepageSmall/1194.png?lm=1782932313,out,,Cameron Dawson,,,,,,,30,GK,Goalkeeper,England,https://tmssl.akamaized.net//images/flagge/tiny/189.png?lm=1520611569,Without Club,,other,,€300k,0.3,?,,
England,en,2026-08-01 15:48 UTC,"Transfermarkt · England Premier League/Championship/League One/League Two (fees & values are estimates, EUR)",€,Premier League|Championship|League One|League Two,League Two,Rotherham United,,,https://tmssl.akamaized.net//images/wappen/homepageSmall/1194.png?lm=1782932313,out,,Joshua Kayode,,,,,,,26,CF,Centre-Forward,Ireland,https://tmssl.akamaized.net//images/flagge/tiny/72.png?lm=1520611569,Without Club,,other,,€100k,0.1,?,,
England,en,2026-08-01 15:48 UTC,"Transfermarkt · England Premier League/Championship/League One/League Two (fees & values are estimates, EUR)",€,Premier League|Championship|League One|League Two,League Two,Rotherham United,,,https://tmssl.akamaized.net//images/wappen/homepageSmall/1194.png?lm=1782932313,out,,Harry Gray,,,,,,,17,CF,Centre-Forward,England,https://tmssl.akamaized.net//images/flagge/tiny/189.png?lm=1520611569,Leeds U21,,loan-return,,€700k,0.7,End of loan,,
England,en,2026-08-01 15:48 UTC,"Transfermarkt · England Premier League/Championship/League One/League Two (fees & values are estimates, EUR)",€,Premier League|Championship|League One|League Two,League Two,Rotherham United,,,https://tmssl.akamaized.net//images/wappen/homepageSmall/1194.png?lm=1782932313,out,,Jili Buyabu,,,,,,,23,LB,Left-Back,England,https://tmssl.akamaized.net//images/flagge/tiny/189.png?lm=1520611569,Sheff Utd U21,,loan-return,,?,,End of loan,,
England,en,2026-08-01 15:48 UTC,"Transfermarkt · England Premier League/Championship/League One/League Two (fees & values are estimates, EUR)",€,Premier League|Championship|League One|League Two,League Two,Rotherham United,,,https://tmssl.akamaized.net//images/wappen/homepageSmall/1194.png?lm=1782932313,out,,Lino Sousa,,,,,,,21,LB,Left-Back,England,https://tmssl.akamaized.net//images/flagge/tiny/189.png?lm=1520611569,Aston Villa U21,,loan-return,,€700k,0.7,End of loan,,
England,en,2026-08-01 15:48 UTC,"Transfermarkt · England Premier League/Championship/League One/League Two (fees & values are estimates, EUR)",€,Premier League|Championship|League One|League Two,League Two,Salford City,,,https://tmssl.akamaized.net//images/wappen/homepageSmall/34888.png?lm=1782971867,in,,Sam Long,,,,,,,23,GK,Goalkeeper,Scotland,https://tmssl.akamaized.net//images/flagge/tiny/190.png?lm=1520611569,Bromley,,free,,€75k,0.075,Free,0.0,
England,en,2026-08-01 15:48 UTC,"Transfermarkt · England Premier League/Championship/League One/League Two (fees & values are estimates, EUR)",€,Premier League|Championship|League One|League Two,League Two,Salford City,,,https://tmssl.akamaized.net//images/wappen/homepageSmall/34888.png?lm=1782971867,in,,Will Norris,,,,,,,32,GK,Goalkeeper,England,https://tmssl.akamaized.net//images/flagge/tiny/189.png?lm=1520611569,Wycombe,,free,,€300k,0.3,Free,0.0,
England,en,2026-08-01 15:48 UTC,"Transfermarkt · England Premier League/Championship/League One/League Two (fees & values are estimates, EUR)",€,Premier League|Championship|League One|League Two,League Two,Salford City,,,https://tmssl.akamaized.net//images/wappen/homepageSmall/34888.png?lm=1782971867,in,,Joe Powell,,,,,,,27,CM,Central Midfield,England,https://tmssl.akamaized.net//images/flagge/tiny/189.png?lm=1520611569,Rotherham,,free,,€800k,0.8,Free,0.0,
England,en,2026-08-01 15:48 UTC,"Transfermarkt · England Premier League/Championship/League One/League Two (fees & values are estimates, EUR)",€,Premier League|Championship|League One|League Two,League Two,Salford City,,,https://tmssl.akamaized.net//images/wappen/homepageSmall/34888.png?lm=1782971867,in,,Will Aimson,,,,,,,32,CB,Centre-Back,England,https://tmssl.akamaized.net//images/flagge/tiny/189.png?lm=1520611569,Wigan,,free,,€200k,0.2,Free,0.0,
England,en,2026-08-01 15:48 UTC,"Transfermarkt · England Premier League/Championship/League One/League Two (fees & values are estimates, EUR)",€,Premier League|Championship|League One|League Two,League Two,Salford City,,,https://tmssl.akamaized.net//images/wappen/homepageSmall/34888.png?lm=1782971867,in,,Luke Molyneux,,,,,,,28,RW,Right Winger,England,https://tmssl.akamaized.net//images/flagge/tiny/189.png?lm=1520611569,Doncaster,,other,,€600k,0.6,?,,
England,en,2026-08-01 15:48 UTC,"Transfermarkt · England Premier League/Championship/League One/League Two (fees & values are estimates, EUR)",€,Premier League|Championship|League One|League Two,League Two,Salford City,,,https://tmssl.akamaized.net//images/wappen/homepageSmall/34888.png?lm=1782971867,in,,Elliot Bonds,,,,,,,26,DM,Defensive Midfield,Guyana,https://tmssl.akamaized.net//images/flagge/tiny/61.png?lm=1520611569,Fleetwood,,other,,€350k,0.35,?,,
England,en,2026-08-01 15:48 UTC,"Transfermarkt · England Premier League/Championship/League One/League Two (fees & values are estimates, EUR)",€,Premier League|Championship|League One|League Two,League Two,Salford City,,,https://tmssl.akamaized.net//images/wappen/homepageSmall/34888.png?lm=1782971867,in,,Macaulay Langstaff,,,,,,,29,CF,Centre-Forward,England,https://tmssl.akamaized.net//images/flagge/tiny/189.png?lm=1520611569,Millwall,,other,,€700k,0.7,?,,
England,en,2026-08-01 15:48 UTC,"Transfermarkt · England Premier League/Championship/League One/League Two (fees & values are estimates, EUR)",€,Premier League|Championship|League One|League Two,League Two,Salford City,,,https://tmssl.akamaized.net//images/wappen/homepageSmall/34888.png?lm=1782971867,in,,Abraham Odoh,,,,,,,25,LW,Left Winger,England,https://tmssl.akamaized.net//images/flagge/tiny/189.png?lm=1520611569,Peterborough,,other,,€200k,0.2,?,,
England,en,2026-08-01 15:48 UTC,"Transfermarkt · England Premier League/Championship/League One/League Two (fees & values are estimates, EUR)",€,Premier League|Championship|League One|League Two,League Two,Salford City,,,https://tmssl.akamaized.net//images/wappen/homepageSmall/34888.png?lm=1782971867,in,,Loick Ayina,,,,,,,24,CB,Centre-Back,Congo,https://tmssl.akamaized.net//images/flagge/tiny/85.png?lm=1520611569,Yeovil Town,,loan-return,,?,,End of loan,,
England,en,2026-08-01 15:48 UTC,"Transfermarkt · England Premier League/Championship/League One/League Two (fees & values are estimates, EUR)",€,Premier League|Championship|League One|League Two,League Two,Salford City,,,https://tmssl.akamaized.net//images/wappen/homepageSmall/34888.png?lm=1782971867,out,,Ossama Ashley,,,,,,,26,DM,Defensive Midfield,England,https://tmssl.akamaized.net//images/flagge/tiny/189.png?lm=1520611569,Rotherham,,free,,€175k,0.175,Free,0.0,
England,en,2026-08-01 15:48 UTC,"Transfermarkt · England Premier League/Championship/League One/League Two (fees & values are estimates, EUR)",€,Premier League|Championship|League One|League Two,League Two,Salford City,,,https://tmssl.akamaized.net//images/wappen/homepageSmall/34888.png?lm=1782971867,out,,Cole Stockton,,,,,,,32,CF,Centre-Forward,England,https://tmssl.akamaized.net//images/flagge/tiny/189.png?lm=1520611569,Accrington,,free,,€100k,0.1,Free,0.0,
England,en,2026-08-01 15:48 UTC,"Transfermarkt · England Premier League/Championship/League One/League Two (fees & values are estimates, EUR)",€,Premier League|Championship|League One|League Two,League Two,Salford City,,,https://tmssl.akamaized.net//images/wappen/homepageSmall/34888.png?lm=1782971867,out,,Dan Chesters,,,,,,,24,RM,Right Midfield,England,https://tmssl.akamaized.net//images/flagge/tiny/189.png?lm=1520611569,Wealdstone,,free,,€75k,0.075,Free,0.0,
England,en,2026-08-01 15:48 UTC,"Transfermarkt · England Premier League/Championship/League One/League Two (fees & values are estimates, EUR)",€,Premier League|Championship|League One|League Two,League Two,Salford City,,,https://tmssl.akamaized.net//images/wappen/homepageSmall/34888.png?lm=1782971867,out,,Haji Mnoga,,,,,,,24,RM,Right Midfield,Tanzania,https://tmssl.akamaized.net//images/flagge/tiny/166.png?lm=1520611569,Patro Eisden,,free,,€250k,0.25,Free,0.0,
England,en,2026-08-01 15:48 UTC,"Transfermarkt · England Premier League/Championship/League One/League Two (fees & values are estimates, EUR)",€,Premier League|Championship|League One|League Two,League Two,Salford City,,,https://tmssl.akamaized.net//images/wappen/homepageSmall/34888.png?lm=1782971867,out,,Kadeem Harris,,,,,,,33,LM,Left Midfield,England,https://tmssl.akamaized.net//images/flagge/tiny/189.png?lm=1520611569,Gillingham,,free,,€100k,0.1,Free,0.0,
England,en,2026-08-01 15:48 UTC,"Transfermarkt · England Premier League/Championship/League One/League Two (fees & values are estimates, EUR)",€,Premier League|Championship|League One|League Two,League Two,Salford City,,,https://tmssl.akamaized.net//images/wappen/homepageSmall/34888.png?lm=1782971867,out,,Robbie Cleary,,,,,,,23,CF,Centre-Forward,Canada,https://tmssl.akamaized.net//images/flagge/tiny/80.png?lm=1520611569,Without Club,,other,,?,,?,,
England,en,2026-08-01 15:48 UTC,"Transfermarkt · England Premier League/Championship/League One/League Two (fees & values are estimates, EUR)",€,Premier League|Championship|League One|League Two,League Two,Salford City,,,https://tmssl.akamaized.net//images/wappen/homepageSmall/34888.png?lm=1782971867,out,,Mackenzie Chapman,,,,,,,23,GK,Goalkeeper,England,https://tmssl.akamaized.net//images/flagge/tiny/189.png?lm=1520611569,Without Club,,other,,€50k,0.05,?,,
England,en,2026-08-01 15:48 UTC,"Transfermarkt · England Premier League/Championship/League One/League Two (fees & values are estimates, EUR)",€,Premier League|Championship|League One|League Two,League Two,Salford City,,,https://tmssl.akamaized.net//images/wappen/homepageSmall/34888.png?lm=1782971867,out,,Tom Edwards,,,,,,,27,RB,Right-Back,England,https://tmssl.akamaized.net//images/flagge/tiny/189.png?lm=1520611569,Without Club,,other,,€150k,0.15,?,,
England,en,2026-08-01 15:48 UTC,"Transfermarkt · England Premier League/Championship/League One/League Two (fees & values are estimates, EUR)",€,Premier League|Championship|League One|League Two,League Two,Salford City,,,https://tmssl.akamaized.net//images/wappen/homepageSmall/34888.png?lm=1782971867,out,,Mark Howard,,,,,,,39,GK,Goalkeeper,England,https://tmssl.akamaized.net//images/flagge/tiny/189.png?lm=1520611569,Without Club,,other,,€25k,0.025,?,,
England,en,2026-08-01 15:48 UTC,"Transfermarkt · England Premier League/Championship/League One/League Two (fees & values are estimates, EUR)",€,Premier League|Championship|League One|League Two,League Two,Salford City,,,https://tmssl.akamaized.net//images/wappen/homepageSmall/34888.png?lm=1782971867,out,,Fabio Borini,,,,,,,35,CF,Centre-Forward,Italy,https://tmssl.akamaized.net//images/flagge/tiny/75.png?lm=1520611569,Without Club,,other,,€100k,0.1,?,,
England,en,2026-08-01 15:48 UTC,"Transfermarkt · England Premier League/Championship/League One/League Two (fees & values are estimates, EUR)",€,Premier League|Championship|League One|League Two,League Two,Salford City,,,https://tmssl.akamaized.net//images/wappen/homepageSmall/34888.png?lm=1782971867,out,,Loick Ayina,,,,,,,23,CB,Centre-Back,Congo,https://tmssl.akamaized.net//images/flagge/tiny/85.png?lm=1520611569,Yeovil Town,,loan,,?,,Loan,,
England,en,2026-08-01 15:48 UTC,"Transfermarkt · England Premier League/Championship/League One/League Two (fees & values are estimates, EUR)",€,Premier League|Championship|League One|League Two,League Two,Salford City,,,https://tmssl.akamaized.net//images/wappen/homepageSmall/34888.png?lm=1782971867,out,,Nicolás Siri,,,,,,,22,CF,Centre-Forward,Uruguay,https://tmssl.akamaized.net//images/flagge/tiny/179.png?lm=1520611569,Mvd City Torque,,loan-return,,€250k,0.25,End of loan,,
England,en,2026-08-01 15:48 UTC,"Transfermarkt · England Premier League/Championship/League One/League Two (fees & values are estimates, EUR)",€,Premier League|Championship|League One|League Two,League Two,Salford City,,,https://tmssl.akamaized.net//images/wappen/homepageSmall/34888.png?lm=1782971867,out,,Matty Young,,,,,,,19,GK,Goalkeeper,England,https://tmssl.akamaized.net//images/flagge/tiny/189.png?lm=1520611569,Sunderland U21,,loan-return,,€350k,0.35,End of loan,,
England,en,2026-08-01 15:48 UTC,"Transfermarkt · England Premier League/Championship/League One/League Two (fees & values are estimates, EUR)",€,Premier League|Championship|League One|League Two,League Two,Shrewsbury Town,,,https://tmssl.akamaized.net//images/wappen/homepageSmall/3054.png?lm=1474148711,in,,Jay Turner-Cooke,,,,,,,22,AM,Attacking Midfield,England,https://tmssl.akamaized.net//images/flagge/tiny/189.png?lm=1520611569,Halifax Town,,free,,?,,Free,0.0,
England,en,2026-08-01 15:48 UTC,"Transfermarkt · England Premier League/Championship/League One/League Two (fees & values are estimates, EUR)",€,Premier League|Championship|League One|League Two,League Two,Shrewsbury Town,,,https://tmssl.akamaized.net//images/wappen/homepageSmall/3054.png?lm=1474148711,in,,Jack Price,,,,,,,33,CM,Central Midfield,England,https://tmssl.akamaized.net//images/flagge/tiny/189.png?lm=1520611569,Brackley,,free,,?,,Free,0.0,
England,en,2026-08-01 15:48 UTC,"Transfermarkt · England Premier League/Championship/League One/League Two (fees & values are estimates, EUR)",€,Premier League|Championship|League One|League Two,League Two,Shrewsbury Town,,,https://tmssl.akamaized.net//images/wappen/homepageSmall/3054.png?lm=1474148711,in,,Arkell Jude-Boyd,,,,,,,23,RB,Right-Back,St. Lucia,https://tmssl.akamaized.net//images/flagge/tiny/230.png?lm=1520611569,Cheltenham,,free,,€150k,0.15,Free,0.0,
England,en,2026-08-01 15:48 UTC,"Transfermarkt · England Premier League/Championship/League One/League Two (fees & values are estimates, EUR)",€,Premier League|Championship|League One|League Two,League Two,Shrewsbury Town,,,https://tmssl.akamaized.net//images/wappen/homepageSmall/3054.png?lm=1474148711,in,,Josh Davison,,,,,,,26,CF,Centre-Forward,England,https://tmssl.akamaized.net//images/flagge/tiny/189.png?lm=1520611569,Tranmere,,free,,€125k,0.125,Free,0.0,
England,en,2026-08-01 15:48 UTC,"Transfermarkt · England Premier League/Championship/League One/League Two (fees & values are estimates, EUR)",€,Premier League|Championship|League One|League Two,League Two,Shrewsbury Town,,,https://tmssl.akamaized.net//images/wappen/homepageSmall/3054.png?lm=1474148711,in,,Joe Gbodé,,,,,,,21,CF,Centre-Forward,England,https://tmssl.akamaized.net//images/flagge/tiny/189.png?lm=1520611569,Luton,,loan,,€125k,0.125,Loan,,
England,en,2026-08-01 15:48 UTC,"Transfermarkt · England Premier League/Championship/League One/League Two (fees & values are estimates, EUR)",€,Premier League|Championship|League One|League Two,League Two,Shrewsbury Town,,,https://tmssl.akamaized.net//images/wappen/homepageSmall/3054.png?lm=1474148711,in,,Isaac Fletcher,,,,,,,24,CM,Central Midfield,England,https://tmssl.akamaized.net//images/flagge/tiny/189.png?lm=1520611569,Barrow,,other,,€150k,0.15,?,,
England,en,2026-08-01 15:48 UTC,"Transfermarkt · England Premier League/Championship/League One/League Two (fees & values are estimates, EUR)",€,Premier League|Championship|League One|League Two,League Two,Shrewsbury Town,,,https://tmssl.akamaized.net//images/wappen/homepageSmall/3054.png?lm=1474148711,in,,Byron Pendleton,,,,,,,20,RB,Right-Back,England,https://tmssl.akamaized.net//images/flagge/tiny/189.png?lm=1520611569,Birmingham U21,,other,,?,,?,,
England,en,2026-08-01 15:48 UTC,"Transfermarkt · England Premier League/Championship/League One/League Two (fees & values are estimates, EUR)",€,Premier League|Championship|League One|League Two,League Two,Shrewsbury Town,,,https://tmssl.akamaized.net//images/wappen/homepageSmall/3054.png?lm=1474148711,in,,Sam Proctor,,,,,,,19,GK,Goalkeeper,England,https://tmssl.akamaized.net//images/flagge/tiny/189.png?lm=1520611569,Aston Villa U21,,loan,,?,,Loan,,
England,en,2026-08-01 15:48 UTC,"Transfermarkt · England Premier League/Championship/League One/League Two (fees & values are estimates, EUR)",€,Premier League|Championship|League One|League Two,League Two,Shrewsbury Town,,,https://tmssl.akamaized.net//images/wappen/homepageSmall/3054.png?lm=1474148711,in,,Alex Gilliead,,,,,,,30,CM,Central Midfield,England,https://tmssl.akamaized.net//images/flagge/tiny/189.png?lm=1520611569,Carlisle United,,loan-return,,€150k,0.15,End of loan,,
England,en,2026-08-01 15:48 UTC,"Transfermarkt · England Premier League/Championship/League One/League Two (fees & values are estimates, EUR)",€,Premier League|Championship|League One|League Two,League Two,Shrewsbury Town,,,https://tmssl.akamaized.net//images/wappen/homepageSmall/3054.png?lm=1474148711,in,,Harrison Biggins,,,,,,,30,CM,Central Midfield,England,https://tmssl.akamaized.net//images/flagge/tiny/189.png?lm=1520611569,Newport County,,loan-return,,€125k,0.125,End of loan,,
England,en,2026-08-01 15:48 UTC,"Transfermarkt · England Premier League/Championship/League One/League Two (fees & values are estimates, EUR)",€,Premier League|Championship|League One|League Two,League Two,Shrewsbury Town,,,https://tmssl.akamaized.net//images/wappen/homepageSmall/3054.png?lm=1474148711,out,,Harrison Biggins,,,,,,,30,CM,Central Midfield,England,https://tmssl.akamaized.net//images/flagge/tiny/189.png?lm=1520611569,Newport County,,free,,€125k,0.125,Free,0.0,
England,en,2026-08-01 15:48 UTC,"Transfermarkt · England Premier League/Championship/League One/League Two (fees & values are estimates, EUR)",€,Premier League|Championship|League One|League Two,League Two,Shrewsbury Town,,,https://tmssl.akamaized.net//images/wappen/homepageSmall/3054.png?lm=1474148711,out,,Taylor Perry,,,,,,,25,CM,Central Midfield,England,https://tmssl.akamaized.net//images/flagge/tiny/189.png?lm=1520611569,Exeter City,,free,,€250k,0.25,Free,0.0,
England,en,2026-08-01 15:48 UTC,"Transfermarkt · England Premier League/Championship/League One/League Two (fees & values are estimates, EUR)",€,Premier League|Championship|League One|League Two,League Two,Shrewsbury Town,,,https://tmssl.akamaized.net//images/wappen/homepageSmall/3054.png?lm=1474148711,out,,Nick Freeman,,,,,,,30,CM,Central Midfield,England,https://tmssl.akamaized.net//images/flagge/tiny/189.png?lm=1520611569,Gillingham,,free,,€125k,0.125,Free,0.0,
England,en,2026-08-01 15:48 UTC,"Transfermarkt · England Premier League/Championship/League One/League Two (fees & values are estimates, EUR)",€,Premier League|Championship|League One|League Two,League Two,Shrewsbury Town,,,https://tmssl.akamaized.net//images/wappen/homepageSmall/3054.png?lm=1474148711,out,,Alex Gilliead,,,,,,,30,CM,Central Midfield,England,https://tmssl.akamaized.net//images/flagge/tiny/189.png?lm=1520611569,Without Club,,other,,€150k,0.15,?,,
England,en,2026-08-01 15:48 UTC,"Transfermarkt · England Premier League/Championship/League One/League Two (fees & values are estimates, EUR)",€,Premier League|Championship|League One|League Two,League Two,Shrewsbury Town,,,https://tmssl.akamaized.net//images/wappen/homepageSmall/3054.png?lm=1474148711,out,,John Marquis,,,,,,,34,CF,Centre-Forward,England,https://tmssl.akamaized.net//images/flagge/tiny/189.png?lm=1520611569,Without Club,,other,,€50k,0.05,?,,
England,en,2026-08-01 15:48 UTC,"Transfermarkt · England Premier League/Championship/League One/League Two (fees & values are estimates, EUR)",€,Premier League|Championship|League One|League Two,League Two,Shrewsbury Town,,,https://tmssl.akamaized.net//images/wappen/homepageSmall/3054.png?lm=1474148711,out,,Anthony Scully,,,,,,,27,LW,Left Winger,Ireland,https://tmssl.akamaized.net//images/flagge/tiny/72.png?lm=1520611569,Without Club,,other,,€125k,0.125,?,,
England,en,2026-08-01 15:48 UTC,"Transfermarkt · England Premier League/Championship/League One/League Two (fees & values are estimates, EUR)",€,Premier League|Championship|League One|League Two,League Two,Shrewsbury Town,,,https://tmssl.akamaized.net//images/wappen/homepageSmall/3054.png?lm=1474148711,out,,Mal Benning,,,,,,,32,LB,Left-Back,England,https://tmssl.akamaized.net//images/flagge/tiny/189.png?lm=1520611569,Without Club,,other,,€50k,0.05,?,,
England,en,2026-08-01 15:48 UTC,"Transfermarkt · England Premier League/Championship/League One/League Two (fees & values are estimates, EUR)",€,Premier League|Championship|League One|League Two,League Two,Shrewsbury Town,,,https://tmssl.akamaized.net//images/wappen/homepageSmall/3054.png?lm=1474148711,out,,Joe Gbodé,,,,,,,22,CF,Centre-Forward,England,https://tmssl.akamaized.net//images/flagge/tiny/189.png?lm=1520611569,Luton,,loan-return,,€125k,0.125,End of loan,,
England,en,2026-08-01 15:48 UTC,"Transfermarkt · England Premier League/Championship/League One/League Two (fees & values are estimates, EUR)",€,Premier League|Championship|League One|League Two,League Two,Shrewsbury Town,,,https://tmssl.akamaized.net//images/wappen/homepageSmall/3054.png?lm=1474148711,out,,Sam Proctor,,,,,,,20,GK,Goalkeeper,England,https://tmssl.akamaized.net//images/flagge/tiny/189.png?lm=1520611569,Aston Villa U21,,loan-return,,?,,End of loan,,
England,en,2026-08-01 15:48 UTC,"Transfermarkt · England Premier League/Championship/League One/League Two (fees & values are estimates, EUR)",€,Premier League|Championship|League One|League Two,League Two,Swindon Town,,,https://tmssl.akamaized.net//images/wappen/homepageSmall/352.png?lm=1461358647,in,,Mitch Clark,,,,,,,27,RB,Right-Back,Wales,https://tmssl.akamaized.net//images/flagge/tiny/191.png?lm=1520611569,Port Vale,,free,,€175k,0.175,Free,0.0,
England,en,2026-08-01 15:48 UTC,"Transfermarkt · England Premier League/Championship/League One/League Two (fees & values are estimates, EUR)",€,Premier League|Championship|League One|League Two,League Two,Swindon Town,,,https://tmssl.akamaized.net//images/wappen/homepageSmall/352.png?lm=1461358647,in,,Stephan Negru,,,,,,,23,CB,Centre-Back,Moldova,https://tmssl.akamaized.net//images/flagge/tiny/112.png?lm=1520611569,Oxford United,,free,,€175k,0.175,Free,0.0,
England,en,2026-08-01 15:48 UTC,"Transfermarkt · England Premier League/Championship/League One/League Two (fees & values are estimates, EUR)",€,Premier League|Championship|League One|League Two,League Two,Swindon Town,,,https://tmssl.akamaized.net//images/wappen/homepageSmall/352.png?lm=1461358647,in,,Matty Virtue,,,,,,,29,CM,Central Midfield,England,https://tmssl.akamaized.net//images/flagge/tiny/189.png?lm=1520611569,Fleetwood,,free,,€200k,0.2,Free,0.0,
England,en,2026-08-01 15:48 UTC,"Transfermarkt · England Premier League/Championship/League One/League Two (fees & values are estimates, EUR)",€,Premier League|Championship|League One|League Two,League Two,Swindon Town,,,https://tmssl.akamaized.net//images/wappen/homepageSmall/352.png?lm=1461358647,in,,James Debayo,,,,,,,20,CB,Centre-Back,England,https://tmssl.akamaized.net//images/flagge/tiny/189.png?lm=1520611569,Hull U21,,loan,,?,,Loan,,
England,en,2026-08-01 15:48 UTC,"Transfermarkt · England Premier League/Championship/League One/League Two (fees & values are estimates, EUR)",€,Premier League|Championship|League One|League Two,League Two,Swindon Town,,,https://tmssl.akamaized.net//images/wappen/homepageSmall/352.png?lm=1461358647,out,,Ryan Delaney,,,,,,,29,CB,Centre-Back,Ireland,https://tmssl.akamaized.net//images/flagge/tiny/72.png?lm=1520611569,Oldham Athletic,,free,,€100k,0.1,Free,0.0,
England,en,2026-08-01 15:48 UTC,"Transfermarkt · England Premier League/Championship/League One/League Two (fees & values are estimates, EUR)",€,Premier League|Championship|League One|League Two,League Two,Swindon Town,,,https://tmssl.akamaized.net//images/wappen/homepageSmall/352.png?lm=1461358647,out,,Will Wright,,,,,,,29,CB,Centre-Back,England,https://tmssl.akamaized.net//images/flagge/tiny/189.png?lm=1520611569,Barnet,,free,,€350k,0.35,Free,0.0,
England,en,2026-08-01 15:48 UTC,"Transfermarkt · England Premier League/Championship/League One/League Two (fees & values are estimates, EUR)",€,Premier League|Championship|League One|League Two,League Two,Swindon Town,,,https://tmssl.akamaized.net//images/wappen/homepageSmall/352.png?lm=1461358647,out,,Jake Batty,,,,,,,21,LB,Left-Back,England,https://tmssl.akamaized.net//images/flagge/tiny/189.png?lm=1520611569,Fleetwood,,free,,€250k,0.25,Free,0.0,
England,en,2026-08-01 15:48 UTC,"Transfermarkt · England Premier League/Championship/League One/League Two (fees & values are estimates, EUR)",€,Premier League|Championship|League One|League Two,League Two,Swindon Town,,,https://tmssl.akamaized.net//images/wappen/homepageSmall/352.png?lm=1461358647,out,,Darren Oldaker,,,,,,,27,CM,Central Midfield,England,https://tmssl.akamaized.net//images/flagge/tiny/189.png?lm=1520611569,Southend United,,other,,€200k,0.2,?,,
England,en,2026-08-01 15:48 UTC,"Transfermarkt · England Premier League/Championship/League One/League Two (fees & values are estimates, EUR)",€,Premier League|Championship|League One|League Two,League Two,Swindon Town,,,https://tmssl.akamaized.net//images/wappen/homepageSmall/352.png?lm=1461358647,out,,Jake Tabor,,,,,,,22,CF,Centre-Forward,England,https://tmssl.akamaized.net//images/flagge/tiny/189.png?lm=1520611569,Hemel,,other,,?,,?,,
England,en,2026-08-01 15:48 UTC,"Transfermarkt · England Premier League/Championship/League One/League Two (fees & values are estimates, EUR)",€,Premier League|Championship|League One|League Two,League Two,Swindon Town,,,https://tmssl.akamaized.net//images/wappen/homepageSmall/352.png?lm=1461358647,out,,Junior Hoilett,,,,,,,36,LW,Left Winger,Canada,https://tmssl.akamaized.net//images/flagge/tiny/80.png?lm=1520611569,Without Club,,other,,€25k,0.025,?,,
England,en,2026-08-01 15:48 UTC,"Transfermarkt · England Premier League/Championship/League One/League Two (fees & values are estimates, EUR)",€,Premier League|Championship|League One|League Two,League Two,Swindon Town,,,https://tmssl.akamaized.net//images/wappen/homepageSmall/352.png?lm=1461358647,out,,Billy Bodin,,,,,,,34,RW,Right Winger,Wales,https://tmssl.akamaized.net//images/flagge/tiny/191.png?lm=1520611569,Without Club,,other,,€50k,0.05,?,,
England,en,2026-08-01 15:48 UTC,"Transfermarkt · England Premier League/Championship/League One/League Two (fees & values are estimates, EUR)",€,Premier League|Championship|League One|League Two,League Two,Swindon Town,,,https://tmssl.akamaized.net//images/wappen/homepageSmall/352.png?lm=1461358647,out,,Antony McCormick,,,,,,,19,CB,Centre-Back,England,https://tmssl.akamaized.net//images/flagge/tiny/189.png?lm=1520611569,Without Club,,other,,?,,?,,
England,en,2026-08-01 15:48 UTC,"Transfermarkt · England Premier League/Championship/League One/League Two (fees & values are estimates, EUR)",€,Premier League|Championship|League One|League Two,League Two,Swindon Town,,,https://tmssl.akamaized.net//images/wappen/homepageSmall/352.png?lm=1461358647,out,,George Alston,,,,,,,19,CF,Centre-Forward,England,https://tmssl.akamaized.net//images/flagge/tiny/189.png?lm=1520611569,Without Club,,other,,?,,?,,
England,en,2026-08-01 15:48 UTC,"Transfermarkt · England Premier League/Championship/League One/League Two (fees & values are estimates, EUR)",€,Premier League|Championship|League One|League Two,League Two,Swindon Town,,,https://tmssl.akamaized.net//images/wappen/homepageSmall/352.png?lm=1461358647,out,,Redman Evans,,,,,,,20,GK,Goalkeeper,England,https://tmssl.akamaized.net//images/flagge/tiny/189.png?lm=1520611569,Without Club,,other,,?,,?,,
England,en,2026-08-01 15:48 UTC,"Transfermarkt · England Premier League/Championship/League One/League Two (fees & values are estimates, EUR)",€,Premier League|Championship|League One|League Two,League Two,Swindon Town,,,https://tmssl.akamaized.net//images/wappen/homepageSmall/352.png?lm=1461358647,out,,Dani González,,,,,,,19,Midfielder,Midfielder,Spain,https://tmssl.akamaized.net//images/flagge/tiny/157.png?lm=1520611569,Without Club,,other,,?,,?,,
England,en,2026-08-01 15:48 UTC,"Transfermarkt · England Premier League/Championship/League One/League Two (fees & values are estimates, EUR)",€,Premier League|Championship|League One|League Two,League Two,Swindon Town,,,https://tmssl.akamaized.net//images/wappen/homepageSmall/352.png?lm=1461358647,out,,Jaxon Brown,,,,,,,19,CM,Central Midfield,England,https://tmssl.akamaized.net//images/flagge/tiny/189.png?lm=1520611569,Without Club,,other,,?,,?,,
England,en,2026-08-01 15:48 UTC,"Transfermarkt · England Premier League/Championship/League One/League Two (fees & values are estimates, EUR)",€,Premier League|Championship|League One|League Two,League Two,Tranmere Rovers,,,https://tmssl.akamaized.net//images/wappen/homepageSmall/1074.png?lm=1626537040,in,,Harrison Male,,,,,,,25,GK,Goalkeeper,England,https://tmssl.akamaized.net//images/flagge/tiny/189.png?lm=1520611569,York City,,free,,?,,Free,0.0,
England,en,2026-08-01 15:48 UTC,"Transfermarkt · England Premier League/Championship/League One/League Two (fees & values are estimates, EUR)",€,Premier League|Championship|League One|League Two,League Two,Tranmere Rovers,,,https://tmssl.akamaized.net//images/wappen/homepageSmall/1074.png?lm=1626537040,in,,Jordan Davies,,,,,,,27,CM,Central Midfield,Wales,https://tmssl.akamaized.net//images/flagge/tiny/191.png?lm=1520611569,Fleetwood,,free,,€150k,0.15,Free,0.0,
England,en,2026-08-01 15:48 UTC,"Transfermarkt · England Premier League/Championship/League One/League Two (fees & values are estimates, EUR)",€,Premier League|Championship|League One|League Two,League Two,Tranmere Rovers,,,https://tmssl.akamaized.net//images/wappen/homepageSmall/1074.png?lm=1626537040,in,,Charlie Veevers,,,,,,,21,CM,Central Midfield,England,https://tmssl.akamaized.net//images/flagge/tiny/189.png?lm=1520611569,Burnley U21,,free,,?,,Free,0.0,
England,en,2026-08-01 15:48 UTC,"Transfermarkt · England Premier League/Championship/League One/League Two (fees & values are estimates, EUR)",€,Premier League|Championship|League One|League Two,League Two,Tranmere Rovers,,,https://tmssl.akamaized.net//images/wappen/homepageSmall/1074.png?lm=1626537040,in,,Tom Conlon,,,,,,,30,CM,Central Midfield,England,https://tmssl.akamaized.net//images/flagge/tiny/189.png?lm=1520611569,Oldham Athletic,,free,,€150k,0.15,Free,0.0,
England,en,2026-08-01 15:48 UTC,"Transfermarkt · England Premier League/Championship/League One/League Two (fees & values are estimates, EUR)",€,Premier League|Championship|League One|League Two,League Two,Tranmere Rovers,,,https://tmssl.akamaized.net//images/wappen/homepageSmall/1074.png?lm=1626537040,in,,Joel Senior,,,,,,,27,RB,Right-Back,England,https://tmssl.akamaized.net//images/flagge/tiny/189.png?lm=1520611569,Bristol Rovers,,free,,€150k,0.15,Free,0.0,
England,en,2026-08-01 15:48 UTC,"Transfermarkt · England Premier League/Championship/League One/League Two (fees & values are estimates, EUR)",€,Premier League|Championship|League One|League Two,League Two,Tranmere Rovers,,,https://tmssl.akamaized.net//images/wappen/homepageSmall/1074.png?lm=1626537040,in,,Jacob Slater,,,,,,,21,LB,Left-Back,Ireland,https://tmssl.akamaized.net//images/flagge/tiny/72.png?lm=1520611569,Brighton U21,,free,,€150k,0.15,Free,0.0,
England,en,2026-08-01 15:48 UTC,"Transfermarkt · England Premier League/Championship/League One/League Two (fees & values are estimates, EUR)",€,Premier League|Championship|League One|League Two,League Two,Tranmere Rovers,,,https://tmssl.akamaized.net//images/wappen/homepageSmall/1074.png?lm=1626537040,in,,Tom Ince,,,,,,,34,RW,Right Winger,England,https://tmssl.akamaized.net//images/flagge/tiny/189.png?lm=1520611569,Watford,,free,,€300k,0.3,Free,0.0,
England,en,2026-08-01 15:48 UTC,"Transfermarkt · England Premier League/Championship/League One/League Two (fees & values are estimates, EUR)",€,Premier League|Championship|League One|League Two,League Two,Tranmere Rovers,,,https://tmssl.akamaized.net//images/wappen/homepageSmall/1074.png?lm=1626537040,in,,Jack McEvilly,,,,,,,19,CB,Centre-Back,England,https://tmssl.akamaized.net//images/flagge/tiny/189.png?lm=1520611569,Burnley U21,,free,,?,,Free,0.0,
England,en,2026-08-01 15:48 UTC,"Transfermarkt · England Premier League/Championship/League One/League Two (fees & values are estimates, EUR)",€,Premier League|Championship|League One|League Two,League Two,Tranmere Rovers,,,https://tmssl.akamaized.net//images/wappen/homepageSmall/1074.png?lm=1626537040,in,,Courtney Baker-Richardson,,,,,,,30,CF,Centre-Forward,England,https://tmssl.akamaized.net//images/flagge/tiny/189.png?lm=1520611569,Newport County,,free,,€125k,0.125,Free,0.0,
England,en,2026-08-01 15:48 UTC,"Transfermarkt · England Premier League/Championship/League One/League Two (fees & values are estimates, EUR)",€,Premier League|Championship|League One|League Two,League Two,Tranmere Rovers,,,https://tmssl.akamaized.net//images/wappen/homepageSmall/1074.png?lm=1626537040,in,,Oliver Scott,,,,,,,25,LB,Left-Back,England,https://tmssl.akamaized.net//images/flagge/tiny/189.png?lm=1520611569,Aldershot,,free,,?,,Free,0.0,
England,en,2026-08-01 15:48 UTC,"Transfermarkt · England Premier League/Championship/League One/League Two (fees & values are estimates, EUR)",€,Premier League|Championship|League One|League Two,League Two,Tranmere Rovers,,,https://tmssl.akamaized.net//images/wappen/homepageSmall/1074.png?lm=1626537040,in,,Bobby Faulkner,,,,,,,21,CB,Centre-Back,England,https://tmssl.akamaized.net//images/flagge/tiny/189.png?lm=1520611569,Doncaster,,loan,,€125k,0.125,Loan,,
England,en,2026-08-01 15:48 UTC,"Transfermarkt · England Premier League/Championship/League One/League Two (fees & values are estimates, EUR)",€,Premier League|Championship|League One|League Two,League Two,Tranmere Rovers,,,https://tmssl.akamaized.net//images/wappen/homepageSmall/1074.png?lm=1626537040,in,,Sam Mann,,,,,,,18,CF,Centre-Forward,England,https://tmssl.akamaized.net//images/flagge/tiny/189.png?lm=1520611569,Tranmere U18,,promotion,,?,,Promotion,,
England,en,2026-08-01 15:48 UTC,"Transfermarkt · England Premier League/Championship/League One/League Two (fees & values are estimates, EUR)",€,Premier League|Championship|League One|League Two,League Two,Tranmere Rovers,,,https://tmssl.akamaized.net//images/wappen/homepageSmall/1074.png?lm=1626537040,in,,Zane Okoro,,,,,,,19,RW,Right Winger,United States,https://tmssl.akamaized.net//images/flagge/tiny/184.png?lm=1520611569,Lincoln City,,loan,,€150k,0.15,Loan,,
England,en,2026-08-01 15:48 UTC,"Transfermarkt · England Premier League/Championship/League One/League Two (fees & values are estimates, EUR)",€,Premier League|Championship|League One|League Two,League Two,Tranmere Rovers,,,https://tmssl.akamaized.net//images/wappen/homepageSmall/1074.png?lm=1626537040,out,,Cameron Norman,,,,,,,30,RB,Right-Back,England,https://tmssl.akamaized.net//images/flagge/tiny/189.png?lm=1520611569,Newport County,,free,,€150k,0.15,Free,0.0,
England,en,2026-08-01 15:48 UTC,"Transfermarkt · England Premier League/Championship/League One/League Two (fees & values are estimates, EUR)",€,Premier League|Championship|League One|League Two,League Two,Tranmere Rovers,,,https://tmssl.akamaized.net//images/wappen/homepageSmall/1074.png?lm=1626537040,out,,Sol Solomon,,,,,,,25,CF,Centre-Forward,Jersey,https://tmssl.akamaized.net//images/flagge/tiny/272.png?lm=1520611569,Southport,,free,,€50k,0.05,Free,0.0,
England,en,2026-08-01 15:48 UTC,"Transfermarkt · England Premier League/Championship/League One/League Two (fees & values are estimates, EUR)",€,Premier League|Championship|League One|League Two,League Two,Tranmere Rovers,,,https://tmssl.akamaized.net//images/wappen/homepageSmall/1074.png?lm=1626537040,out,,Harvey Saunders,,,,,,,28,CF,Centre-Forward,England,https://tmssl.akamaized.net//images/flagge/tiny/189.png?lm=1520611569,Northampton,,free,,€125k,0.125,Free,0.0,
England,en,2026-08-01 15:48 UTC,"Transfermarkt · England Premier League/Championship/League One/League Two (fees & values are estimates, EUR)",€,Premier League|Championship|League One|League Two,League Two,Tranmere Rovers,,,https://tmssl.akamaized.net//images/wappen/homepageSmall/1074.png?lm=1626537040,out,,Richard Smallwood,,,,,,,35,DM,Defensive Midfield,England,https://tmssl.akamaized.net//images/flagge/tiny/189.png?lm=1520611569,Bristol Rovers,,free,,€25k,0.025,Free,0.0,
England,en,2026-08-01 15:48 UTC,"Transfermarkt · England Premier League/Championship/League One/League Two (fees & values are estimates, EUR)",€,Premier League|Championship|League One|League Two,League Two,Tranmere Rovers,,,https://tmssl.akamaized.net//images/wappen/homepageSmall/1074.png?lm=1626537040,out,,Omari Patrick,,,,,,,30,LW,Left Winger,England,https://tmssl.akamaized.net//images/flagge/tiny/189.png?lm=1520611569,Forest Green,,free,,€175k,0.175,Free,0.0,
England,en,2026-08-01 15:48 UTC,"Transfermarkt · England Premier League/Championship/League One/League Two (fees & values are estimates, EUR)",€,Premier League|Championship|League One|League Two,League Two,Tranmere Rovers,,,https://tmssl.akamaized.net//images/wappen/homepageSmall/1074.png?lm=1626537040,out,,Josh Davison,,,,,,,26,CF,Centre-Forward,England,https://tmssl.akamaized.net//images/flagge/tiny/189.png?lm=1520611569,Shrewsbury,,free,,€125k,0.125,Free,0.0,
England,en,2026-08-01 15:48 UTC,"Transfermarkt · England Premier League/Championship/League One/League Two (fees & values are estimates, EUR)",€,Premier League|Championship|League One|League Two,League Two,Tranmere Rovers,,,https://tmssl.akamaized.net//images/wappen/homepageSmall/1074.png?lm=1626537040,out,,Aaron McGowan,,,,,,,30,CB,Centre-Back,England,https://tmssl.akamaized.net//images/flagge/tiny/189.png?lm=1520611569,Port Vale,,free,,€150k,0.15,Free,0.0,
England,en,2026-08-01 15:48 UTC,"Transfermarkt · England Premier League/Championship/League One/League Two (fees & values are estimates, EUR)",€,Premier League|Championship|League One|League Two,League Two,Tranmere Rovers,,,https://tmssl.akamaized.net//images/wappen/homepageSmall/1074.png?lm=1626537040,out,,Kristian Dennis,,,,,,,36,CF,Centre-Forward,England,https://tmssl.akamaized.net//images/flagge/tiny/189.png?lm=1520611569,Altrincham,,free,,€25k,0.025,Free,0.0,
England,en,2026-08-01 15:48 UTC,"Transfermarkt · England Premier League/Championship/League One/League Two (fees & values are estimates, EUR)",€,Premier League|Championship|League One|League Two,League Two,Tranmere Rovers,,,https://tmssl.akamaized.net//images/wappen/homepageSmall/1074.png?lm=1626537040,out,,Sam Taylor,,,,,,,21,RW,Right Winger,England,https://tmssl.akamaized.net//images/flagge/tiny/189.png?lm=1520611569,Altrincham,,free,,€125k,0.125,Free,0.0,
England,en,2026-08-01 15:48 UTC,"Transfermarkt · England Premier League/Championship/League One/League Two (fees & values are estimates, EUR)",€,Premier League|Championship|League One|League Two,League Two,Tranmere Rovers,,,https://tmssl.akamaized.net//images/wappen/homepageSmall/1074.png?lm=1626537040,out,,Nohan Kenneh,,,,,,,23,DM,Defensive Midfield,Liberia,https://tmssl.akamaized.net//images/flagge/tiny/95.png?lm=1520611569,M. Ahi Nazareth,,other,,€250k,0.25,?,,
England,en,2026-08-01 15:48 UTC,"Transfermarkt · England Premier League/Championship/League One/League Two (fees & values are estimates, EUR)",€,Premier League|Championship|League One|League Two,League Two,Tranmere Rovers,,,https://tmssl.akamaized.net//images/wappen/homepageSmall/1074.png?lm=1626537040,out,,Ryan Watson,,,,,,,32,DM,Defensive Midfield,England,https://tmssl.akamaized.net//images/flagge/tiny/189.png?lm=1520611569,Without Club,,other,,€50k,0.05,?,,
England,en,2026-08-01 15:48 UTC,"Transfermarkt · England Premier League/Championship/League One/League Two (fees & values are estimates, EUR)",€,Premier League|Championship|League One|League Two,League Two,Tranmere Rovers,,,https://tmssl.akamaized.net//images/wappen/homepageSmall/1074.png?lm=1626537040,out,,Ethan Bristow,,,,,,,24,LB,Left-Back,St. Kitts & Nevis,https://tmssl.akamaized.net//images/flagge/tiny/225.png?lm=1520611569,Without Club,,other,,€125k,0.125,?,,
England,en,2026-08-01 15:48 UTC,"Transfermarkt · England Premier League/Championship/League One/League Two (fees & values are estimates, EUR)",€,Premier League|Championship|League One|League Two,League Two,Tranmere Rovers,,,https://tmssl.akamaized.net//images/wappen/homepageSmall/1074.png?lm=1626537040,out,,Kaiyne Woolery,,,,,,,31,LW,Left Winger,England,https://tmssl.akamaized.net//images/flagge/tiny/189.png?lm=1520611569,Without Club,,other,,€50k,0.05,?,,
England,en,2026-08-01 15:48 UTC,"Transfermarkt · England Premier League/Championship/League One/League Two (fees & values are estimates, EUR)",€,Premier League|Championship|League One|League Two,League Two,Tranmere Rovers,,,https://tmssl.akamaized.net//images/wappen/homepageSmall/1074.png?lm=1626537040,out,,Jason Lowe,,,,,,,34,DM,Defensive Midfield,England,https://tmssl.akamaized.net//images/flagge/tiny/189.png?lm=1520611569,Without Club,,other,,€50k,0.05,?,,
England,en,2026-08-01 15:48 UTC,"Transfermarkt · England Premier League/Championship/League One/League Two (fees & values are estimates, EUR)",€,Premier League|Championship|League One|League Two,League Two,Tranmere Rovers,,,https://tmssl.akamaized.net//images/wappen/homepageSmall/1074.png?lm=1626537040,out,,Joe Murphy,,,,,,,44,GK,Goalkeeper,Ireland,https://tmssl.akamaized.net//images/flagge/tiny/72.png?lm=1520611569,Retired,,other,,€25k,0.025,?,,
England,en,2026-08-01 15:48 UTC,"Transfermarkt · England Premier League/Championship/League One/League Two (fees & values are estimates, EUR)",€,Premier League|Championship|League One|League Two,League Two,Tranmere Rovers,,,https://tmssl.akamaized.net//images/wappen/homepageSmall/1074.png?lm=1626537040,out,,Zane Okoro,,,,,,,20,RW,Right Winger,United States,https://tmssl.akamaized.net//images/flagge/tiny/184.png?lm=1520611569,Lincoln City,,loan-return,,€150k,0.15,End of loan,,
England,en,2026-08-01 15:48 UTC,"Transfermarkt · England Premier League/Championship/League One/League Two (fees & values are estimates, EUR)",€,Premier League|Championship|League One|League Two,League Two,Tranmere Rovers,,,https://tmssl.akamaized.net//images/wappen/homepageSmall/1074.png?lm=1626537040,out,,Bobby Faulkner,,,,,,,22,CB,Centre-Back,England,https://tmssl.akamaized.net//images/flagge/tiny/189.png?lm=1520611569,Doncaster,,loan-return,,€125k,0.125,End of loan,,
England,en,2026-08-01 15:48 UTC,"Transfermarkt · England Premier League/Championship/League One/League Two (fees & values are estimates, EUR)",€,Premier League|Championship|League One|League Two,League Two,Walsall FC,,,https://tmssl.akamaized.net//images/wappen/homepageSmall/899.png?lm=1533831627,in,,James Connolly,,,,,,,24,CB,Centre-Back,Wales,https://tmssl.akamaized.net//images/flagge/tiny/191.png?lm=1520611569,Crewe Alexandra,,free,,€375k,0.375,Free,0.0,
England,en,2026-08-01 15:48 UTC,"Transfermarkt · England Premier League/Championship/League One/League Two (fees & values are estimates, EUR)",€,Premier League|Championship|League One|League Two,League Two,Walsall FC,,,https://tmssl.akamaized.net//images/wappen/homepageSmall/899.png?lm=1533831627,in,,Andy Dallas,,,,,,,26,CF,Centre-Forward,Scotland,https://tmssl.akamaized.net//images/flagge/tiny/190.png?lm=1520611569,Barnsley,,free,,€100k,0.1,Free,0.0,
England,en,2026-08-01 15:48 UTC,"Transfermarkt · England Premier League/Championship/League One/League Two (fees & values are estimates, EUR)",€,Premier League|Championship|League One|League Two,League Two,Walsall FC,,,https://tmssl.akamaized.net//images/wappen/homepageSmall/899.png?lm=1533831627,in,,Lewis Simper,,,,,,,24,CM,Central Midfield,England,https://tmssl.akamaized.net//images/flagge/tiny/189.png?lm=1520611569,Sutton Utd,,free,,?,,Free,0.0,
England,en,2026-08-01 15:48 UTC,"Transfermarkt · England Premier League/Championship/League One/League Two (fees & values are estimates, EUR)",€,Premier League|Championship|League One|League Two,League Two,Walsall FC,,,https://tmssl.akamaized.net//images/wappen/homepageSmall/899.png?lm=1533831627,in,,Reece Smith,,,,,,,24,LW,Left Winger,England,https://tmssl.akamaized.net//images/flagge/tiny/189.png?lm=1520611569,Harrogate Town,,other,,€150k,0.15,?,,
England,en,2026-08-01 15:48 UTC,"Transfermarkt · England Premier League/Championship/League One/League Two (fees & values are estimates, EUR)",€,Premier League|Championship|League One|League Two,League Two,Walsall FC,,,https://tmssl.akamaized.net//images/wappen/homepageSmall/899.png?lm=1533831627,in,,Tai Sodje,,,,,,,22,CF,Centre-Forward,England,https://tmssl.akamaized.net//images/flagge/tiny/189.png?lm=1520611569,Buxton,,other,,?,,?,,
England,en,2026-08-01 15:48 UTC,"Transfermarkt · England Premier League/Championship/League One/League Two (fees & values are estimates, EUR)",€,Premier League|Championship|League One|League Two,League Two,Walsall FC,,,https://tmssl.akamaized.net//images/wappen/homepageSmall/899.png?lm=1533831627,in,,Jed Ward,,,,,,,23,GK,Goalkeeper,England,https://tmssl.akamaized.net//images/flagge/tiny/189.png?lm=1520611569,Bristol Rovers,,other,,€200k,0.2,?,,
England,en,2026-08-01 15:48 UTC,"Transfermarkt · England Premier League/Championship/League One/League Two (fees & values are estimates, EUR)",€,Premier League|Championship|League One|League Two,League Two,Walsall FC,,,https://tmssl.akamaized.net//images/wappen/homepageSmall/899.png?lm=1533831627,in,,Sven Sprangler,,,,,,,31,CM,Central Midfield,Austria,https://tmssl.akamaized.net//images/flagge/tiny/127.png?lm=1520611569,St. Johnstone,,other,,€100k,0.1,?,,
England,en,2026-08-01 15:48 UTC,"Transfermarkt · England Premier League/Championship/League One/League Two (fees & values are estimates, EUR)",€,Premier League|Championship|League One|League Two,League Two,Walsall FC,,,https://tmssl.akamaized.net//images/wappen/homepageSmall/899.png?lm=1533831627,in,,Ryan Leak,,,,,,,28,CB,Centre-Back,Wales,https://tmssl.akamaized.net//images/flagge/tiny/191.png?lm=1520611569,Without Club,,other,,€125k,0.125,?,,
England,en,2026-08-01 15:48 UTC,"Transfermarkt · England Premier League/Championship/League One/League Two (fees & values are estimates, EUR)",€,Premier League|Championship|League One|League Two,League Two,Walsall FC,,,https://tmssl.akamaized.net//images/wappen/homepageSmall/899.png?lm=1533831627,in,,Isaac Moore,,,,,,,20,CM,Central Midfield,England,https://tmssl.akamaized.net//images/flagge/tiny/189.png?lm=1520611569,Coventry U21,,loan,,?,,Loan,,
England,en,2026-08-01 15:48 UTC,"Transfermarkt · England Premier League/Championship/League One/League Two (fees & values are estimates, EUR)",€,Premier League|Championship|League One|League Two,League Two,Walsall FC,,,https://tmssl.akamaized.net//images/wappen/homepageSmall/899.png?lm=1533831627,in,,Declan Skura,,,,,,,24,CB,Centre-Back,England,https://tmssl.akamaized.net//images/flagge/tiny/189.png?lm=1520611569,Wycombe,,loan,,€75k,0.075,Loan,,
England,en,2026-08-01 15:48 UTC,"Transfermarkt · England Premier League/Championship/League One/League Two (fees & values are estimates, EUR)",€,Premier League|Championship|League One|League Two,League Two,Walsall FC,,,https://tmssl.akamaized.net//images/wappen/homepageSmall/899.png?lm=1533831627,in,,Jago Godden,,,,,,,22,CM,Central Midfield,New Zealand,https://tmssl.akamaized.net//images/flagge/tiny/120.png?lm=1520611569,Drogheda United,,loan-return,,?,,End of loan,,
England,en,2026-08-01 15:48 UTC,"Transfermarkt · England Premier League/Championship/League One/League Two (fees & values are estimates, EUR)",€,Premier League|Championship|League One|League Two,League Two,Walsall FC,,,https://tmssl.akamaized.net//images/wappen/homepageSmall/899.png?lm=1533831627,out,,Jamie Jellis,,,,,,,25,CM,Central Midfield,England,https://tmssl.akamaized.net//images/flagge/tiny/189.png?lm=1520611569,Rotherham,,free,,€175k,0.175,Free,0.0,
England,en,2026-08-01 15:48 UTC,"Transfermarkt · England Premier League/Championship/League One/League Two (fees & values are estimates, EUR)",€,Premier League|Championship|League One|League Two,League Two,Walsall FC,,,https://tmssl.akamaized.net//images/wappen/homepageSmall/899.png?lm=1533831627,out,,Jamille Matt,,,,,,,36,CF,Centre-Forward,Jamaica,https://tmssl.akamaized.net//images/flagge/tiny/76.png?lm=1520611569,Bromsgrove Spo,,free,,€25k,0.025,Free,0.0,
England,en,2026-08-01 15:48 UTC,"Transfermarkt · England Premier League/Championship/League One/League Two (fees & values are estimates, EUR)",€,Premier League|Championship|League One|League Two,League Two,Walsall FC,,,https://tmssl.akamaized.net//images/wappen/homepageSmall/899.png?lm=1533831627,out,,Jake Hollman,,,,,,,24,AM,Attacking Midfield,Australia,https://tmssl.akamaized.net//images/flagge/tiny/12.png?lm=1520611569,Sydney FC,,free,,€150k,0.15,Free,0.0,
England,en,2026-08-01 15:48 UTC,"Transfermarkt · England Premier League/Championship/League One/League Two (fees & values are estimates, EUR)",€,Premier League|Championship|League One|League Two,League Two,Walsall FC,,,https://tmssl.akamaized.net//images/wappen/homepageSmall/899.png?lm=1533831627,out,,Josh Gordon,,,,,,,31,CF,Centre-Forward,England,https://tmssl.akamaized.net//images/flagge/tiny/189.png?lm=1520611569,Exeter City,,free,,€75k,0.075,Free,0.0,
England,en,2026-08-01 15:48 UTC,"Transfermarkt · England Premier League/Championship/League One/League Two (fees & values are estimates, EUR)",€,Premier League|Championship|League One|League Two,League Two,Walsall FC,,,https://tmssl.akamaized.net//images/wappen/homepageSmall/899.png?lm=1533831627,out,,Priestley Farquharson,,,,,,,29,CB,Centre-Back,England,https://tmssl.akamaized.net//images/flagge/tiny/189.png?lm=1520611569,Crawley Town,,free,,€125k,0.125,Free,0.0,
England,en,2026-08-01 15:48 UTC,"Transfermarkt · England Premier League/Championship/League One/League Two (fees & values are estimates, EUR)",€,Premier League|Championship|League One|League Two,League Two,Walsall FC,,,https://tmssl.akamaized.net//images/wappen/homepageSmall/899.png?lm=1533831627,out,,Evan Weir,,,,,,,24,LB,Left-Back,Ireland,https://tmssl.akamaized.net//images/flagge/tiny/72.png?lm=1520611569,Peterborough,,free,,€300k,0.3,Free,0.0,
England,en,2026-08-01 15:48 UTC,"Transfermarkt · England Premier League/Championship/League One/League Two (fees & values are estimates, EUR)",€,Premier League|Championship|League One|League Two,League Two,Walsall FC,,,https://tmssl.akamaized.net//images/wappen/homepageSmall/899.png?lm=1533831627,out,,Brandon Comley,,,,,,,30,DM,Defensive Midfield,Montserrat,https://tmssl.akamaized.net//images/flagge/tiny/235.png?lm=1520611569,Barnet,,free,,€100k,0.1,Free,0.0,
England,en,2026-08-01 15:48 UTC,"Transfermarkt · England Premier League/Championship/League One/League Two (fees & values are estimates, EUR)",€,Premier League|Championship|League One|League Two,League Two,Walsall FC,,,https://tmssl.akamaized.net//images/wappen/homepageSmall/899.png?lm=1533831627,out,,Charlie Lakin,,,,,,,27,CM,Central Midfield,England,https://tmssl.akamaized.net//images/flagge/tiny/189.png?lm=1520611569,Barnet,,free,,€200k,0.2,Free,0.0,
England,en,2026-08-01 15:48 UTC,"Transfermarkt · England Premier League/Championship/League One/League Two (fees & values are estimates, EUR)",€,Premier League|Championship|League One|League Two,League Two,Walsall FC,,,https://tmssl.akamaized.net//images/wappen/homepageSmall/899.png?lm=1533831627,out,,Sam Hornby,,,,,,,31,GK,Goalkeeper,England,https://tmssl.akamaized.net//images/flagge/tiny/189.png?lm=1520611569,Hednesford,,free,,€75k,0.075,Free,0.0,
England,en,2026-08-01 15:48 UTC,"Transfermarkt · England Premier League/Championship/League One/League Two (fees & values are estimates, EUR)",€,Premier League|Championship|League One|League Two,League Two,Walsall FC,,,https://tmssl.akamaized.net//images/wappen/homepageSmall/899.png?lm=1533831627,out,,Connor Barrett,,,,,,,24,RB,Right-Back,England,https://tmssl.akamaized.net//images/flagge/tiny/189.png?lm=1520611569,Wigan,,other,,€400k,0.4,?,,
England,en,2026-08-01 15:48 UTC,"Transfermarkt · England Premier League/Championship/League One/League Two (fees & values are estimates, EUR)",€,Premier League|Championship|League One|League Two,League Two,Walsall FC,,,https://tmssl.akamaized.net//images/wappen/homepageSmall/899.png?lm=1533831627,out,,Dylan Thomas,,,,,,,19,CM,Central Midfield,England,https://tmssl.akamaized.net//images/flagge/tiny/189.png?lm=1520611569,Without Club,,other,,?,,?,,
England,en,2026-08-01 15:48 UTC,"Transfermarkt · England Premier League/Championship/League One/League Two (fees & values are estimates, EUR)",€,Premier League|Championship|League One|League Two,League Two,Walsall FC,,,https://tmssl.akamaized.net//images/wappen/homepageSmall/899.png?lm=1533831627,out,,Alfie Chang,,,,,,,23,DM,Defensive Midfield,England,https://tmssl.akamaized.net//images/flagge/tiny/189.png?lm=1520611569,Without Club,,other,,€150k,0.15,?,,
England,en,2026-08-01 15:48 UTC,"Transfermarkt · England Premier League/Championship/League One/League Two (fees & values are estimates, EUR)",€,Premier League|Championship|League One|League Two,League Two,Walsall FC,,,https://tmssl.akamaized.net//images/wappen/homepageSmall/899.png?lm=1533831627,out,,Aden Flint,,,,,,,36,CB,Centre-Back,England,https://tmssl.akamaized.net//images/flagge/tiny/189.png?lm=1520611569,Without Club,,other,,€25k,0.025,?,,
England,en,2026-08-01 15:48 UTC,"Transfermarkt · England Premier League/Championship/League One/League Two (fees & values are estimates, EUR)",€,Premier League|Championship|League One|League Two,League Two,Walsall FC,,,https://tmssl.akamaized.net//images/wappen/homepageSmall/899.png?lm=1533831627,out,,Isaac Moore,,,,,,,21,CM,Central Midfield,England,https://tmssl.akamaized.net//images/flagge/tiny/189.png?lm=1520611569,Coventry U21,,loan-return,,?,,End of loan,,
England,en,2026-08-01 15:48 UTC,"Transfermarkt · England Premier League/Championship/League One/League Two (fees & values are estimates, EUR)",€,Premier League|Championship|League One|League Two,League Two,Walsall FC,,,https://tmssl.akamaized.net//images/wappen/homepageSmall/899.png?lm=1533831627,out,,Kacper Łopata,,,,,,,24,CB,Centre-Back,Poland,https://tmssl.akamaized.net//images/flagge/tiny/135.png?lm=1520611569,Barnsley,,loan-return,,€250k,0.25,End of loan,,
England,en,2026-08-01 15:48 UTC,"Transfermarkt · England Premier League/Championship/League One/League Two (fees & values are estimates, EUR)",€,Premier League|Championship|League One|League Two,League Two,Walsall FC,,,https://tmssl.akamaized.net//images/wappen/homepageSmall/899.png?lm=1533831627,out,,Declan Skura,,,,,,,25,CB,Centre-Back,England,https://tmssl.akamaized.net//images/flagge/tiny/189.png?lm=1520611569,Wycombe,,loan-return,,€75k,0.075,End of loan,,
England,en,2026-08-01 15:48 UTC,"Transfermarkt · England Premier League/Championship/League One/League Two (fees & values are estimates, EUR)",€,Premier League|Championship|League One|League Two,League Two,Walsall FC,,,https://tmssl.akamaized.net//images/wappen/homepageSmall/899.png?lm=1533831627,out,,Myles Roberts,,,,,,,24,GK,Goalkeeper,England,https://tmssl.akamaized.net//images/flagge/tiny/189.png?lm=1520611569,Watford,,loan-return,,€325k,0.325,End of loan,,
England,en,2026-08-01 15:48 UTC,"Transfermarkt · England Premier League/Championship/League One/League Two (fees & values are estimates, EUR)",€,Premier League|Championship|League One|League Two,League Two,York City,,,https://tmssl.akamaized.net//images/wappen/homepageSmall/1252.png?lm=1411464390,in,,Mark Shelton,,,,,,,29,CM,Central Midfield,England,https://tmssl.akamaized.net//images/flagge/tiny/189.png?lm=1520611569,Barnet,,free,,€150k,0.15,Free,0.0,
England,en,2026-08-01 15:48 UTC,"Transfermarkt · England Premier League/Championship/League One/League Two (fees & values are estimates, EUR)",€,Premier League|Championship|League One|League Two,League Two,York City,,,https://tmssl.akamaized.net//images/wappen/homepageSmall/1252.png?lm=1411464390,in,,Jack Hunt,,,,,,,35,RB,Right-Back,England,https://tmssl.akamaized.net//images/flagge/tiny/189.png?lm=1520611569,Wigan,,free,,€50k,0.05,Free,0.0,
England,en,2026-08-01 15:48 UTC,"Transfermarkt · England Premier League/Championship/League One/League Two (fees & values are estimates, EUR)",€,Premier League|Championship|League One|League Two,League Two,York City,,,https://tmssl.akamaized.net//images/wappen/homepageSmall/1252.png?lm=1411464390,in,,Zech Medley,,,,,,,25,CB,Centre-Back,England,https://tmssl.akamaized.net//images/flagge/tiny/189.png?lm=1520611569,Fleetwood,,free,,€325k,0.325,Free,0.0,
England,en,2026-08-01 15:48 UTC,"Transfermarkt · England Premier League/Championship/League One/League Two (fees & values are estimates, EUR)",€,Premier League|Championship|League One|League Two,League Two,York City,,,https://tmssl.akamaized.net//images/wappen/homepageSmall/1252.png?lm=1411464390,in,,Arthur Read,,,,,,,26,CM,Central Midfield,England,https://tmssl.akamaized.net//images/flagge/tiny/189.png?lm=1520611569,Colchester Utd.,,free,,€350k,0.35,Free,0.0,
England,en,2026-08-01 15:48 UTC,"Transfermarkt · England Premier League/Championship/League One/League Two (fees & values are estimates, EUR)",€,Premier League|Championship|League One|League Two,League Two,York City,,,https://tmssl.akamaized.net//images/wappen/homepageSmall/1252.png?lm=1411464390,in,,Charlie McArthur,,,,,,,21,CB,Centre-Back,Scotland,https://tmssl.akamaized.net//images/flagge/tiny/190.png?lm=1520611569,Newcastle U21,,free,,€100k,0.1,Free,0.0,
England,en,2026-08-01 15:48 UTC,"Transfermarkt · England Premier League/Championship/League One/League Two (fees & values are estimates, EUR)",€,Premier League|Championship|League One|League Two,League Two,York City,,,https://tmssl.akamaized.net//images/wappen/homepageSmall/1252.png?lm=1411464390,in,,Frankie Maguire,,,,,,,22,AM,Attacking Midfield,England,https://tmssl.akamaized.net//images/flagge/tiny/189.png?lm=1520611569,Boston Utd,,free,,?,,Free,0.0,
England,en,2026-08-01 15:48 UTC,"Transfermarkt · England Premier League/Championship/League One/League Two (fees & values are estimates, EUR)",€,Premier League|Championship|League One|League Two,League Two,York City,,,https://tmssl.akamaized.net//images/wappen/homepageSmall/1252.png?lm=1411464390,in,,Dipo Akinyemi,,,,,,,29,CF,Centre-Forward,England,https://tmssl.akamaized.net//images/flagge/tiny/189.png?lm=1520611569,Derry City,,other,,€175k,0.175,?,,
England,en,2026-08-01 15:48 UTC,"Transfermarkt · England Premier League/Championship/League One/League Two (fees & values are estimates, EUR)",€,Premier League|Championship|League One|League Two,League Two,York City,,,https://tmssl.akamaized.net//images/wappen/homepageSmall/1252.png?lm=1411464390,in,,Zak Johnson,,,,,,,21,CB,Centre-Back,England,https://tmssl.akamaized.net//images/flagge/tiny/189.png?lm=1520611569,Sunderland U21,,other,,€75k,0.075,?,,
England,en,2026-08-01 15:48 UTC,"Transfermarkt · England Premier League/Championship/League One/League Two (fees & values are estimates, EUR)",€,Premier League|Championship|League One|League Two,League Two,York City,,,https://tmssl.akamaized.net//images/wappen/homepageSmall/1252.png?lm=1411464390,in,,Ethan Stiver,,,,,,,18,Midfielder,Midfielder,England,https://tmssl.akamaized.net//images/flagge/tiny/189.png?lm=1520611569,York City U19,,promotion,,?,,Promotion,,
England,en,2026-08-01 15:48 UTC,"Transfermarkt · England Premier League/Championship/League One/League Two (fees & values are estimates, EUR)",€,Premier League|Championship|League One|League Two,League Two,York City,,,https://tmssl.akamaized.net//images/wappen/homepageSmall/1252.png?lm=1411464390,in,,Ben Farrar,,,,,,,17,CF,Centre-Forward,England,https://tmssl.akamaized.net//images/flagge/tiny/189.png?lm=1520611569,York City U19,,promotion,,?,,Promotion,,
England,en,2026-08-01 15:48 UTC,"Transfermarkt · England Premier League/Championship/League One/League Two (fees & values are estimates, EUR)",€,Premier League|Championship|League One|League Two,League Two,York City,,,https://tmssl.akamaized.net//images/wappen/homepageSmall/1252.png?lm=1411464390,in,,Alfie McNally,,,,,,,21,GK,Goalkeeper,England,https://tmssl.akamaized.net//images/flagge/tiny/189.png?lm=1520611569,Fulham U21,,loan,,?,,Loan,,
England,en,2026-08-01 15:48 UTC,"Transfermarkt · England Premier League/Championship/League One/League Two (fees & values are estimates, EUR)",€,Premier League|Championship|League One|League Two,League Two,York City,,,https://tmssl.akamaized.net//images/wappen/homepageSmall/1252.png?lm=1411464390,out,,Malachi Fagan-Walcott,,,,,,,24,CB,Centre-Back,England,https://tmssl.akamaized.net//images/flagge/tiny/189.png?lm=1520611569,Heart of Midl.,,transfer,,?,,€1.15m,1.15,
England,en,2026-08-01 15:48 UTC,"Transfermarkt · England Premier League/Championship/League One/League Two (fees & values are estimates, EUR)",€,Premier League|Championship|League One|League Two,League Two,York City,,,https://tmssl.akamaized.net//images/wappen/homepageSmall/1252.png?lm=1411464390,out,,Harrison Male,,,,,,,25,GK,Goalkeeper,England,https://tmssl.akamaized.net//images/flagge/tiny/189.png?lm=1520611569,Tranmere,,free,,?,,Free,0.0,
England,en,2026-08-01 15:48 UTC,"Transfermarkt · England Premier League/Championship/League One/League Two (fees & values are estimates, EUR)",€,Premier League|Championship|League One|League Two,League Two,York City,,,https://tmssl.akamaized.net//images/wappen/homepageSmall/1252.png?lm=1411464390,out,,Mo Fadera,,,,,,,21,LW,Left Winger,The Gambia,https://tmssl.akamaized.net//images/flagge/tiny/52.png?lm=1520611569,Scarborough,,free,,?,,Free,0.0,
England,en,2026-08-01 15:48 UTC,"Transfermarkt · England Premier League/Championship/League One/League Two (fees & values are estimates, EUR)",€,Premier League|Championship|League One|League Two,League Two,York City,,,https://tmssl.akamaized.net//images/wappen/homepageSmall/1252.png?lm=1411464390,out,,Ashley Nathaniel-George,,,,,,,31,LW,Left Winger,Antigua and Barbuda,https://tmssl.akamaized.net//images/flagge/tiny/7.png?lm=1520611569,Worthing,,free,,?,,Free,0.0,
England,en,2026-08-01 15:48 UTC,"Transfermarkt · England Premier League/Championship/League One/League Two (fees & values are estimates, EUR)",€,Premier League|Championship|League One|League Two,League Two,York City,,,https://tmssl.akamaized.net//images/wappen/homepageSmall/1252.png?lm=1411464390,out,,Rory Watson,,,,,,,30,GK,Goalkeeper,England,https://tmssl.akamaized.net//images/flagge/tiny/189.png?lm=1520611569,Harrogate Town,,free,,?,,Free,0.0,
England,en,2026-08-01 15:48 UTC,"Transfermarkt · England Premier League/Championship/League One/League Two (fees & values are estimates, EUR)",€,Premier League|Championship|League One|League Two,League Two,York City,,,https://tmssl.akamaized.net//images/wappen/homepageSmall/1252.png?lm=1411464390,out,,Callum Howe,,,,,,,32,CB,Centre-Back,England,https://tmssl.akamaized.net//images/flagge/tiny/189.png?lm=1520611569,Scunthorpe Utd.,,free,,?,,Free,0.0,
England,en,2026-08-01 15:48 UTC,"Transfermarkt · England Premier League/Championship/League One/League Two (fees & values are estimates, EUR)",€,Premier League|Championship|League One|League Two,League Two,York City,,,https://tmssl.akamaized.net//images/wappen/homepageSmall/1252.png?lm=1411464390,out,,Paddy McLaughlin,,,,,,,35,CM,Central Midfield,Northern Ireland,https://tmssl.akamaized.net//images/flagge/tiny/192.png?lm=1520611569,Darlington,,free,,?,,Free,0.0,
England,en,2026-08-01 15:48 UTC,"Transfermarkt · England Premier League/Championship/League One/League Two (fees & values are estimates, EUR)",€,Premier League|Championship|League One|League Two,League Two,York City,,,https://tmssl.akamaized.net//images/wappen/homepageSmall/1252.png?lm=1411464390,out,,Ricky Aguiar,,,,,,,25,CM,Central Midfield,England,https://tmssl.akamaized.net//images/flagge/tiny/189.png?lm=1520611569,Worthing,,free,,?,,Free,0.0,
England,en,2026-08-01 15:48 UTC,"Transfermarkt · England Premier League/Championship/League One/League Two (fees & values are estimates, EUR)",€,Premier League|Championship|League One|League Two,League Two,York City,,,https://tmssl.akamaized.net//images/wappen/homepageSmall/1252.png?lm=1411464390,out,,Leone Gravata,,,,,,,25,LW,Left Winger,England,https://tmssl.akamaized.net//images/flagge/tiny/189.png?lm=1520611569,Maidstone,,free,,?,,Free,0.0,
England,en,2026-08-01 15:48 UTC,"Transfermarkt · England Premier League/Championship/League One/League Two (fees & values are estimates, EUR)",€,Premier League|Championship|League One|League Two,League Two,York City,,,https://tmssl.akamaized.net//images/wappen/homepageSmall/1252.png?lm=1411464390,out,,Tyler Cordner,,,,,,,27,CB,Centre-Back,England,https://tmssl.akamaized.net//images/flagge/tiny/189.png?lm=1520611569,Totton,,free,,?,,Free,0.0,
England,en,2026-08-01 15:48 UTC,"Transfermarkt · England Premier League/Championship/League One/League Two (fees & values are estimates, EUR)",€,Premier League|Championship|League One|League Two,League Two,York City,,,https://tmssl.akamaized.net//images/wappen/homepageSmall/1252.png?lm=1411464390,out,,Darragh O'Connor,,,,,,,26,CB,Centre-Back,Ireland,https://tmssl.akamaized.net//images/flagge/tiny/72.png?lm=1520611569,East Kilbride,,free,,€50k,0.05,Free,0.0,
England,en,2026-08-01 15:48 UTC,"Transfermarkt · England Premier League/Championship/League One/League Two (fees & values are estimates, EUR)",€,Premier League|Championship|League One|League Two,League Two,York City,,,https://tmssl.akamaized.net//images/wappen/homepageSmall/1252.png?lm=1411464390,out,,Cameron John,,,,,,,26,LB,Left-Back,England,https://tmssl.akamaized.net//images/flagge/tiny/189.png?lm=1520611569,Hartlepool,,free,,?,,Free,0.0,
England,en,2026-08-01 15:48 UTC,"Transfermarkt · England Premier League/Championship/League One/League Two (fees & values are estimates, EUR)",€,Premier League|Championship|League One|League Two,League Two,York City,,,https://tmssl.akamaized.net//images/wappen/homepageSmall/1252.png?lm=1411464390,out,,Tyrese Sinclair,,,,,,,25,RW,Right Winger,England,https://tmssl.akamaized.net//images/flagge/tiny/189.png?lm=1520611569,Livingston FC,,free,,?,,Free,0.0,
England,en,2026-08-01 15:48 UTC,"Transfermarkt · England Premier League/Championship/League One/League Two (fees & values are estimates, EUR)",€,Premier League|Championship|League One|League Two,League Two,York City,,,https://tmssl.akamaized.net//images/wappen/homepageSmall/1252.png?lm=1411464390,out,,Daniel Batty,,,,,,,28,CM,Central Midfield,England,https://tmssl.akamaized.net//images/flagge/tiny/189.png?lm=1520611569,Without Club,,other,,?,,?,,
England,en,2026-08-01 15:48 UTC,"Transfermarkt · England Premier League/Championship/League One/League Two (fees & values are estimates, EUR)",€,Premier League|Championship|League One|League Two,League Two,York City,,,https://tmssl.akamaized.net//images/wappen/homepageSmall/1252.png?lm=1411464390,out,,Alfie McNally,,,,,,,22,GK,Goalkeeper,England,https://tmssl.akamaized.net//images/flagge/tiny/189.png?lm=1520611569,Fulham U21,,loan-return,,?,,End of loan,,
England,en,2026-08-01 15:48 UTC,"Transfermarkt · England Premier League/Championship/League One/League Two (fees & values are estimates, EUR)",€,Premier League|Championship|League One|League Two,League Two,York City,,,https://tmssl.akamaized.net//images/wappen/homepageSmall/1252.png?lm=1411464390,out,,Zak Johnson,,,,,,,21,CB,Centre-Back,England,https://tmssl.akamaized.net//images/flagge/tiny/189.png?lm=1520611569,Sunderland U21,,loan-return,,€75k,0.075,End of loan,,
