country,lang,generatedAt,source,currency,divisions,league,club,clubEnglish,clubKey,clubLogo,direction,date,player,roman,playerId,transferId,dqdId,dqdNationality,nameSource,age,pos,position,nationality,nationalityFlag,otherClub,transferType,type,ftype,marketValue,marketValueNum,fee,feeValue,matched,rowMuted
Japan,ja,2026-08-05 11:41 UTC,J.LEAGUE 公式 (jleague.jp) · 移籍情報 2026/27,€,J1|J2|J3,J1,鹿島アントラーズ,,kashima,https://www.jleague.jp/image/clubs/kashima.svg,in,2026-07-20,広瀬 陸斗,,1400080,,,,,,DF,DF,,,ヴィッセル神戸,新加入,transfer,,,,,,false,
Japan,ja,2026-08-05 11:41 UTC,J.LEAGUE 公式 (jleague.jp) · 移籍情報 2026/27,€,J1|J2|J3,J1,鹿島アントラーズ,,kashima,https://www.jleague.jp/image/clubs/kashima.svg,in,2026-07-20,ヤン マテウス,,,,,,,,FW,FW,,,カタールSC (カタール),新加入,transfer,,,,,,false,
Japan,ja,2026-08-05 11:41 UTC,J.LEAGUE 公式 (jleague.jp) · 移籍情報 2026/27,€,J1|J2|J3,J1,鹿島アントラーズ,,kashima,https://www.jleague.jp/image/clubs/kashima.svg,in,2026-06-19,マテウス ブエノ,,1650728,,,,,,MF,MF,,,清水エスパルス,新加入,transfer,,,,,,false,
Japan,ja,2026-08-05 11:41 UTC,J.LEAGUE 公式 (jleague.jp) · 移籍情報 2026/27,€,J1|J2|J3,J1,水戸ホーリーホック,,mito,https://www.jleague.jp/image/clubs/mito.svg,in,2026-07-12,河面 旺成,,1603777,,,,,,DF,DF,,,名古屋グランパス,期限付き,loan,,,,,,false,
Japan,ja,2026-08-05 11:41 UTC,J.LEAGUE 公式 (jleague.jp) · 移籍情報 2026/27,€,J1|J2|J3,J1,水戸ホーリーホック,,mito,https://www.jleague.jp/image/clubs/mito.svg,in,2026-07-01,田村 遊吏,,1657455,,,,,,DF,DF,,,桃山学院大学,新加入,transfer,,,,,,false,
Japan,ja,2026-08-05 11:41 UTC,J.LEAGUE 公式 (jleague.jp) · 移籍情報 2026/27,€,J1|J2|J3,J1,水戸ホーリーホック,,mito,https://www.jleague.jp/image/clubs/mito.svg,in,2026-06-28,ヤクブ スウォビィク,,1627462,,,,,,GK,GK,,,横浜FC,期限付き,loan,,,,,,false,
Japan,ja,2026-08-05 11:41 UTC,J.LEAGUE 公式 (jleague.jp) · 移籍情報 2026/27,€,J1|J2|J3,J1,水戸ホーリーホック,,mito,https://www.jleague.jp/image/clubs/mito.svg,in,2026-06-28,家泉 怜依,,1633171,,,,,,DF,DF,,,北海道コンサドーレ札幌,新加入,transfer,,,,,,false,
Japan,ja,2026-08-05 11:41 UTC,J.LEAGUE 公式 (jleague.jp) · 移籍情報 2026/27,€,J1|J2|J3,J1,水戸ホーリーホック,,mito,https://www.jleague.jp/image/clubs/mito.svg,in,2026-06-26,仙波 大志,,1605464,,,,,,MF,MF,,,サンフレッチェ広島,完全移籍,transfer,,,,,,false,
Japan,ja,2026-08-05 11:41 UTC,J.LEAGUE 公式 (jleague.jp) · 移籍情報 2026/27,€,J1|J2|J3,J1,水戸ホーリーホック,,mito,https://www.jleague.jp/image/clubs/mito.svg,in,2026-06-26,西原 源樹,,1646181,,,,,,MF,MF,,,清水エスパルス,期限付き,loan,,,,,,false,
Japan,ja,2026-08-05 11:41 UTC,J.LEAGUE 公式 (jleague.jp) · 移籍情報 2026/27,€,J1|J2|J3,J1,水戸ホーリーホック,,mito,https://www.jleague.jp/image/clubs/mito.svg,in,2026-06-23,岩﨑 博,,1639761,,,,,,DF,DF,,,栃木SC,新加入,transfer,,,,,,false,
Japan,ja,2026-08-05 11:41 UTC,J.LEAGUE 公式 (jleague.jp) · 移籍情報 2026/27,€,J1|J2|J3,J1,水戸ホーリーホック,,mito,https://www.jleague.jp/image/clubs/mito.svg,in,2026-06-19,内野 航太郎,,1639096,,,,,,FW,FW,,,ブレンビーIF (デンマーク),期限付き,loan,,,,,,false,
Japan,ja,2026-08-05 11:41 UTC,J.LEAGUE 公式 (jleague.jp) · 移籍情報 2026/27,€,J1|J2|J3,J1,水戸ホーリーホック,,mito,https://www.jleague.jp/image/clubs/mito.svg,in,2026-06-18,舩橋 佑,,1631701,,,,,,MF,MF,,,鹿島アントラーズ,期限付き,loan,,,,,,false,
Japan,ja,2026-08-05 11:41 UTC,J.LEAGUE 公式 (jleague.jp) · 移籍情報 2026/27,€,J1|J2|J3,J1,水戸ホーリーホック,,mito,https://www.jleague.jp/image/clubs/mito.svg,in,2026-06-16,木本 恭生,,1400642,,,,,,DF,DF,,,FC東京,新加入,transfer,,,,,,false,
Japan,ja,2026-08-05 11:41 UTC,J.LEAGUE 公式 (jleague.jp) · 移籍情報 2026/27,€,J1|J2|J3,J1,浦和レッズ,,urawa,https://www.jleague.jp/image/clubs/urawa.svg,in,2026-07-01,林 幸多郎,,1635337,,,,,,DF,DF,,,FC町田ゼルビア,新加入,transfer,,,,,,false,
Japan,ja,2026-08-05 11:41 UTC,J.LEAGUE 公式 (jleague.jp) · 移籍情報 2026/27,€,J1|J2|J3,J1,浦和レッズ,,urawa,https://www.jleague.jp/image/clubs/urawa.svg,in,2026-06-30,南野 遥海,,1636782,,,,,,FW,FW,,,ガンバ大阪,新加入,transfer,,,,,,false,
Japan,ja,2026-08-05 11:41 UTC,J.LEAGUE 公式 (jleague.jp) · 移籍情報 2026/27,€,J1|J2|J3,J1,浦和レッズ,,urawa,https://www.jleague.jp/image/clubs/urawa.svg,in,2026-06-27,福井 光輝,,1609243,,,,,,GK,GK,,,セレッソ大阪,新加入,transfer,,,,,,false,
Japan,ja,2026-08-05 11:41 UTC,J.LEAGUE 公式 (jleague.jp) · 移籍情報 2026/27,€,J1|J2|J3,J1,浦和レッズ,,urawa,https://www.jleague.jp/image/clubs/urawa.svg,in,2026-06-26,堀内 陽太,,1640478,,,,,,MF,MF,,,FC琉球,復帰,loan-return,,,,,,false,
Japan,ja,2026-08-05 11:41 UTC,J.LEAGUE 公式 (jleague.jp) · 移籍情報 2026/27,€,J1|J2|J3,J1,浦和レッズ,,urawa,https://www.jleague.jp/image/clubs/urawa.svg,in,2026-06-25,工藤 孝太,,1632431,,,,,,DF,DF,,,ファジアーノ岡山,復帰,loan-return,,,,,,false,
Japan,ja,2026-08-05 11:41 UTC,J.LEAGUE 公式 (jleague.jp) · 移籍情報 2026/27,€,J1|J2|J3,J1,浦和レッズ,,urawa,https://www.jleague.jp/image/clubs/urawa.svg,in,2026-06-23,新井 栄聡,,1613204,,,,,,GK,GK,,,FC町田ゼルビア,新加入,transfer,,,,,,false,
Japan,ja,2026-08-05 11:41 UTC,J.LEAGUE 公式 (jleague.jp) · 移籍情報 2026/27,€,J1|J2|J3,J1,浦和レッズ,,urawa,https://www.jleague.jp/image/clubs/urawa.svg,in,2026-06-22,水沼 宏太,,700805,,,,,,MF,MF,,,ニューカッスル・ユナイテッド・ジェッツFC (オーストラリア),新加入,transfer,,,,,,false,
Japan,ja,2026-08-05 11:41 UTC,J.LEAGUE 公式 (jleague.jp) · 移籍情報 2026/27,€,J1|J2|J3,J1,浦和レッズ,,urawa,https://www.jleague.jp/image/clubs/urawa.svg,in,2026-06-19,笹 修大,,1650534,,,,,,MF,MF,,,FC今治,新加入,transfer,,,,,,false,
Japan,ja,2026-08-05 11:41 UTC,J.LEAGUE 公式 (jleague.jp) · 移籍情報 2026/27,€,J1|J2|J3,J1,ジェフユナイテッド千葉,,chiba,https://www.jleague.jp/image/clubs/chiba.svg,in,2026-07-31,飯田 貴敬,,1603283,,,,,,DF,DF,,,水戸ホーリーホック,新加入,transfer,,,,,,false,
Japan,ja,2026-08-05 11:41 UTC,J.LEAGUE 公式 (jleague.jp) · 移籍情報 2026/27,€,J1|J2|J3,J1,ジェフユナイテッド千葉,,chiba,https://www.jleague.jp/image/clubs/chiba.svg,in,2026-07-28,マテウス インディオ,,,,,,,,MF,MF,,,アトレチコ・ゴイアニエンセ (ブラジル),新加入,transfer,,,,,,false,
Japan,ja,2026-08-05 11:41 UTC,J.LEAGUE 公式 (jleague.jp) · 移籍情報 2026/27,€,J1|J2|J3,J1,ジェフユナイテッド千葉,,chiba,https://www.jleague.jp/image/clubs/chiba.svg,in,2026-07-20,矢村 健,,1619726,,,,,,FW,FW,,,藤枝MYFC,新加入,transfer,,,,,,false,
Japan,ja,2026-08-05 11:41 UTC,J.LEAGUE 公式 (jleague.jp) · 移籍情報 2026/27,€,J1|J2|J3,J1,ジェフユナイテッド千葉,,chiba,https://www.jleague.jp/image/clubs/chiba.svg,in,2026-07-04,ホシャ,,1657561,,,,,,FW,FW,,,ラコフ・チェンストホヴァ (ポーランド),新加入,transfer,,,,,,false,
Japan,ja,2026-08-05 11:41 UTC,J.LEAGUE 公式 (jleague.jp) · 移籍情報 2026/27,€,J1|J2|J3,J1,ジェフユナイテッド千葉,,chiba,https://www.jleague.jp/image/clubs/chiba.svg,in,2026-06-26,ダニエル ホール,,1657490,,,,,,DF,DF,,,オークランドFC (ニュージーランド),新加入,transfer,,,,,,false,
Japan,ja,2026-08-05 11:41 UTC,J.LEAGUE 公式 (jleague.jp) · 移籍情報 2026/27,€,J1|J2|J3,J1,ジェフユナイテッド千葉,,chiba,https://www.jleague.jp/image/clubs/chiba.svg,in,2026-06-25,岡本 享也,,1618091,,,,,,GK,GK,,,テゲバジャーロ宮崎,復帰,loan-return,,,,,,false,
Japan,ja,2026-08-05 11:41 UTC,J.LEAGUE 公式 (jleague.jp) · 移籍情報 2026/27,€,J1|J2|J3,J1,ジェフユナイテッド千葉,,chiba,https://www.jleague.jp/image/clubs/chiba.svg,in,2026-06-24,エリソン,,1645985,,,,,,FW,FW,,,川崎フロンターレ,新加入,transfer,,,,,,false,
Japan,ja,2026-08-05 11:41 UTC,J.LEAGUE 公式 (jleague.jp) · 移籍情報 2026/27,€,J1|J2|J3,J1,柏レイソル,,kashiwa,https://www.jleague.jp/image/clubs/kashiwa.svg,in,2026-06-30,遠藤 渓太,,1600177,,,,,,MF,MF,,,FC東京,新加入,transfer,,,,,,false,
Japan,ja,2026-08-05 11:41 UTC,J.LEAGUE 公式 (jleague.jp) · 移籍情報 2026/27,€,J1|J2|J3,J1,柏レイソル,,kashiwa,https://www.jleague.jp/image/clubs/kashiwa.svg,in,2026-06-28,満田 誠,,1605463,,,,,,MF,MF,,,ガンバ大阪,期限付き,loan,,,,,,false,
Japan,ja,2026-08-05 11:41 UTC,J.LEAGUE 公式 (jleague.jp) · 移籍情報 2026/27,€,J1|J2|J3,J1,柏レイソル,,kashiwa,https://www.jleague.jp/image/clubs/kashiwa.svg,in,2026-06-26,麻田 将吾,,1603180,,,,,,DF,DF,,,京都サンガF.C.,新加入,transfer,,,,,,false,
Japan,ja,2026-08-05 11:41 UTC,J.LEAGUE 公式 (jleague.jp) · 移籍情報 2026/27,€,J1|J2|J3,J1,柏レイソル,,kashiwa,https://www.jleague.jp/image/clubs/kashiwa.svg,in,2026-06-25,若原 智哉,,1601841,,,,,,GK,GK,,,ジェフユナイテッド千葉,新加入,transfer,,,,,,false,
Japan,ja,2026-08-05 11:41 UTC,J.LEAGUE 公式 (jleague.jp) · 移籍情報 2026/27,€,J1|J2|J3,J1,柏レイソル,,kashiwa,https://www.jleague.jp/image/clubs/kashiwa.svg,in,2026-06-23,弓場 堅真,,1635506,,,,,,MF,MF,,,サガン鳥栖,新加入,transfer,,,,,,false,
Japan,ja,2026-08-05 11:41 UTC,J.LEAGUE 公式 (jleague.jp) · 移籍情報 2026/27,€,J1|J2|J3,J1,FC東京,,ftokyo,https://www.jleague.jp/image/clubs/fc-tokyo.svg,in,2026-08-04,安斎 颯馬,,,,,,,,MF,MF,,,ＦＣペナフィエル (ポルトガル),復帰,loan-return,,,,,,false,
Japan,ja,2026-08-05 11:41 UTC,J.LEAGUE 公式 (jleague.jp) · 移籍情報 2026/27,€,J1|J2|J3,J1,FC東京,,ftokyo,https://www.jleague.jp/image/clubs/fc-tokyo.svg,in,2026-07-17,ニコライ ヴァリス,,1657562,,,,,,MF,MF,,,ブレンビーIF (デンマーク),新加入,transfer,,,,,,false,
Japan,ja,2026-08-05 11:41 UTC,J.LEAGUE 公式 (jleague.jp) · 移籍情報 2026/27,€,J1|J2|J3,J1,FC東京,,ftokyo,https://www.jleague.jp/image/clubs/fc-tokyo.svg,in,2026-07-15,渡邊 麻舟,,1646459,,,,,,GK,GK,,,ＦＣ東京Ｕ－１８,新加入,transfer,,,,,,false,
Japan,ja,2026-08-05 11:41 UTC,J.LEAGUE 公式 (jleague.jp) · 移籍情報 2026/27,€,J1|J2|J3,J1,FC東京,,ftokyo,https://www.jleague.jp/image/clubs/fc-tokyo.svg,in,2026-07-15,新堀 恵太,,1646458,,,,,,GK,GK,,,ＦＣ東京Ｕ－１８,新加入,transfer,,,,,,false,
Japan,ja,2026-08-05 11:41 UTC,J.LEAGUE 公式 (jleague.jp) · 移籍情報 2026/27,€,J1|J2|J3,J1,FC東京,,ftokyo,https://www.jleague.jp/image/clubs/fc-tokyo.svg,in,2026-06-30,石原 広教,,1603257,,,,,,DF,DF,,,浦和レッズ,新加入,transfer,,,,,,false,
Japan,ja,2026-08-05 11:41 UTC,J.LEAGUE 公式 (jleague.jp) · 移籍情報 2026/27,€,J1|J2|J3,J1,FC東京,,ftokyo,https://www.jleague.jp/image/clubs/fc-tokyo.svg,in,2026-06-30,本間 至恩,,1610939,,,,,,MF,MF,,,浦和レッズ,新加入,transfer,,,,,,false,
Japan,ja,2026-08-05 11:41 UTC,J.LEAGUE 公式 (jleague.jp) · 移籍情報 2026/27,€,J1|J2|J3,J1,FC東京,,ftokyo,https://www.jleague.jp/image/clubs/fc-tokyo.svg,in,2026-06-27,永野 修都,,1642030,,,,,,DF,DF,,,藤枝MYFC,復帰,loan-return,,,,,,false,
Japan,ja,2026-08-05 11:41 UTC,J.LEAGUE 公式 (jleague.jp) · 移籍情報 2026/27,€,J1|J2|J3,J1,東京ヴェルディ,,tokyov,https://www.jleague.jp/image/clubs/tokyo-v.svg,in,2026-07-23,柴戸 海,,1617891,,,,,,MF,MF,,,浦和レッズ,新加入,transfer,,,,,,false,
Japan,ja,2026-08-05 11:41 UTC,J.LEAGUE 公式 (jleague.jp) · 移籍情報 2026/27,€,J1|J2|J3,J1,東京ヴェルディ,,tokyov,https://www.jleague.jp/image/clubs/tokyo-v.svg,in,2026-07-05,食野 壮磨,,1624845,,,,,,MF,MF,,,栃木SC,復帰,loan-return,,,,,,false,
Japan,ja,2026-08-05 11:41 UTC,J.LEAGUE 公式 (jleague.jp) · 移籍情報 2026/27,€,J1|J2|J3,J1,東京ヴェルディ,,tokyov,https://www.jleague.jp/image/clubs/tokyo-v.svg,in,2026-07-01,キム ヒョンウ,,1645863,,,,,,FW,FW,,,大分トリニータ,新加入,transfer,,,,,,false,
Japan,ja,2026-08-05 11:41 UTC,J.LEAGUE 公式 (jleague.jp) · 移籍情報 2026/27,€,J1|J2|J3,J1,東京ヴェルディ,,tokyov,https://www.jleague.jp/image/clubs/tokyo-v.svg,in,2026-06-29,神田 奏真,,1646000,,,,,,FW,FW,,,川崎フロンターレ,期限付き,loan,,,,,,false,
Japan,ja,2026-08-05 11:41 UTC,J.LEAGUE 公式 (jleague.jp) · 移籍情報 2026/27,€,J1|J2|J3,J1,東京ヴェルディ,,tokyov,https://www.jleague.jp/image/clubs/tokyo-v.svg,in,2026-06-18,溝口 修平,,1636235,,,,,,DF,DF,,,鹿島アントラーズ,期限付き,loan,,,,,,false,
Japan,ja,2026-08-05 11:41 UTC,J.LEAGUE 公式 (jleague.jp) · 移籍情報 2026/27,€,J1|J2|J3,J1,FC町田ゼルビア,,machida,https://www.jleague.jp/image/clubs/machida.svg,in,2026-07-14,テテ イェンギ,,1656011,,,,,,FW,FW,,,リヴィングストンFC (スコットランド),完全移籍,transfer,,,,,,false,
Japan,ja,2026-08-05 11:41 UTC,J.LEAGUE 公式 (jleague.jp) · 移籍情報 2026/27,€,J1|J2|J3,J1,FC町田ゼルビア,,machida,https://www.jleague.jp/image/clubs/machida.svg,in,2026-07-09,明本 考浩,,1629442,,,,,,MF,MF,,,OHルーヴェン (ベルギー),新加入,transfer,,,,,,false,
Japan,ja,2026-08-05 11:41 UTC,J.LEAGUE 公式 (jleague.jp) · 移籍情報 2026/27,€,J1|J2|J3,J1,FC町田ゼルビア,,machida,https://www.jleague.jp/image/clubs/machida.svg,in,2026-07-03,松尾 佑介,,1626167,,,,,,MF,MF,,,浦和レッズ,新加入,transfer,,,,,,false,
Japan,ja,2026-08-05 11:41 UTC,J.LEAGUE 公式 (jleague.jp) · 移籍情報 2026/27,€,J1|J2|J3,J1,FC町田ゼルビア,,machida,https://www.jleague.jp/image/clubs/machida.svg,in,2026-07-03,ミッチェル デューク,,1300318,,,,,,FW,FW,,,マッカーサーFC (オーストラリア),新加入,transfer,,,,,,false,
Japan,ja,2026-08-05 11:41 UTC,J.LEAGUE 公式 (jleague.jp) · 移籍情報 2026/27,€,J1|J2|J3,J1,FC町田ゼルビア,,machida,https://www.jleague.jp/image/clubs/machida.svg,in,2026-07-02,ニコラス,,1643521,,,,,,GK,GK,,,市川サッカークラブ,新加入,transfer,,,,,,false,
Japan,ja,2026-08-05 11:41 UTC,J.LEAGUE 公式 (jleague.jp) · 移籍情報 2026/27,€,J1|J2|J3,J1,FC町田ゼルビア,,machida,https://www.jleague.jp/image/clubs/machida.svg,in,2026-06-07,アキ コッホ コバヤシ,,1657457,,,,,,GK,GK,,,Karlsruhe SC (ドイツ),新加入,transfer,,,,,,false,
Japan,ja,2026-08-05 11:41 UTC,J.LEAGUE 公式 (jleague.jp) · 移籍情報 2026/27,€,J1|J2|J3,J1,川崎フロンターレ,,kawasakif,https://www.jleague.jp/image/clubs/kawasaki.svg,in,2026-07-28,デリキ ラセルダ,,,,,,,,FW,FW,,,クイアバEC (ブラジル),新加入,transfer,,,,,,false,
Japan,ja,2026-08-05 11:41 UTC,J.LEAGUE 公式 (jleague.jp) · 移籍情報 2026/27,€,J1|J2|J3,J1,川崎フロンターレ,,kawasakif,https://www.jleague.jp/image/clubs/kawasaki.svg,in,2026-07-05,藤田 明日翔,,1646568,,,,,,DF,DF,,,川崎フロンターレＵ－１８,新加入,transfer,,,,,,false,
Japan,ja,2026-08-05 11:41 UTC,J.LEAGUE 公式 (jleague.jp) · 移籍情報 2026/27,€,J1|J2|J3,J1,川崎フロンターレ,,kawasakif,https://www.jleague.jp/image/clubs/kawasaki.svg,in,2026-07-05,小川 尋斗,,1646577,,,,,,MF,MF,,,川崎フロンターレＵ－１８,新加入,transfer,,,,,,false,
Japan,ja,2026-08-05 11:41 UTC,J.LEAGUE 公式 (jleague.jp) · 移籍情報 2026/27,€,J1|J2|J3,J1,川崎フロンターレ,,kawasakif,https://www.jleague.jp/image/clubs/kawasaki.svg,in,2026-07-01,ペドロ ホマーノ,,1657458,,,,,,DF,DF,,,ヴィラ・ノヴァFC (ブラジル),新加入,transfer,,,,,,false,
Japan,ja,2026-08-05 11:41 UTC,J.LEAGUE 公式 (jleague.jp) · 移籍情報 2026/27,€,J1|J2|J3,J1,川崎フロンターレ,,kawasakif,https://www.jleague.jp/image/clubs/kawasaki.svg,in,2026-07-01,カイキ ケイロス,,1657459,,,,,,FW,FW,,,ボタフォゴ (ブラジル),期限付き,loan,,,,,,false,
Japan,ja,2026-08-05 11:41 UTC,J.LEAGUE 公式 (jleague.jp) · 移籍情報 2026/27,€,J1|J2|J3,J1,川崎フロンターレ,,kawasakif,https://www.jleague.jp/image/clubs/kawasaki.svg,in,2026-06-08,髙橋 哲也,,,,,,,,DF,DF,,,関西大学,新加入,transfer,,,,,,false,
Japan,ja,2026-08-05 11:41 UTC,J.LEAGUE 公式 (jleague.jp) · 移籍情報 2026/27,€,J1|J2|J3,J1,横浜F・マリノス,,yokohamafm,https://www.jleague.jp/image/clubs/yokohama-fm.svg,in,2026-06-27,二田 理央,,1634323,,,,,,FW,FW,,,浦和レッズ,新加入,transfer,,,,,,false,
Japan,ja,2026-08-05 11:41 UTC,J.LEAGUE 公式 (jleague.jp) · 移籍情報 2026/27,€,J1|J2|J3,J1,横浜F・マリノス,,yokohamafm,https://www.jleague.jp/image/clubs/yokohama-fm.svg,in,2026-06-26,ルベン ブランコ,,1657460,,,,,,GK,GK,,,ジローナFC (スペイン),新加入,transfer,,,,,,false,
Japan,ja,2026-08-05 11:41 UTC,J.LEAGUE 公式 (jleague.jp) · 移籍情報 2026/27,€,J1|J2|J3,J1,横浜F・マリノス,,yokohamafm,https://www.jleague.jp/image/clubs/yokohama-fm.svg,in,2026-06-17,知念 慶,,1607292,,,,,,MF,MF,,,鹿島アントラーズ,新加入,transfer,,,,,,false,
Japan,ja,2026-08-05 11:41 UTC,J.LEAGUE 公式 (jleague.jp) · 移籍情報 2026/27,€,J1|J2|J3,J1,清水エスパルス,,shimizu,https://www.jleague.jp/image/clubs/shimizu.svg,in,2026-07-19,大空 星那,,1654115,,,,,,DF,DF,,,神村学園高等部,新加入,transfer,,,,,,false,
Japan,ja,2026-08-05 11:41 UTC,J.LEAGUE 公式 (jleague.jp) · 移籍情報 2026/27,€,J1|J2|J3,J1,清水エスパルス,,shimizu,https://www.jleague.jp/image/clubs/shimizu.svg,in,2026-07-03,ウォン ドゥジェ,,1604222,,,,,,MF,MF,,,ホール・ファカン・クラブ (ＵＡＥ),新加入,transfer,,,,,,false,
Japan,ja,2026-08-05 11:41 UTC,J.LEAGUE 公式 (jleague.jp) · 移籍情報 2026/27,€,J1|J2|J3,J1,清水エスパルス,,shimizu,https://www.jleague.jp/image/clubs/shimizu.svg,in,2026-06-27,オ セフン,,1503986,,,,,,FW,FW,,,FC町田ゼルビア,完全移籍,transfer,,,,,,false,
Japan,ja,2026-08-05 11:41 UTC,J.LEAGUE 公式 (jleague.jp) · 移籍情報 2026/27,€,J1|J2|J3,J1,清水エスパルス,,shimizu,https://www.jleague.jp/image/clubs/shimizu.svg,in,2026-06-27,ヴィニ ペイショット,,1657476,,,,,,FW,FW,,,FK ジェリェズニチャル・サラエヴォ (ボスニア・ヘルツェゴビナ),新加入,transfer,,,,,,false,
Japan,ja,2026-08-05 11:41 UTC,J.LEAGUE 公式 (jleague.jp) · 移籍情報 2026/27,€,J1|J2|J3,J1,清水エスパルス,,shimizu,https://www.jleague.jp/image/clubs/shimizu.svg,in,2026-06-26,須貝 英大,,1630225,,,,,,DF,DF,,,京都サンガF.C.,新加入,transfer,,,,,,false,
Japan,ja,2026-08-05 11:41 UTC,J.LEAGUE 公式 (jleague.jp) · 移籍情報 2026/27,€,J1|J2|J3,J1,清水エスパルス,,shimizu,https://www.jleague.jp/image/clubs/shimizu.svg,in,2026-06-26,木下 康介,,1200538,,,,,,FW,FW,,,サンフレッチェ広島,新加入,transfer,,,,,,false,
Japan,ja,2026-08-05 11:41 UTC,J.LEAGUE 公式 (jleague.jp) · 移籍情報 2026/27,€,J1|J2|J3,J1,清水エスパルス,,shimizu,https://www.jleague.jp/image/clubs/shimizu.svg,in,2026-06-16,ディエギーニョ,,1657470,,,,,,MF,MF,,,セアラーSC (ブラジル),新加入,transfer,,,,,,false,
Japan,ja,2026-08-05 11:41 UTC,J.LEAGUE 公式 (jleague.jp) · 移籍情報 2026/27,€,J1|J2|J3,J1,清水エスパルス,,shimizu,https://www.jleague.jp/image/clubs/shimizu.svg,in,2026-06-15,藤井 智也,,1629897,,,,,,MF,MF,,,湘南ベルマーレ,新加入,transfer,,,,,,false,
Japan,ja,2026-08-05 11:41 UTC,J.LEAGUE 公式 (jleague.jp) · 移籍情報 2026/27,€,J1|J2|J3,J1,清水エスパルス,,shimizu,https://www.jleague.jp/image/clubs/shimizu.svg,in,2026-06-12,ジャーメイン 良,,1503337,,,,,,FW,FW,,,サンフレッチェ広島,新加入,transfer,,,,,,false,
Japan,ja,2026-08-05 11:41 UTC,J.LEAGUE 公式 (jleague.jp) · 移籍情報 2026/27,€,J1|J2|J3,J1,清水エスパルス,,shimizu,https://www.jleague.jp/image/clubs/shimizu.svg,in,2026-06-09,小野 成夢,,1647348,,,,,,DF,DF,,,京都産業大学,新加入,transfer,,,,,,false,
Japan,ja,2026-08-05 11:41 UTC,J.LEAGUE 公式 (jleague.jp) · 移籍情報 2026/27,€,J1|J2|J3,J1,清水エスパルス,,shimizu,https://www.jleague.jp/image/clubs/shimizu.svg,in,2026-06-08,小泉 慶,,1400051,,,,,,MF,MF,,,FC東京,新加入,transfer,,,,,,false,
Japan,ja,2026-08-05 11:41 UTC,J.LEAGUE 公式 (jleague.jp) · 移籍情報 2026/27,€,J1|J2|J3,J1,名古屋グランパス,,nagoya,https://www.jleague.jp/image/clubs/nagoya.svg,in,2026-07-23,白男川 羚斗,,1657589,,,,,,DF,DF,,,名古屋グランパスＵ－１８,新加入,transfer,,,,,,false,
Japan,ja,2026-08-05 11:41 UTC,J.LEAGUE 公式 (jleague.jp) · 移籍情報 2026/27,€,J1|J2|J3,J1,名古屋グランパス,,nagoya,https://www.jleague.jp/image/clubs/nagoya.svg,in,2026-07-23,オディケ チソン太地,,1656042,,,,,,DF,DF,,,名古屋グランパスＵ－１８,新加入,transfer,,,,,,false,
Japan,ja,2026-08-05 11:41 UTC,J.LEAGUE 公式 (jleague.jp) · 移籍情報 2026/27,€,J1|J2|J3,J1,名古屋グランパス,,nagoya,https://www.jleague.jp/image/clubs/nagoya.svg,in,2026-07-23,恒吉 良真,,,,,,,,MF,MF,,,名古屋グランパスＵ－１８,新加入,transfer,,,,,,false,
Japan,ja,2026-08-05 11:41 UTC,J.LEAGUE 公式 (jleague.jp) · 移籍情報 2026/27,€,J1|J2|J3,J1,名古屋グランパス,,nagoya,https://www.jleague.jp/image/clubs/nagoya.svg,in,2026-06-18,高嶺 朋樹,,1625563,,,,,,MF,MF,,,北海道コンサドーレ札幌,完全移籍,transfer,,,,,,false,
Japan,ja,2026-08-05 11:41 UTC,J.LEAGUE 公式 (jleague.jp) · 移籍情報 2026/27,€,J1|J2|J3,J1,京都サンガF.C.,,kyoto,https://www.jleague.jp/image/clubs/kyoto.svg,in,2026-07-01,エベルトン マセイオ,,1657475,,,,,,FW,FW,,,アソシアソン・ポルトゥゲーザ・ジ・デスポルトス (ブラジル),期限付き,loan,,,,,,false,
Japan,ja,2026-08-05 11:41 UTC,J.LEAGUE 公式 (jleague.jp) · 移籍情報 2026/27,€,J1|J2|J3,J1,京都サンガF.C.,,kyoto,https://www.jleague.jp/image/clubs/kyoto.svg,in,2026-06-30,山中 亮輔,,1000187,,,,,,DF,DF,,,名古屋グランパス,期限付き,loan,,,,,,false,
Japan,ja,2026-08-05 11:41 UTC,J.LEAGUE 公式 (jleague.jp) · 移籍情報 2026/27,€,J1|J2|J3,J1,京都サンガF.C.,,kyoto,https://www.jleague.jp/image/clubs/kyoto.svg,in,2026-06-28,ウェベルトン,,1657474,,,,,,DF,DF,,,ヴィラ・ノヴァFC (ブラジル),期限付き,loan,,,,,,false,
Japan,ja,2026-08-05 11:41 UTC,J.LEAGUE 公式 (jleague.jp) · 移籍情報 2026/27,€,J1|J2|J3,J1,京都サンガF.C.,,kyoto,https://www.jleague.jp/image/clubs/kyoto.svg,in,2026-06-26,加藤 蓮,,1635315,,,,,,DF,DF,,,横浜F・マリノス,新加入,transfer,,,,,,false,
Japan,ja,2026-08-05 11:41 UTC,J.LEAGUE 公式 (jleague.jp) · 移籍情報 2026/27,€,J1|J2|J3,J1,京都サンガF.C.,,kyoto,https://www.jleague.jp/image/clubs/kyoto.svg,in,2026-06-25,チアゴ,,1657473,,,,,,MF,MF,,,ECジャクイペンセ (ブラジル),期限付き,loan,,,,,,false,
Japan,ja,2026-08-05 11:41 UTC,J.LEAGUE 公式 (jleague.jp) · 移籍情報 2026/27,€,J1|J2|J3,J1,京都サンガF.C.,,kyoto,https://www.jleague.jp/image/clubs/kyoto.svg,in,2026-06-24,平賀 大空,,1636520,,,,,,FW,FW,,,モンテディオ山形,復帰,loan-return,,,,,,false,
Japan,ja,2026-08-05 11:41 UTC,J.LEAGUE 公式 (jleague.jp) · 移籍情報 2026/27,€,J1|J2|J3,J1,京都サンガF.C.,,kyoto,https://www.jleague.jp/image/clubs/kyoto.svg,in,2026-06-22,加藤 拓己,,1632479,,,,,,FW,FW,,,松本山雅FC,新加入,transfer,,,,,,false,
Japan,ja,2026-08-05 11:41 UTC,J.LEAGUE 公式 (jleague.jp) · 移籍情報 2026/27,€,J1|J2|J3,J1,京都サンガF.C.,,kyoto,https://www.jleague.jp/image/clubs/kyoto.svg,in,2026-06-16,本田 風智,,1625672,,,,,,MF,MF,,,サガン鳥栖,完全移籍,transfer,,,,,,false,
Japan,ja,2026-08-05 11:41 UTC,J.LEAGUE 公式 (jleague.jp) · 移籍情報 2026/27,€,J1|J2|J3,J1,ガンバ大阪,,gosaka,https://www.jleague.jp/image/clubs/g-osaka.svg,in,2026-07-02,イーライ アダムス,,1657480,,,,,,MF,MF,,,ニューカッスル・ユナイテッド・ジェッツ (オーストラリア),新加入,transfer,,,,,,false,
Japan,ja,2026-08-05 11:41 UTC,J.LEAGUE 公式 (jleague.jp) · 移籍情報 2026/27,€,J1|J2|J3,J1,ガンバ大阪,,gosaka,https://www.jleague.jp/image/clubs/g-osaka.svg,in,2026-06-17,小澤 晴樹,,1634099,,,,,,DF,DF,,,明治大学,新加入,transfer,,,,,,false,
Japan,ja,2026-08-05 11:41 UTC,J.LEAGUE 公式 (jleague.jp) · 移籍情報 2026/27,€,J1|J2|J3,J1,セレッソ大阪,,cosaka,https://www.jleague.jp/image/clubs/c-osaka.svg,in,2026-07-04,髙橋 仁胡,,1642070,,,,,,DF,DF,,,アルメレ・シティFC (オランダ),復帰,loan-return,,,,,,false,
Japan,ja,2026-08-05 11:41 UTC,J.LEAGUE 公式 (jleague.jp) · 移籍情報 2026/27,€,J1|J2|J3,J1,セレッソ大阪,,cosaka,https://www.jleague.jp/image/clubs/c-osaka.svg,in,2026-07-03,小見 洋太,,1632203,,,,,,FW,FW,,,柏レイソル,期限付き,loan,,,,,,false,
Japan,ja,2026-08-05 11:41 UTC,J.LEAGUE 公式 (jleague.jp) · 移籍情報 2026/27,€,J1|J2|J3,J1,セレッソ大阪,,cosaka,https://www.jleague.jp/image/clubs/c-osaka.svg,in,2026-06-28,岡澤 昂星,,1630179,,,,,,MF,MF,,,藤枝MYFC,復帰,loan-return,,,,,,false,
Japan,ja,2026-08-05 11:41 UTC,J.LEAGUE 公式 (jleague.jp) · 移籍情報 2026/27,€,J1|J2|J3,J1,セレッソ大阪,,cosaka,https://www.jleague.jp/image/clubs/c-osaka.svg,in,2026-06-27,上林 豪,,1624840,,,,,,GK,GK,,,松本山雅FC,復帰,loan-return,,,,,,false,
Japan,ja,2026-08-05 11:41 UTC,J.LEAGUE 公式 (jleague.jp) · 移籍情報 2026/27,€,J1|J2|J3,J1,セレッソ大阪,,cosaka,https://www.jleague.jp/image/clubs/c-osaka.svg,in,2026-06-27,阿部 航斗,,1611147,,,,,,GK,GK,,,ジュビロ磐田,期限付き,loan,,,,,,false,
Japan,ja,2026-08-05 11:41 UTC,J.LEAGUE 公式 (jleague.jp) · 移籍情報 2026/27,€,J1|J2|J3,J1,セレッソ大阪,,cosaka,https://www.jleague.jp/image/clubs/c-osaka.svg,in,2026-06-24,エゼモクェ チメヅェ海,,1651719,,,,,,DF,DF,,,セレッソ大阪Ｕ－１８,新加入,transfer,,,,,,false,
Japan,ja,2026-08-05 11:41 UTC,J.LEAGUE 公式 (jleague.jp) · 移籍情報 2026/27,€,J1|J2|J3,J1,ヴィッセル神戸,,kobe,https://www.jleague.jp/image/clubs/kobe.svg,in,2026-07-28,髙橋 壱晟,,1504442,,,,,,MF,MF,,,ジェフユナイテッド千葉,新加入,transfer,,,,,,false,
Japan,ja,2026-08-05 11:41 UTC,J.LEAGUE 公式 (jleague.jp) · 移籍情報 2026/27,€,J1|J2|J3,J1,ヴィッセル神戸,,kobe,https://www.jleague.jp/image/clubs/kobe.svg,in,2026-06-26,アンデルソン ロペス,,1604106,,,,,,FW,FW,,,ライオン・シティ・セーラーズFC (シンガポール),新加入,transfer,,,,,,false,
Japan,ja,2026-08-05 11:41 UTC,J.LEAGUE 公式 (jleague.jp) · 移籍情報 2026/27,€,J1|J2|J3,J1,ヴィッセル神戸,,kobe,https://www.jleague.jp/image/clubs/kobe.svg,in,2026-06-23,渡辺 皓太,,1503650,,,,,,MF,MF,,,横浜F・マリノス,新加入,transfer,,,,,,false,
Japan,ja,2026-08-05 11:41 UTC,J.LEAGUE 公式 (jleague.jp) · 移籍情報 2026/27,€,J1|J2|J3,J1,ファジアーノ岡山,,okayama,https://www.jleague.jp/image/clubs/okayama.svg,in,2026-07-03,ナ サンホ,,1621161,,,,,,FW,FW,,,FC町田ゼルビア,新加入,transfer,,,,,,false,
Japan,ja,2026-08-05 11:41 UTC,J.LEAGUE 公式 (jleague.jp) · 移籍情報 2026/27,€,J1|J2|J3,J1,ファジアーノ岡山,,okayama,https://www.jleague.jp/image/clubs/okayama.svg,in,2026-06-27,白井 康介,,1400090,,,,,,DF,DF,,,FC東京,完全移籍,transfer,,,,,,false,
Japan,ja,2026-08-05 11:41 UTC,J.LEAGUE 公式 (jleague.jp) · 移籍情報 2026/27,€,J1|J2|J3,J1,ファジアーノ岡山,,okayama,https://www.jleague.jp/image/clubs/okayama.svg,in,2026-06-23,森 壮一朗,,1646309,,,,,,DF,DF,,,名古屋グランパス,期限付き,loan,,,,,,false,
Japan,ja,2026-08-05 11:41 UTC,J.LEAGUE 公式 (jleague.jp) · 移籍情報 2026/27,€,J1|J2|J3,J1,サンフレッチェ広島,,hiroshima,https://www.jleague.jp/image/clubs/hiroshima.svg,in,2026-07-25,川村 拓夢,,,,,,,,MF,MF,,,FCレッドブル・ザルツブルク (オーストリア),新加入,transfer,,,,,,false,
Japan,ja,2026-08-05 11:41 UTC,J.LEAGUE 公式 (jleague.jp) · 移籍情報 2026/27,€,J1|J2|J3,J1,サンフレッチェ広島,,hiroshima,https://www.jleague.jp/image/clubs/hiroshima.svg,in,2026-07-06,セバスティアン アレー,,1648186,,,,,,FW,FW,,,FCユトレヒト (オランダ),新加入,transfer,,,,,,false,
Japan,ja,2026-08-05 11:41 UTC,J.LEAGUE 公式 (jleague.jp) · 移籍情報 2026/27,€,J1|J2|J3,J1,サンフレッチェ広島,,hiroshima,https://www.jleague.jp/image/clubs/hiroshima.svg,in,2026-06-30,野口 蓮斗,,1650815,,,,,,MF,MF,,,サンフレッチェ広島ユース,新加入,transfer,,,,,,false,
Japan,ja,2026-08-05 11:41 UTC,J.LEAGUE 公式 (jleague.jp) · 移籍情報 2026/27,€,J1|J2|J3,J1,サンフレッチェ広島,,hiroshima,https://www.jleague.jp/image/clubs/hiroshima.svg,in,2026-06-28,浅野 拓磨,,1300032,,,,,,FW,FW,,,RCDマジョルカ (スペイン),新加入,transfer,,,,,,false,
Japan,ja,2026-08-05 11:41 UTC,J.LEAGUE 公式 (jleague.jp) · 移籍情報 2026/27,€,J1|J2|J3,J1,アビスパ福岡,,fukuoka,https://www.jleague.jp/image/clubs/fukuoka.svg,in,2026-07-13,オリオール ロメウ,,1200795,,,,,,MF,MF,,,サウサンプトンFC (イングランド),新加入,transfer,,,,,,false,
Japan,ja,2026-08-05 11:41 UTC,J.LEAGUE 公式 (jleague.jp) · 移籍情報 2026/27,€,J1|J2|J3,J1,アビスパ福岡,,fukuoka,https://www.jleague.jp/image/clubs/fukuoka.svg,in,2026-06-29,深澤 大輝,,1629919,,,,,,DF,DF,,,東京ヴェルディ,新加入,transfer,,,,,,false,
Japan,ja,2026-08-05 11:41 UTC,J.LEAGUE 公式 (jleague.jp) · 移籍情報 2026/27,€,J1|J2|J3,J1,アビスパ福岡,,fukuoka,https://www.jleague.jp/image/clubs/fukuoka.svg,in,2026-06-29,藤川 虎三,,1656040,,,,,,DF,DF,,,アビスパ福岡Ｕ－１８,新加入,transfer,,,,,,false,
Japan,ja,2026-08-05 11:41 UTC,J.LEAGUE 公式 (jleague.jp) · 移籍情報 2026/27,€,J1|J2|J3,J1,アビスパ福岡,,fukuoka,https://www.jleague.jp/image/clubs/fukuoka.svg,in,2026-06-27,ウェリック ポポ,,1652453,,,,,,FW,FW,,,レッドブル・ブラガンチーノ (ブラジル),新加入,transfer,,,,,,false,
Japan,ja,2026-08-05 11:41 UTC,J.LEAGUE 公式 (jleague.jp) · 移籍情報 2026/27,€,J1|J2|J3,J1,アビスパ福岡,,fukuoka,https://www.jleague.jp/image/clubs/fukuoka.svg,in,2026-06-23,永石 拓海,,1502857,,,,,,GK,GK,,,徳島ヴォルティス,復帰,loan-return,,,,,,false,
Japan,ja,2026-08-05 11:41 UTC,J.LEAGUE 公式 (jleague.jp) · 移籍情報 2026/27,€,J1|J2|J3,J1,アビスパ福岡,,fukuoka,https://www.jleague.jp/image/clubs/fukuoka.svg,in,2026-06-17,三國 ケネディエブス,,1617705,,,,,,DF,DF,,,名古屋グランパス,期限付き,loan,,,,,,false,
Japan,ja,2026-08-05 11:41 UTC,J.LEAGUE 公式 (jleague.jp) · 移籍情報 2026/27,€,J1|J2|J3,J1,アビスパ福岡,,fukuoka,https://www.jleague.jp/image/clubs/fukuoka.svg,in,2026-06-17,椎橋 慧也,,1600127,,,,,,MF,MF,,,名古屋グランパス,完全移籍,transfer,,,,,,false,
Japan,ja,2026-08-05 11:41 UTC,J.LEAGUE 公式 (jleague.jp) · 移籍情報 2026/27,€,J1|J2|J3,J1,アビスパ福岡,,fukuoka,https://www.jleague.jp/image/clubs/fukuoka.svg,in,2026-06-17,師岡 柊生,,1637049,,,,,,FW,FW,,,鹿島アントラーズ,新加入,transfer,,,,,,false,
Japan,ja,2026-08-05 11:41 UTC,J.LEAGUE 公式 (jleague.jp) · 移籍情報 2026/27,€,J1|J2|J3,J1,V・ファーレン長崎,,nagasaki,https://www.jleague.jp/image/clubs/nagasaki.svg,in,2026-07-06,保田 堅心,,1635204,,,,,,MF,MF,,,大分トリニータ,新加入,transfer,,,,,,false,
Japan,ja,2026-08-05 11:41 UTC,J.LEAGUE 公式 (jleague.jp) · 移籍情報 2026/27,€,J1|J2|J3,J1,V・ファーレン長崎,,nagasaki,https://www.jleague.jp/image/clubs/nagasaki.svg,in,2026-06-22,土肥 幹太,,1636505,,,,,,DF,DF,,,FC東京,期限付き,loan,,,,,,false,
Japan,ja,2026-08-05 11:41 UTC,J.LEAGUE 公式 (jleague.jp) · 移籍情報 2026/27,€,J1|J2|J3,J1,V・ファーレン長崎,,nagasaki,https://www.jleague.jp/image/clubs/nagasaki.svg,in,2026-06-17,大南 拓磨,,1600191,,,,,,DF,DF,,,OHルーヴェン (ベルギー),新加入,transfer,,,,,,false,
Japan,ja,2026-08-05 11:41 UTC,J.LEAGUE 公式 (jleague.jp) · 移籍情報 2026/27,€,J1|J2|J3,J1,鹿島アントラーズ,,kashima,https://www.jleague.jp/image/clubs/kashima.svg,out,2026-07-29,濃野 公人,,1645865,,,,,,DF,DF,,,D.C. ユナイテッド (アメリカ),,other,,,,,,false,
Japan,ja,2026-08-05 11:41 UTC,J.LEAGUE 公式 (jleague.jp) · 移籍情報 2026/27,€,J1|J2|J3,J1,鹿島アントラーズ,,kashima,https://www.jleague.jp/image/clubs/kashima.svg,out,2026-07-20,荒木 遼太郎,,1622201,,,,,,MF,MF,,,シント＝トロイデンVV (ベルギー),,other,,,,,,false,
Japan,ja,2026-08-05 11:41 UTC,J.LEAGUE 公式 (jleague.jp) · 移籍情報 2026/27,€,J1|J2|J3,J1,鹿島アントラーズ,,kashima,https://www.jleague.jp/image/clubs/kashima.svg,out,2026-06-23,下田 栄祐,,1639209,,,,,,MF,MF,,,高知ユナイテッドＳＣ,期限付き,loan,,,,,,false,
Japan,ja,2026-08-05 11:41 UTC,J.LEAGUE 公式 (jleague.jp) · 移籍情報 2026/27,€,J1|J2|J3,J1,鹿島アントラーズ,,kashima,https://www.jleague.jp/image/clubs/kashima.svg,out,2026-06-18,松本 遥翔,,1644451,,,,,,DF,DF,,,カターレ富山,期限付き,loan,,,,,,false,
Japan,ja,2026-08-05 11:41 UTC,J.LEAGUE 公式 (jleague.jp) · 移籍情報 2026/27,€,J1|J2|J3,J1,鹿島アントラーズ,,kashima,https://www.jleague.jp/image/clubs/kashima.svg,out,2026-06-18,溝口 修平,,1636235,,,,,,DF,DF,,,東京ヴェルディ,期限付き,loan,,,,,,false,
Japan,ja,2026-08-05 11:41 UTC,J.LEAGUE 公式 (jleague.jp) · 移籍情報 2026/27,€,J1|J2|J3,J1,鹿島アントラーズ,,kashima,https://www.jleague.jp/image/clubs/kashima.svg,out,2026-06-18,舩橋 佑,,1631701,,,,,,MF,MF,,,水戸ホーリーホック,期限付き,loan,,,,,,false,
Japan,ja,2026-08-05 11:41 UTC,J.LEAGUE 公式 (jleague.jp) · 移籍情報 2026/27,€,J1|J2|J3,J1,鹿島アントラーズ,,kashima,https://www.jleague.jp/image/clubs/kashima.svg,out,2026-06-17,知念 慶,,1607292,,,,,,MF,MF,,,横浜F・マリノス,,other,,,,,,false,
Japan,ja,2026-08-05 11:41 UTC,J.LEAGUE 公式 (jleague.jp) · 移籍情報 2026/27,€,J1|J2|J3,J1,鹿島アントラーズ,,kashima,https://www.jleague.jp/image/clubs/kashima.svg,out,2026-06-17,師岡 柊生,,1637049,,,,,,FW,FW,,,アビスパ福岡,,other,,,,,,false,
Japan,ja,2026-08-05 11:41 UTC,J.LEAGUE 公式 (jleague.jp) · 移籍情報 2026/27,€,J1|J2|J3,J1,水戸ホーリーホック,,mito,https://www.jleague.jp/image/clubs/mito.svg,out,2026-07-31,飯田 貴敬,,1603283,,,,,,DF,DF,,,ジェフユナイテッド千葉,,other,,,,,,false,
Japan,ja,2026-08-05 11:41 UTC,J.LEAGUE 公式 (jleague.jp) · 移籍情報 2026/27,€,J1|J2|J3,J1,水戸ホーリーホック,,mito,https://www.jleague.jp/image/clubs/mito.svg,out,2026-06-30,尾野 優日,,,,,,,,DF,DF,,,Ｙ．Ｓ．Ｃ．Ｃ．横浜,完全移籍,transfer,,,,,,false,
Japan,ja,2026-08-05 11:41 UTC,J.LEAGUE 公式 (jleague.jp) · 移籍情報 2026/27,€,J1|J2|J3,J1,水戸ホーリーホック,,mito,https://www.jleague.jp/image/clubs/mito.svg,out,2026-06-29,井上 聖也,,1632532,,,,,,DF,DF,,,アビスパ福岡,復帰,loan-return,,,,,,false,
Japan,ja,2026-08-05 11:41 UTC,J.LEAGUE 公式 (jleague.jp) · 移籍情報 2026/27,€,J1|J2|J3,J1,水戸ホーリーホック,,mito,https://www.jleague.jp/image/clubs/mito.svg,out,2026-06-27,長尾 優斗,,1624844,,,,,,MF,MF,,,藤枝MYFC,,other,,,,,,false,
Japan,ja,2026-08-05 11:41 UTC,J.LEAGUE 公式 (jleague.jp) · 移籍情報 2026/27,€,J1|J2|J3,J1,水戸ホーリーホック,,mito,https://www.jleague.jp/image/clubs/mito.svg,out,2026-06-25,春名 竜聖,,1632426,,,,,,GK,GK,,,FC岐阜,期限付き,loan,,,,,,false,
Japan,ja,2026-08-05 11:41 UTC,J.LEAGUE 公式 (jleague.jp) · 移籍情報 2026/27,€,J1|J2|J3,J1,水戸ホーリーホック,,mito,https://www.jleague.jp/image/clubs/mito.svg,out,2026-06-24,ダニーロ,,1650818,,,,,,DF,DF,,,ジュビロ磐田,,other,,,,,,false,
Japan,ja,2026-08-05 11:41 UTC,J.LEAGUE 公式 (jleague.jp) · 移籍情報 2026/27,€,J1|J2|J3,J1,水戸ホーリーホック,,mito,https://www.jleague.jp/image/clubs/mito.svg,out,2026-06-23,安藤 晃希,,1650722,,,,,,MF,MF,,,ロイヤル アントワープFC (ベルギー),,other,,,,,,false,
Japan,ja,2026-08-05 11:41 UTC,J.LEAGUE 公式 (jleague.jp) · 移籍情報 2026/27,€,J1|J2|J3,J1,水戸ホーリーホック,,mito,https://www.jleague.jp/image/clubs/mito.svg,out,2026-06-22,奥田 晃也,,1604675,,,,,,FW,FW,,,福島ユナイテッドFC,,other,,,,,,false,
Japan,ja,2026-08-05 11:41 UTC,J.LEAGUE 公式 (jleague.jp) · 移籍情報 2026/27,€,J1|J2|J3,J1,水戸ホーリーホック,,mito,https://www.jleague.jp/image/clubs/mito.svg,out,2026-06-21,牛澤 健,,1641535,,,,,,DF,DF,,,いわきFC,期限付き,loan,,,,,,false,
Japan,ja,2026-08-05 11:41 UTC,J.LEAGUE 公式 (jleague.jp) · 移籍情報 2026/27,€,J1|J2|J3,J1,水戸ホーリーホック,,mito,https://www.jleague.jp/image/clubs/mito.svg,out,2026-06-20,久保 征一郎,,1621200,,,,,,FW,FW,,,レノファ山口FC,,other,,,,,,false,
Japan,ja,2026-08-05 11:41 UTC,J.LEAGUE 公式 (jleague.jp) · 移籍情報 2026/27,€,J1|J2|J3,J1,水戸ホーリーホック,,mito,https://www.jleague.jp/image/clubs/mito.svg,out,2026-06-19,粟飯原 尚平,,1624311,,,,,,FW,FW,,,ブラウブリッツ秋田,,other,,,,,,false,
Japan,ja,2026-08-05 11:41 UTC,J.LEAGUE 公式 (jleague.jp) · 移籍情報 2026/27,€,J1|J2|J3,J1,水戸ホーリーホック,,mito,https://www.jleague.jp/image/clubs/mito.svg,out,2026-06-17,佐々木 輝大,,1646520,,,,,,DF,DF,,,ヴァンラーレ八戸,期限付き,loan,,,,,,false,
Japan,ja,2026-08-05 11:41 UTC,J.LEAGUE 公式 (jleague.jp) · 移籍情報 2026/27,€,J1|J2|J3,J1,浦和レッズ,,urawa,https://www.jleague.jp/image/clubs/urawa.svg,out,2026-08-05,中島 翔哉,,1200171,,,,,,MF,MF,,,ポルティモネンセ (ポルトガル),,other,,,,,,false,
Japan,ja,2026-08-05 11:41 UTC,J.LEAGUE 公式 (jleague.jp) · 移籍情報 2026/27,€,J1|J2|J3,J1,浦和レッズ,,urawa,https://www.jleague.jp/image/clubs/urawa.svg,out,2026-07-23,柴戸 海,,1617891,,,,,,MF,MF,,,東京ヴェルディ,契約解除,other,,,,,,false,
Japan,ja,2026-08-05 11:41 UTC,J.LEAGUE 公式 (jleague.jp) · 移籍情報 2026/27,€,J1|J2|J3,J1,浦和レッズ,,urawa,https://www.jleague.jp/image/clubs/urawa.svg,out,2026-07-19,安部 裕葵,,1607183,,,,,,FW,FW,,,FC今治,,other,,,,,,false,
Japan,ja,2026-08-05 11:41 UTC,J.LEAGUE 公式 (jleague.jp) · 移籍情報 2026/27,€,J1|J2|J3,J1,浦和レッズ,,urawa,https://www.jleague.jp/image/clubs/urawa.svg,out,2026-07-16,荻原 拓也,,1605916,,,,,,DF,DF,,,OHルーヴェン (ベルギー),期限付き,loan,,,,,,false,
Japan,ja,2026-08-05 11:41 UTC,J.LEAGUE 公式 (jleague.jp) · 移籍情報 2026/27,€,J1|J2|J3,J1,浦和レッズ,,urawa,https://www.jleague.jp/image/clubs/urawa.svg,out,2026-07-10,松永 颯汰,,1636974,,,,,,FW,FW,,,UDオリヴェイレンセ (ポルトガル),,other,,,,,,false,
Japan,ja,2026-08-05 11:41 UTC,J.LEAGUE 公式 (jleague.jp) · 移籍情報 2026/27,€,J1|J2|J3,J1,浦和レッズ,,urawa,https://www.jleague.jp/image/clubs/urawa.svg,out,2026-07-03,松尾 佑介,,1626167,,,,,,MF,MF,,,FC町田ゼルビア,,other,,,,,,false,
Japan,ja,2026-08-05 11:41 UTC,J.LEAGUE 公式 (jleague.jp) · 移籍情報 2026/27,€,J1|J2|J3,J1,浦和レッズ,,urawa,https://www.jleague.jp/image/clubs/urawa.svg,out,2026-07-02,関根 貴大,,1400040,,,,,,MF,MF,,,シドニーFC (オーストラリア),,other,,,,,,false,
Japan,ja,2026-08-05 11:41 UTC,J.LEAGUE 公式 (jleague.jp) · 移籍情報 2026/27,€,J1|J2|J3,J1,浦和レッズ,,urawa,https://www.jleague.jp/image/clubs/urawa.svg,out,2026-06-30,石原 広教,,1603257,,,,,,DF,DF,,,FC東京,,other,,,,,,false,
Japan,ja,2026-08-05 11:41 UTC,J.LEAGUE 公式 (jleague.jp) · 移籍情報 2026/27,€,J1|J2|J3,J1,浦和レッズ,,urawa,https://www.jleague.jp/image/clubs/urawa.svg,out,2026-06-30,本間 至恩,,1610939,,,,,,MF,MF,,,FC東京,,other,,,,,,false,
Japan,ja,2026-08-05 11:41 UTC,J.LEAGUE 公式 (jleague.jp) · 移籍情報 2026/27,€,J1|J2|J3,J1,浦和レッズ,,urawa,https://www.jleague.jp/image/clubs/urawa.svg,out,2026-06-27,二田 理央,,1634323,,,,,,FW,FW,,,横浜F・マリノス,,other,,,,,,false,
Japan,ja,2026-08-05 11:41 UTC,J.LEAGUE 公式 (jleague.jp) · 移籍情報 2026/27,€,J1|J2|J3,J1,浦和レッズ,,urawa,https://www.jleague.jp/image/clubs/urawa.svg,out,2026-06-24,牲川 歩見,,1200619,,,,,,GK,GK,,,ジュビロ磐田,,other,,,,,,false,
Japan,ja,2026-08-05 11:41 UTC,J.LEAGUE 公式 (jleague.jp) · 移籍情報 2026/27,€,J1|J2|J3,J1,浦和レッズ,,urawa,https://www.jleague.jp/image/clubs/urawa.svg,out,2026-06-22,佐藤 瑠星,,1636992,,,,,,GK,GK,,,モンテディオ山形,期限付き,loan,,,,,,false,
Japan,ja,2026-08-05 11:41 UTC,J.LEAGUE 公式 (jleague.jp) · 移籍情報 2026/27,€,J1|J2|J3,J1,浦和レッズ,,urawa,https://www.jleague.jp/image/clubs/urawa.svg,out,2026-06-20,吉田 舜,,1500285,,,,,,GK,GK,,,藤枝MYFC,,other,,,,,,false,
Japan,ja,2026-08-05 11:41 UTC,J.LEAGUE 公式 (jleague.jp) · 移籍情報 2026/27,€,J1|J2|J3,J1,浦和レッズ,,urawa,https://www.jleague.jp/image/clubs/urawa.svg,out,2026-06-20,照内 利和,,1647891,,,,,,FW,FW,,,FC琉球,期限付き,loan,,,,,,false,
Japan,ja,2026-08-05 11:41 UTC,J.LEAGUE 公式 (jleague.jp) · 移籍情報 2026/27,€,J1|J2|J3,J1,浦和レッズ,,urawa,https://www.jleague.jp/image/clubs/urawa.svg,out,2026-06-03,イサーク キーセ テリン,,1502882,,,,,,FW,FW,,,未定,契約満了,other,,,,,,false,
Japan,ja,2026-08-05 11:41 UTC,J.LEAGUE 公式 (jleague.jp) · 移籍情報 2026/27,€,J1|J2|J3,J1,ジェフユナイテッド千葉,,chiba,https://www.jleague.jp/image/clubs/chiba.svg,out,2026-07-28,髙橋 壱晟,,1504442,,,,,,MF,MF,,,ヴィッセル神戸,,other,,,,,,false,
Japan,ja,2026-08-05 11:41 UTC,J.LEAGUE 公式 (jleague.jp) · 移籍情報 2026/27,€,J1|J2|J3,J1,ジェフユナイテッド千葉,,chiba,https://www.jleague.jp/image/clubs/chiba.svg,out,2026-07-06,カルリーニョス ジュニオ,,1629926,,,,,,FW,FW,,,RB大宮アルディージャ,,other,,,,,,false,
Japan,ja,2026-08-05 11:41 UTC,J.LEAGUE 公式 (jleague.jp) · 移籍情報 2026/27,€,J1|J2|J3,J1,ジェフユナイテッド千葉,,chiba,https://www.jleague.jp/image/clubs/chiba.svg,out,2026-06-25,若原 智哉,,1601841,,,,,,GK,GK,,,柏レイソル,,other,,,,,,false,
Japan,ja,2026-08-05 11:41 UTC,J.LEAGUE 公式 (jleague.jp) · 移籍情報 2026/27,€,J1|J2|J3,J1,ジェフユナイテッド千葉,,chiba,https://www.jleague.jp/image/clubs/chiba.svg,out,2026-06-24,猪狩 祐真,,1647011,,,,,,MF,MF,,,ヴァンラーレ八戸,期限付き,loan,,,,,,false,
Japan,ja,2026-08-05 11:41 UTC,J.LEAGUE 公式 (jleague.jp) · 移籍情報 2026/27,€,J1|J2|J3,J1,ジェフユナイテッド千葉,,chiba,https://www.jleague.jp/image/clubs/chiba.svg,out,2026-06-22,岩井 琢朗,,1632784,,,,,,MF,MF,,,ブラウブリッツ秋田,期限付き,loan,,,,,,false,
Japan,ja,2026-08-05 11:41 UTC,J.LEAGUE 公式 (jleague.jp) · 移籍情報 2026/27,€,J1|J2|J3,J1,柏レイソル,,kashiwa,https://www.jleague.jp/image/clubs/kashiwa.svg,out,2026-07-03,小見 洋太,,1632203,,,,,,FW,FW,,,セレッソ大阪,期限付き,loan,,,,,,false,
Japan,ja,2026-08-05 11:41 UTC,J.LEAGUE 公式 (jleague.jp) · 移籍情報 2026/27,€,J1|J2|J3,J1,柏レイソル,,kashiwa,https://www.jleague.jp/image/clubs/kashiwa.svg,out,2026-06-30,山本 桜大,,1639186,,,,,,FW,FW,,,RBライプツィヒ (ドイツ),,other,,,,,,false,
Japan,ja,2026-08-05 11:41 UTC,J.LEAGUE 公式 (jleague.jp) · 移籍情報 2026/27,€,J1|J2|J3,J1,柏レイソル,,kashiwa,https://www.jleague.jp/image/clubs/kashiwa.svg,out,2026-06-28,島村 拓弥,,1607206,,,,,,MF,MF,,,横浜FC,期限付き,loan,,,,,,false,
Japan,ja,2026-08-05 11:41 UTC,J.LEAGUE 公式 (jleague.jp) · 移籍情報 2026/27,€,J1|J2|J3,J1,柏レイソル,,kashiwa,https://www.jleague.jp/image/clubs/kashiwa.svg,out,2026-06-27,ワッド モハメッド サディキ,,,,,,,,FW,FW,,,ギラヴァンツ北九州,期限付き,loan,,,,,,false,
Japan,ja,2026-08-05 11:41 UTC,J.LEAGUE 公式 (jleague.jp) · 移籍情報 2026/27,€,J1|J2|J3,J1,柏レイソル,,kashiwa,https://www.jleague.jp/image/clubs/kashiwa.svg,out,2026-06-25,田中 隼人,,1631733,,,,,,DF,DF,,,徳島ヴォルティス,期限付き,loan,,,,,,false,
Japan,ja,2026-08-05 11:41 UTC,J.LEAGUE 公式 (jleague.jp) · 移籍情報 2026/27,€,J1|J2|J3,J1,柏レイソル,,kashiwa,https://www.jleague.jp/image/clubs/kashiwa.svg,out,2026-06-25,土屋 巧,,1636246,,,,,,MF,MF,,,FC今治,,other,,,,,,false,
Japan,ja,2026-08-05 11:41 UTC,J.LEAGUE 公式 (jleague.jp) · 移籍情報 2026/27,€,J1|J2|J3,J1,柏レイソル,,kashiwa,https://www.jleague.jp/image/clubs/kashiwa.svg,out,2026-06-21,坂田 大樹,,1630052,,,,,,GK,GK,,,鹿児島ユナイテッドFC,,other,,,,,,false,
Japan,ja,2026-08-05 11:41 UTC,J.LEAGUE 公式 (jleague.jp) · 移籍情報 2026/27,€,J1|J2|J3,J1,柏レイソル,,kashiwa,https://www.jleague.jp/image/clubs/kashiwa.svg,out,2026-06-16,角田 惠風,,1651576,,,,,,MF,MF,,,藤枝MYFC,期限付き,loan,,,,,,false,
Japan,ja,2026-08-05 11:41 UTC,J.LEAGUE 公式 (jleague.jp) · 移籍情報 2026/27,€,J1|J2|J3,J1,柏レイソル,,kashiwa,https://www.jleague.jp/image/clubs/kashiwa.svg,out,2026-06-04,成瀬 竣平,,1604178,,,,,,DF,DF,,,未定,契約満了,other,,,,,,false,
Japan,ja,2026-08-05 11:41 UTC,J.LEAGUE 公式 (jleague.jp) · 移籍情報 2026/27,€,J1|J2|J3,J1,FC東京,,ftokyo,https://www.jleague.jp/image/clubs/fc-tokyo.svg,out,2026-07-25,エヴェルトン ガウディーノ,,,,,,,,FW,FW,,,ヴィラ ノヴァFC (ブラジル),期限付き,loan,,,,,,false,
Japan,ja,2026-08-05 11:41 UTC,J.LEAGUE 公式 (jleague.jp) · 移籍情報 2026/27,€,J1|J2|J3,J1,FC東京,,ftokyo,https://www.jleague.jp/image/clubs/fc-tokyo.svg,out,2026-07-07,佐藤 龍之介,,1641151,,,,,,MF,MF,,,バレンシアCF (スペイン),,other,,,,,,false,
Japan,ja,2026-08-05 11:41 UTC,J.LEAGUE 公式 (jleague.jp) · 移籍情報 2026/27,€,J1|J2|J3,J1,FC東京,,ftokyo,https://www.jleague.jp/image/clubs/fc-tokyo.svg,out,2026-06-30,遠藤 渓太,,1600177,,,,,,MF,MF,,,柏レイソル,,other,,,,,,false,
Japan,ja,2026-08-05 11:41 UTC,J.LEAGUE 公式 (jleague.jp) · 移籍情報 2026/27,€,J1|J2|J3,J1,FC東京,,ftokyo,https://www.jleague.jp/image/clubs/fc-tokyo.svg,out,2026-06-30,野澤 零温,,1627742,,,,,,FW,FW,,,ジュビロ磐田,期限付き,loan,,,,,,false,
Japan,ja,2026-08-05 11:41 UTC,J.LEAGUE 公式 (jleague.jp) · 移籍情報 2026/27,€,J1|J2|J3,J1,FC東京,,ftokyo,https://www.jleague.jp/image/clubs/fc-tokyo.svg,out,2026-06-27,白井 康介,,1400090,,,,,,DF,DF,,,ファジアーノ岡山,完全移籍,transfer,,,,,,false,
Japan,ja,2026-08-05 11:41 UTC,J.LEAGUE 公式 (jleague.jp) · 移籍情報 2026/27,€,J1|J2|J3,J1,FC東京,,ftokyo,https://www.jleague.jp/image/clubs/fc-tokyo.svg,out,2026-06-27,寺山 翼,,1605839,,,,,,MF,MF,,,モンテディオ山形,完全移籍,transfer,,,,,,false,
Japan,ja,2026-08-05 11:41 UTC,J.LEAGUE 公式 (jleague.jp) · 移籍情報 2026/27,€,J1|J2|J3,J1,FC東京,,ftokyo,https://www.jleague.jp/image/clubs/fc-tokyo.svg,out,2026-06-27,荒井 悠汰,,1636503,,,,,,MF,MF,,,レノファ山口FC,期限付き,loan,,,,,,false,
Japan,ja,2026-08-05 11:41 UTC,J.LEAGUE 公式 (jleague.jp) · 移籍情報 2026/27,€,J1|J2|J3,J1,FC東京,,ftokyo,https://www.jleague.jp/image/clubs/fc-tokyo.svg,out,2026-06-26,北原 槙,,1646471,,,,,,MF,MF,,,藤枝MYFC,期限付き,loan,,,,,,false,
Japan,ja,2026-08-05 11:41 UTC,J.LEAGUE 公式 (jleague.jp) · 移籍情報 2026/27,€,J1|J2|J3,J1,FC東京,,ftokyo,https://www.jleague.jp/image/clubs/fc-tokyo.svg,out,2026-06-26,山口 太陽,,1643393,,,,,,FW,FW,,,栃木SC,期限付き,loan,,,,,,false,
Japan,ja,2026-08-05 11:41 UTC,J.LEAGUE 公式 (jleague.jp) · 移籍情報 2026/27,€,J1|J2|J3,J1,FC東京,,ftokyo,https://www.jleague.jp/image/clubs/fc-tokyo.svg,out,2026-06-25,東 廉太,,1636504,,,,,,DF,DF,,,栃木SC,期限付き,loan,,,,,,false,
Japan,ja,2026-08-05 11:41 UTC,J.LEAGUE 公式 (jleague.jp) · 移籍情報 2026/27,€,J1|J2|J3,J1,FC東京,,ftokyo,https://www.jleague.jp/image/clubs/fc-tokyo.svg,out,2026-06-22,土肥 幹太,,1636505,,,,,,DF,DF,,,V・ファーレン長崎,期限付き,loan,,,,,,false,
Japan,ja,2026-08-05 11:41 UTC,J.LEAGUE 公式 (jleague.jp) · 移籍情報 2026/27,€,J1|J2|J3,J1,FC東京,,ftokyo,https://www.jleague.jp/image/clubs/fc-tokyo.svg,out,2026-06-20,小林 将天,,1636506,,,,,,GK,GK,,,松本山雅FC,期限付き,loan,,,,,,false,
Japan,ja,2026-08-05 11:41 UTC,J.LEAGUE 公式 (jleague.jp) · 移籍情報 2026/27,€,J1|J2|J3,J1,FC東京,,ftokyo,https://www.jleague.jp/image/clubs/fc-tokyo.svg,out,2026-06-16,木本 恭生,,1400642,,,,,,DF,DF,,,水戸ホーリーホック,,other,,,,,,false,
Japan,ja,2026-08-05 11:41 UTC,J.LEAGUE 公式 (jleague.jp) · 移籍情報 2026/27,€,J1|J2|J3,J1,FC東京,,ftokyo,https://www.jleague.jp/image/clubs/fc-tokyo.svg,out,2026-06-08,小泉 慶,,1400051,,,,,,MF,MF,,,清水エスパルス,,other,,,,,,false,
Japan,ja,2026-08-05 11:41 UTC,J.LEAGUE 公式 (jleague.jp) · 移籍情報 2026/27,€,J1|J2|J3,J1,FC東京,,ftokyo,https://www.jleague.jp/image/clubs/fc-tokyo.svg,out,2026-06-05,東 慶悟,,900048,,,,,,MF,MF,,,未定,契約満了,other,,,,,,false,
Japan,ja,2026-08-05 11:41 UTC,J.LEAGUE 公式 (jleague.jp) · 移籍情報 2026/27,€,J1|J2|J3,J1,東京ヴェルディ,,tokyov,https://www.jleague.jp/image/clubs/tokyo-v.svg,out,2026-06-29,深澤 大輝,,1629919,,,,,,DF,DF,,,アビスパ福岡,,other,,,,,,false,
Japan,ja,2026-08-05 11:41 UTC,J.LEAGUE 公式 (jleague.jp) · 移籍情報 2026/27,€,J1|J2|J3,J1,東京ヴェルディ,,tokyov,https://www.jleague.jp/image/clubs/tokyo-v.svg,out,2026-06-24,稲見 哲行,,1634685,,,,,,MF,MF,,,徳島ヴォルティス,,other,,,,,,false,
Japan,ja,2026-08-05 11:41 UTC,J.LEAGUE 公式 (jleague.jp) · 移籍情報 2026/27,€,J1|J2|J3,J1,FC町田ゼルビア,,machida,https://www.jleague.jp/image/clubs/machida.svg,out,2026-07-03,今井 智基,,1300071,,,,,,DF,DF,,,未定,契約満了,other,,,,,,false,
Japan,ja,2026-08-05 11:41 UTC,J.LEAGUE 公式 (jleague.jp) · 移籍情報 2026/27,€,J1|J2|J3,J1,FC町田ゼルビア,,machida,https://www.jleague.jp/image/clubs/machida.svg,out,2026-07-03,ナ サンホ,,1621161,,,,,,FW,FW,,,ファジアーノ岡山,,other,,,,,,false,
Japan,ja,2026-08-05 11:41 UTC,J.LEAGUE 公式 (jleague.jp) · 移籍情報 2026/27,€,J1|J2|J3,J1,FC町田ゼルビア,,machida,https://www.jleague.jp/image/clubs/machida.svg,out,2026-07-01,林 幸多郎,,1635337,,,,,,DF,DF,,,浦和レッズ,,other,,,,,,false,
Japan,ja,2026-08-05 11:41 UTC,J.LEAGUE 公式 (jleague.jp) · 移籍情報 2026/27,€,J1|J2|J3,J1,FC町田ゼルビア,,machida,https://www.jleague.jp/image/clubs/machida.svg,out,2026-06-28,カウン ゼン マラ,,1630155,,,,,,GK,GK,,,ヴァンラーレ八戸,期限付き,loan,,,,,,false,
Japan,ja,2026-08-05 11:41 UTC,J.LEAGUE 公式 (jleague.jp) · 移籍情報 2026/27,€,J1|J2|J3,J1,FC町田ゼルビア,,machida,https://www.jleague.jp/image/clubs/machida.svg,out,2026-06-27,オ セフン,,1503986,,,,,,FW,FW,,,清水エスパルス,完全移籍,transfer,,,,,,false,
Japan,ja,2026-08-05 11:41 UTC,J.LEAGUE 公式 (jleague.jp) · 移籍情報 2026/27,€,J1|J2|J3,J1,FC町田ゼルビア,,machida,https://www.jleague.jp/image/clubs/machida.svg,out,2026-06-25,桑山 侃士,,1641528,,,,,,FW,FW,,,アルビレックス新潟,期限付き,loan,,,,,,false,
Japan,ja,2026-08-05 11:41 UTC,J.LEAGUE 公式 (jleague.jp) · 移籍情報 2026/27,€,J1|J2|J3,J1,FC町田ゼルビア,,machida,https://www.jleague.jp/image/clubs/machida.svg,out,2026-06-23,新井 栄聡,,1613204,,,,,,GK,GK,,,浦和レッズ,,other,,,,,,false,
Japan,ja,2026-08-05 11:41 UTC,J.LEAGUE 公式 (jleague.jp) · 移籍情報 2026/27,€,J1|J2|J3,J1,FC町田ゼルビア,,machida,https://www.jleague.jp/image/clubs/machida.svg,out,2026-06-20,バスケス バイロン,,1636311,,,,,,MF,MF,,,栃木シティ,期限付き,loan,,,,,,false,
Japan,ja,2026-08-05 11:41 UTC,J.LEAGUE 公式 (jleague.jp) · 移籍情報 2026/27,€,J1|J2|J3,J1,FC町田ゼルビア,,machida,https://www.jleague.jp/image/clubs/machida.svg,out,2026-06-17,真也加 チュイ 大夢,,1648369,,,,,,MF,MF,,,SHIBUYA CITY FC,期限付き,loan,,,,,,false,
Japan,ja,2026-08-05 11:41 UTC,J.LEAGUE 公式 (jleague.jp) · 移籍情報 2026/27,€,J1|J2|J3,J1,FC町田ゼルビア,,machida,https://www.jleague.jp/image/clubs/machida.svg,out,2026-06-17,沼田 駿也,,1636242,,,,,,FW,FW,,,藤枝MYFC,,other,,,,,,false,
Japan,ja,2026-08-05 11:41 UTC,J.LEAGUE 公式 (jleague.jp) · 移籍情報 2026/27,€,J1|J2|J3,J1,川崎フロンターレ,,kawasakif,https://www.jleague.jp/image/clubs/kawasaki.svg,out,2026-07-10,セサル アイダル,,,,,,,,DF,DF,,,アトレティコ・ナシオナル (コロンビア),完全移籍,transfer,,,,,,false,
Japan,ja,2026-08-05 11:41 UTC,J.LEAGUE 公式 (jleague.jp) · 移籍情報 2026/27,€,J1|J2|J3,J1,川崎フロンターレ,,kawasakif,https://www.jleague.jp/image/clubs/kawasaki.svg,out,2026-06-29,神田 奏真,,1646000,,,,,,FW,FW,,,東京ヴェルディ,期限付き,loan,,,,,,false,
Japan,ja,2026-08-05 11:41 UTC,J.LEAGUE 公式 (jleague.jp) · 移籍情報 2026/27,€,J1|J2|J3,J1,川崎フロンターレ,,kawasakif,https://www.jleague.jp/image/clubs/kawasaki.svg,out,2026-06-25,神橋 良汰,,1635370,,,,,,DF,DF,,,ギラヴァンツ北九州,期限付き,loan,,,,,,false,
Japan,ja,2026-08-05 11:41 UTC,J.LEAGUE 公式 (jleague.jp) · 移籍情報 2026/27,€,J1|J2|J3,J1,川崎フロンターレ,,kawasakif,https://www.jleague.jp/image/clubs/kawasaki.svg,out,2026-06-25,名願 斗哉,,1640480,,,,,,MF,MF,,,栃木SC,期限付き,loan,,,,,,false,
Japan,ja,2026-08-05 11:41 UTC,J.LEAGUE 公式 (jleague.jp) · 移籍情報 2026/27,€,J1|J2|J3,J1,川崎フロンターレ,,kawasakif,https://www.jleague.jp/image/clubs/kawasaki.svg,out,2026-06-24,エリソン,,1645985,,,,,,FW,FW,,,ジェフユナイテッド千葉,,other,,,,,,false,
Japan,ja,2026-08-05 11:41 UTC,J.LEAGUE 公式 (jleague.jp) · 移籍情報 2026/27,€,J1|J2|J3,J1,横浜F・マリノス,,yokohamafm,https://www.jleague.jp/image/clubs/yokohama-fm.svg,out,2026-06-26,木村 凌也,,1634154,,,,,,GK,GK,,,テゲバジャーロ宮崎,期限付き,loan,,,,,,false,
Japan,ja,2026-08-05 11:41 UTC,J.LEAGUE 公式 (jleague.jp) · 移籍情報 2026/27,€,J1|J2|J3,J1,横浜F・マリノス,,yokohamafm,https://www.jleague.jp/image/clubs/yokohama-fm.svg,out,2026-06-26,村上 慶,,1654491,,,,,,DF,DF,,,松本山雅FC,期限付き,loan,,,,,,false,
Japan,ja,2026-08-05 11:41 UTC,J.LEAGUE 公式 (jleague.jp) · 移籍情報 2026/27,€,J1|J2|J3,J1,横浜F・マリノス,,yokohamafm,https://www.jleague.jp/image/clubs/yokohama-fm.svg,out,2026-06-26,加藤 蓮,,1635315,,,,,,DF,DF,,,京都サンガF.C.,,other,,,,,,false,
Japan,ja,2026-08-05 11:41 UTC,J.LEAGUE 公式 (jleague.jp) · 移籍情報 2026/27,€,J1|J2|J3,J1,横浜F・マリノス,,yokohamafm,https://www.jleague.jp/image/clubs/yokohama-fm.svg,out,2026-06-23,渡辺 皓太,,1503650,,,,,,MF,MF,,,ヴィッセル神戸,,other,,,,,,false,
Japan,ja,2026-08-05 11:41 UTC,J.LEAGUE 公式 (jleague.jp) · 移籍情報 2026/27,€,J1|J2|J3,J1,横浜F・マリノス,,yokohamafm,https://www.jleague.jp/image/clubs/yokohama-fm.svg,out,2026-06-23,望月 耕平,,1643197,,,,,,MF,MF,,,ツエーゲン金沢,期限付き,loan,,,,,,false,
Japan,ja,2026-08-05 11:41 UTC,J.LEAGUE 公式 (jleague.jp) · 移籍情報 2026/27,€,J1|J2|J3,J1,清水エスパルス,,shimizu,https://www.jleague.jp/image/clubs/shimizu.svg,out,2026-08-04,北爪 健吾,,1400640,,,,,,DF,DF,,,松本山雅FC,期限付き,loan,,,,,,false,
Japan,ja,2026-08-05 11:41 UTC,J.LEAGUE 公式 (jleague.jp) · 移籍情報 2026/27,€,J1|J2|J3,J1,清水エスパルス,,shimizu,https://www.jleague.jp/image/clubs/shimizu.svg,out,2026-07-15,アフメド アフメドフ,,1650727,,,,,,FW,FW,,,未定,契約解除,other,,,,,,false,
Japan,ja,2026-08-05 11:41 UTC,J.LEAGUE 公式 (jleague.jp) · 移籍情報 2026/27,€,J1|J2|J3,J1,清水エスパルス,,shimizu,https://www.jleague.jp/image/clubs/shimizu.svg,out,2026-06-27,ヴィニ ペイショット,,1657476,,,,,,FW,FW,,,北海道コンサドーレ札幌,期限付き,loan,,,,,,false,
Japan,ja,2026-08-05 11:41 UTC,J.LEAGUE 公式 (jleague.jp) · 移籍情報 2026/27,€,J1|J2|J3,J1,清水エスパルス,,shimizu,https://www.jleague.jp/image/clubs/shimizu.svg,out,2026-06-26,中原 輝,,1619676,,,,,,MF,MF,,,サガン鳥栖,,other,,,,,,false,
Japan,ja,2026-08-05 11:41 UTC,J.LEAGUE 公式 (jleague.jp) · 移籍情報 2026/27,€,J1|J2|J3,J1,清水エスパルス,,shimizu,https://www.jleague.jp/image/clubs/shimizu.svg,out,2026-06-26,西原 源樹,,1646181,,,,,,MF,MF,,,水戸ホーリーホック,期限付き,loan,,,,,,false,
Japan,ja,2026-08-05 11:41 UTC,J.LEAGUE 公式 (jleague.jp) · 移籍情報 2026/27,€,J1|J2|J3,J1,清水エスパルス,,shimizu,https://www.jleague.jp/image/clubs/shimizu.svg,out,2026-06-24,小竹 知恩,,1641490,,,,,,MF,MF,,,ザスパ群馬,期限付き,loan,,,,,,false,
Japan,ja,2026-08-05 11:41 UTC,J.LEAGUE 公式 (jleague.jp) · 移籍情報 2026/27,€,J1|J2|J3,J1,清水エスパルス,,shimizu,https://www.jleague.jp/image/clubs/shimizu.svg,out,2026-06-22,郡司 璃来,,1645859,,,,,,FW,FW,,,レノファ山口FC,期限付き,loan,,,,,,false,
Japan,ja,2026-08-05 11:41 UTC,J.LEAGUE 公式 (jleague.jp) · 移籍情報 2026/27,€,J1|J2|J3,J1,清水エスパルス,,shimizu,https://www.jleague.jp/image/clubs/shimizu.svg,out,2026-06-19,マテウス ブエノ,,1650728,,,,,,MF,MF,,,鹿島アントラーズ,,other,,,,,,false,
Japan,ja,2026-08-05 11:41 UTC,J.LEAGUE 公式 (jleague.jp) · 移籍情報 2026/27,€,J1|J2|J3,J1,清水エスパルス,,shimizu,https://www.jleague.jp/image/clubs/shimizu.svg,out,2026-06-19,髙橋 利樹,,1629414,,,,,,FW,FW,,,サガン鳥栖,,other,,,,,,false,
Japan,ja,2026-08-05 11:41 UTC,J.LEAGUE 公式 (jleague.jp) · 移籍情報 2026/27,€,J1|J2|J3,J1,清水エスパルス,,shimizu,https://www.jleague.jp/image/clubs/shimizu.svg,out,2026-06-18,宇野 禅斗,,1636270,,,,,,MF,MF,,,ボルシア・メンヒェングラートバッハ (ドイツ),,other,,,,,,false,
Japan,ja,2026-08-05 11:41 UTC,J.LEAGUE 公式 (jleague.jp) · 移籍情報 2026/27,€,J1|J2|J3,J1,清水エスパルス,,shimizu,https://www.jleague.jp/image/clubs/shimizu.svg,out,2026-06-04,アルフレド ステファンス,,1652850,,,,,,FW,FW,,,未定,契約満了,other,,,,,,false,
Japan,ja,2026-08-05 11:41 UTC,J.LEAGUE 公式 (jleague.jp) · 移籍情報 2026/27,€,J1|J2|J3,J1,名古屋グランパス,,nagoya,https://www.jleague.jp/image/clubs/nagoya.svg,out,2026-07-12,河面 旺成,,1603777,,,,,,DF,DF,,,水戸ホーリーホック,期限付き,loan,,,,,,false,
Japan,ja,2026-08-05 11:41 UTC,J.LEAGUE 公式 (jleague.jp) · 移籍情報 2026/27,€,J1|J2|J3,J1,名古屋グランパス,,nagoya,https://www.jleague.jp/image/clubs/nagoya.svg,out,2026-06-30,山中 亮輔,,1000187,,,,,,MF,MF,,,京都サンガF.C.,期限付き,loan,,,,,,false,
Japan,ja,2026-08-05 11:41 UTC,J.LEAGUE 公式 (jleague.jp) · 移籍情報 2026/27,€,J1|J2|J3,J1,名古屋グランパス,,nagoya,https://www.jleague.jp/image/clubs/nagoya.svg,out,2026-06-30,アヴェレーテ イーブス,,,,,,,,FW,FW,,,未定,契約解除,other,,,,,,false,
Japan,ja,2026-08-05 11:41 UTC,J.LEAGUE 公式 (jleague.jp) · 移籍情報 2026/27,€,J1|J2|J3,J1,名古屋グランパス,,nagoya,https://www.jleague.jp/image/clubs/nagoya.svg,out,2026-06-27,榊原 杏太,,1635543,,,,,,FW,FW,,,ツエーゲン金沢,期限付き,loan,,,,,,false,
Japan,ja,2026-08-05 11:41 UTC,J.LEAGUE 公式 (jleague.jp) · 移籍情報 2026/27,€,J1|J2|J3,J1,名古屋グランパス,,nagoya,https://www.jleague.jp/image/clubs/nagoya.svg,out,2026-06-26,吉田 温紀,,1632477,,,,,,MF,MF,,,FC琉球,期限付き,loan,,,,,,false,
Japan,ja,2026-08-05 11:41 UTC,J.LEAGUE 公式 (jleague.jp) · 移籍情報 2026/27,€,J1|J2|J3,J1,名古屋グランパス,,nagoya,https://www.jleague.jp/image/clubs/nagoya.svg,out,2026-06-26,鈴木 陽人,,1637151,,,,,,MF,MF,,,FC岐阜,期限付き,loan,,,,,,false,
Japan,ja,2026-08-05 11:41 UTC,J.LEAGUE 公式 (jleague.jp) · 移籍情報 2026/27,€,J1|J2|J3,J1,名古屋グランパス,,nagoya,https://www.jleague.jp/image/clubs/nagoya.svg,out,2026-06-24,倍井 謙,,,,,,,,MF,MF,,,KVコルトレイク (ベルギー),期限付き,loan,,,,,,false,
Japan,ja,2026-08-05 11:41 UTC,J.LEAGUE 公式 (jleague.jp) · 移籍情報 2026/27,€,J1|J2|J3,J1,名古屋グランパス,,nagoya,https://www.jleague.jp/image/clubs/nagoya.svg,out,2026-06-23,森 壮一朗,,1646309,,,,,,DF,DF,,,ファジアーノ岡山,期限付き,loan,,,,,,false,
Japan,ja,2026-08-05 11:41 UTC,J.LEAGUE 公式 (jleague.jp) · 移籍情報 2026/27,€,J1|J2|J3,J1,名古屋グランパス,,nagoya,https://www.jleague.jp/image/clubs/nagoya.svg,out,2026-06-17,三國 ケネディエブス,,1617705,,,,,,DF,DF,,,アビスパ福岡,期限付き,loan,,,,,,false,
Japan,ja,2026-08-05 11:41 UTC,J.LEAGUE 公式 (jleague.jp) · 移籍情報 2026/27,€,J1|J2|J3,J1,名古屋グランパス,,nagoya,https://www.jleague.jp/image/clubs/nagoya.svg,out,2026-06-17,椎橋 慧也,,1600127,,,,,,MF,MF,,,アビスパ福岡,完全移籍,transfer,,,,,,false,
Japan,ja,2026-08-05 11:41 UTC,J.LEAGUE 公式 (jleague.jp) · 移籍情報 2026/27,€,J1|J2|J3,J1,京都サンガF.C.,,kyoto,https://www.jleague.jp/image/clubs/kyoto.svg,out,2026-06-30,喜多 壱也,,1640978,,,,,,DF,DF,,,レアル・ソシエダ (スペイン),完全移籍,transfer,,,,,,false,
Japan,ja,2026-08-05 11:41 UTC,J.LEAGUE 公式 (jleague.jp) · 移籍情報 2026/27,€,J1|J2|J3,J1,京都サンガF.C.,,kyoto,https://www.jleague.jp/image/clubs/kyoto.svg,out,2026-06-26,松田 佳大,,1637076,,,,,,DF,DF,,,藤枝MYFC,,other,,,,,,false,
Japan,ja,2026-08-05 11:41 UTC,J.LEAGUE 公式 (jleague.jp) · 移籍情報 2026/27,€,J1|J2|J3,J1,京都サンガF.C.,,kyoto,https://www.jleague.jp/image/clubs/kyoto.svg,out,2026-06-26,麻田 将吾,,1603180,,,,,,DF,DF,,,柏レイソル,,other,,,,,,false,
Japan,ja,2026-08-05 11:41 UTC,J.LEAGUE 公式 (jleague.jp) · 移籍情報 2026/27,€,J1|J2|J3,J1,京都サンガF.C.,,kyoto,https://www.jleague.jp/image/clubs/kyoto.svg,out,2026-06-26,須貝 英大,,1630225,,,,,,DF,DF,,,清水エスパルス,,other,,,,,,false,
Japan,ja,2026-08-05 11:41 UTC,J.LEAGUE 公式 (jleague.jp) · 移籍情報 2026/27,€,J1|J2|J3,J1,京都サンガF.C.,,kyoto,https://www.jleague.jp/image/clubs/kyoto.svg,out,2026-06-11,グスタボ バヘット,,1653073,,,,,,MF,MF,,,未定,契約満了,other,,,,,,false,
Japan,ja,2026-08-05 11:41 UTC,J.LEAGUE 公式 (jleague.jp) · 移籍情報 2026/27,€,J1|J2|J3,J1,ガンバ大阪,,gosaka,https://www.jleague.jp/image/clubs/g-osaka.svg,out,2026-07-07,山本 天翔,,1651449,,,,,,MF,MF,,,ボルシア・ドルトムント (ドイツ),期限付き,loan,,,,,,false,
Japan,ja,2026-08-05 11:41 UTC,J.LEAGUE 公式 (jleague.jp) · 移籍情報 2026/27,€,J1|J2|J3,J1,ガンバ大阪,,gosaka,https://www.jleague.jp/image/clubs/g-osaka.svg,out,2026-07-03,中村 仁郎,,1627456,,,,,,MF,MF,,,栃木SC,,other,,,,,,false,
Japan,ja,2026-08-05 11:41 UTC,J.LEAGUE 公式 (jleague.jp) · 移籍情報 2026/27,€,J1|J2|J3,J1,ガンバ大阪,,gosaka,https://www.jleague.jp/image/clubs/g-osaka.svg,out,2026-06-30,南野 遥海,,1636782,,,,,,FW,FW,,,浦和レッズ,,other,,,,,,false,
Japan,ja,2026-08-05 11:41 UTC,J.LEAGUE 公式 (jleague.jp) · 移籍情報 2026/27,€,J1|J2|J3,J1,ガンバ大阪,,gosaka,https://www.jleague.jp/image/clubs/g-osaka.svg,out,2026-06-28,満田 誠,,1605463,,,,,,MF,MF,,,柏レイソル,期限付き,loan,,,,,,false,
Japan,ja,2026-08-05 11:41 UTC,J.LEAGUE 公式 (jleague.jp) · 移籍情報 2026/27,€,J1|J2|J3,J1,ガンバ大阪,,gosaka,https://www.jleague.jp/image/clubs/g-osaka.svg,out,2026-06-28,唐山 翔自,,1622203,,,,,,FW,FW,,,北海道コンサドーレ札幌,期限付き,loan,,,,,,false,
Japan,ja,2026-08-05 11:41 UTC,J.LEAGUE 公式 (jleague.jp) · 移籍情報 2026/27,€,J1|J2|J3,J1,セレッソ大阪,,cosaka,https://www.jleague.jp/image/clubs/c-osaka.svg,out,2026-07-17,石渡 ネルソン,,1636521,,,,,,MF,MF,,,シント＝トロイデンVV (ベルギー),,other,,,,,,false,
Japan,ja,2026-08-05 11:41 UTC,J.LEAGUE 公式 (jleague.jp) · 移籍情報 2026/27,€,J1|J2|J3,J1,セレッソ大阪,,cosaka,https://www.jleague.jp/image/clubs/c-osaka.svg,out,2026-07-15,吉野 恭平,,1200170,,,,,,MF,MF,,,ペルシジャ・ジャカルタ (インドネシア),,other,,,,,,false,
Japan,ja,2026-08-05 11:41 UTC,J.LEAGUE 公式 (jleague.jp) · 移籍情報 2026/27,€,J1|J2|J3,J1,セレッソ大阪,,cosaka,https://www.jleague.jp/image/clubs/c-osaka.svg,out,2026-06-30,本間 至恩,,1610939,,,,,,MF,MF,,,浦和レッズ,復帰,loan-return,,,,,,false,
Japan,ja,2026-08-05 11:41 UTC,J.LEAGUE 公式 (jleague.jp) · 移籍情報 2026/27,€,J1|J2|J3,J1,セレッソ大阪,,cosaka,https://www.jleague.jp/image/clubs/c-osaka.svg,out,2026-06-28,イェンギ クシニ,,1638769,,,,,,FW,FW,,,アバディーンFC (スコットランド),復帰,loan-return,,,,,,false,
Japan,ja,2026-08-05 11:41 UTC,J.LEAGUE 公式 (jleague.jp) · 移籍情報 2026/27,€,J1|J2|J3,J1,セレッソ大阪,,cosaka,https://www.jleague.jp/image/clubs/c-osaka.svg,out,2026-06-27,福井 光輝,,1609243,,,,,,GK,GK,,,浦和レッズ,,other,,,,,,false,
Japan,ja,2026-08-05 11:41 UTC,J.LEAGUE 公式 (jleague.jp) · 移籍情報 2026/27,€,J1|J2|J3,J1,セレッソ大阪,,cosaka,https://www.jleague.jp/image/clubs/c-osaka.svg,out,2026-06-27,木實 快斗,,1647895,,,,,,MF,MF,,,北海道コンサドーレ札幌,期限付き,loan,,,,,,false,
Japan,ja,2026-08-05 11:41 UTC,J.LEAGUE 公式 (jleague.jp) · 移籍情報 2026/27,€,J1|J2|J3,J1,セレッソ大阪,,cosaka,https://www.jleague.jp/image/clubs/c-osaka.svg,out,2026-06-26,キム ジンヒョン,,900098,,,,,,GK,GK,,,栃木シティ,期限付き,loan,,,,,,false,
Japan,ja,2026-08-05 11:41 UTC,J.LEAGUE 公式 (jleague.jp) · 移籍情報 2026/27,€,J1|J2|J3,J1,セレッソ大阪,,cosaka,https://www.jleague.jp/image/clubs/c-osaka.svg,out,2026-06-26,中島 元彦,,1602938,,,,,,FW,FW,,,ベガルタ仙台,,other,,,,,,false,
Japan,ja,2026-08-05 11:41 UTC,J.LEAGUE 公式 (jleague.jp) · 移籍情報 2026/27,€,J1|J2|J3,J1,セレッソ大阪,,cosaka,https://www.jleague.jp/image/clubs/c-osaka.svg,out,2026-06-25,田中 隼人,,1631733,,,,,,DF,DF,,,柏レイソル,復帰,loan-return,,,,,,false,
Japan,ja,2026-08-05 11:41 UTC,J.LEAGUE 公式 (jleague.jp) · 移籍情報 2026/27,€,J1|J2|J3,J1,セレッソ大阪,,cosaka,https://www.jleague.jp/image/clubs/c-osaka.svg,out,2026-06-25,金本 毅騎,,1651765,,,,,,FW,FW,,,藤枝MYFC,期限付き,loan,,,,,,false,
Japan,ja,2026-08-05 11:41 UTC,J.LEAGUE 公式 (jleague.jp) · 移籍情報 2026/27,€,J1|J2|J3,J1,セレッソ大阪,,cosaka,https://www.jleague.jp/image/clubs/c-osaka.svg,out,2026-06-24,大迫 塁,,1640498,,,,,,MF,MF,,,栃木SC,,other,,,,,,false,
Japan,ja,2026-08-05 11:41 UTC,J.LEAGUE 公式 (jleague.jp) · 移籍情報 2026/27,€,J1|J2|J3,J1,ヴィッセル神戸,,kobe,https://www.jleague.jp/image/clubs/kobe.svg,out,2026-07-29,相澤 デイビッド,,1637306,,,,,,FW,FW,,,大分トリニータ,期限付き,loan,,,,,,false,
Japan,ja,2026-08-05 11:41 UTC,J.LEAGUE 公式 (jleague.jp) · 移籍情報 2026/27,€,J1|J2|J3,J1,ヴィッセル神戸,,kobe,https://www.jleague.jp/image/clubs/kobe.svg,out,2026-07-20,広瀬 陸斗,,1400080,,,,,,DF,DF,,,鹿島アントラーズ,,other,,,,,,false,
Japan,ja,2026-08-05 11:41 UTC,J.LEAGUE 公式 (jleague.jp) · 移籍情報 2026/27,€,J1|J2|J3,J1,ヴィッセル神戸,,kobe,https://www.jleague.jp/image/clubs/kobe.svg,out,2026-06-28,満田 誠,,1605463,,,,,,MF,MF,,,ガンバ大阪,復帰,loan-return,,,,,,false,
Japan,ja,2026-08-05 11:41 UTC,J.LEAGUE 公式 (jleague.jp) · 移籍情報 2026/27,€,J1|J2|J3,J1,ヴィッセル神戸,,kobe,https://www.jleague.jp/image/clubs/kobe.svg,out,2026-06-26,山内 翔,,1617442,,,,,,MF,MF,,,サガン鳥栖,期限付き,loan,,,,,,false,
Japan,ja,2026-08-05 11:41 UTC,J.LEAGUE 公式 (jleague.jp) · 移籍情報 2026/27,€,J1|J2|J3,J1,ヴィッセル神戸,,kobe,https://www.jleague.jp/image/clubs/kobe.svg,out,2026-06-25,宮代 大聖,,,,,,,,FW,FW,,,UDラス・パルマス (スペイン),完全移籍,transfer,,,,,,false,
Japan,ja,2026-08-05 11:41 UTC,J.LEAGUE 公式 (jleague.jp) · 移籍情報 2026/27,€,J1|J2|J3,J1,ヴィッセル神戸,,kobe,https://www.jleague.jp/image/clubs/kobe.svg,out,2026-06-23,乾 貴士,,700799,,,,,,MF,MF,,,ジュビロ磐田,,other,,,,,,false,
Japan,ja,2026-08-05 11:41 UTC,J.LEAGUE 公式 (jleague.jp) · 移籍情報 2026/27,€,J1|J2|J3,J1,ヴィッセル神戸,,kobe,https://www.jleague.jp/image/clubs/kobe.svg,out,2026-06-19,内野 航太郎,,1639096,,,,,,FW,FW,,,ブレンビーIF (デンマーク),復帰,loan-return,,,,,,false,
Japan,ja,2026-08-05 11:41 UTC,J.LEAGUE 公式 (jleague.jp) · 移籍情報 2026/27,€,J1|J2|J3,J1,ファジアーノ岡山,,okayama,https://www.jleague.jp/image/clubs/okayama.svg,out,2026-06-27,ウェリック ポポ,,1652453,,,,,,FW,FW,,,レッドブル・ブラガンチーノ (ブラジル),復帰,loan-return,,,,,,false,
Japan,ja,2026-08-05 11:41 UTC,J.LEAGUE 公式 (jleague.jp) · 移籍情報 2026/27,€,J1|J2|J3,J1,ファジアーノ岡山,,okayama,https://www.jleague.jp/image/clubs/okayama.svg,out,2026-06-25,工藤 孝太,,1632431,,,,,,DF,DF,,,浦和レッズ,復帰,loan-return,,,,,,false,
Japan,ja,2026-08-05 11:41 UTC,J.LEAGUE 公式 (jleague.jp) · 移籍情報 2026/27,€,J1|J2|J3,J1,ファジアーノ岡山,,okayama,https://www.jleague.jp/image/clubs/okayama.svg,out,2026-06-25,嵯峨 理久,,1636323,,,,,,MF,MF,,,鹿児島ユナイテッドFC,完全移籍,transfer,,,,,,false,
Japan,ja,2026-08-05 11:41 UTC,J.LEAGUE 公式 (jleague.jp) · 移籍情報 2026/27,€,J1|J2|J3,J1,ファジアーノ岡山,,okayama,https://www.jleague.jp/image/clubs/okayama.svg,out,2026-06-25,家坂 葉光,,1641614,,,,,,MF,MF,,,テゲバジャーロ宮崎,期限付き,loan,,,,,,false,
Japan,ja,2026-08-05 11:41 UTC,J.LEAGUE 公式 (jleague.jp) · 移籍情報 2026/27,€,J1|J2|J3,J1,ファジアーノ岡山,,okayama,https://www.jleague.jp/image/clubs/okayama.svg,out,2026-06-25,髙橋 旺良,,1652842,,,,,,FW,FW,,,鹿児島ユナイテッドFC,期限付き,loan,,,,,,false,
Japan,ja,2026-08-05 11:41 UTC,J.LEAGUE 公式 (jleague.jp) · 移籍情報 2026/27,€,J1|J2|J3,J1,ファジアーノ岡山,,okayama,https://www.jleague.jp/image/clubs/okayama.svg,out,2026-06-25,バイゴリア ユウト,,1653088,,,,,,FW,FW,,,グアビラ (ボリビア),復帰,loan-return,,,,,,false,
Japan,ja,2026-08-05 11:41 UTC,J.LEAGUE 公式 (jleague.jp) · 移籍情報 2026/27,€,J1|J2|J3,J1,ファジアーノ岡山,,okayama,https://www.jleague.jp/image/clubs/okayama.svg,out,2026-06-24,鷲見 星河,,,,,,,,DF,DF,,,タンピネス・ローバース FC (シンガポール),完全移籍,transfer,,,,,,false,
Japan,ja,2026-08-05 11:41 UTC,J.LEAGUE 公式 (jleague.jp) · 移籍情報 2026/27,€,J1|J2|J3,J1,ファジアーノ岡山,,okayama,https://www.jleague.jp/image/clubs/okayama.svg,out,2026-06-24,太田 龍之介,,1635335,,,,,,FW,FW,,,ジュビロ磐田,期限付き,loan,,,,,,false,
Japan,ja,2026-08-05 11:41 UTC,J.LEAGUE 公式 (jleague.jp) · 移籍情報 2026/27,€,J1|J2|J3,J1,ファジアーノ岡山,,okayama,https://www.jleague.jp/image/clubs/okayama.svg,out,2026-06-22,阿部 海大,,1504495,,,,,,DF,DF,,,サガン鳥栖,,other,,,,,,false,
Japan,ja,2026-08-05 11:41 UTC,J.LEAGUE 公式 (jleague.jp) · 移籍情報 2026/27,€,J1|J2|J3,J1,ファジアーノ岡山,,okayama,https://www.jleague.jp/image/clubs/okayama.svg,out,2026-06-12,藤井 海和,,1633186,,,,,,MF,MF,,,いわきFC,期限付き,loan,,,,,,false,
Japan,ja,2026-08-05 11:41 UTC,J.LEAGUE 公式 (jleague.jp) · 移籍情報 2026/27,€,J1|J2|J3,J1,サンフレッチェ広島,,hiroshima,https://www.jleague.jp/image/clubs/hiroshima.svg,out,2026-07-17,中村 草太,,1635346,,,,,,FW,FW,,,ル・アーヴルAC (フランス),期限付き,loan,,,,,,false,
Japan,ja,2026-08-05 11:41 UTC,J.LEAGUE 公式 (jleague.jp) · 移籍情報 2026/27,€,J1|J2|J3,J1,サンフレッチェ広島,,hiroshima,https://www.jleague.jp/image/clubs/hiroshima.svg,out,2026-06-26,仙波 大志,,1605464,,,,,,MF,MF,,,水戸ホーリーホック,完全移籍,transfer,,,,,,false,
Japan,ja,2026-08-05 11:41 UTC,J.LEAGUE 公式 (jleague.jp) · 移籍情報 2026/27,€,J1|J2|J3,J1,サンフレッチェ広島,,hiroshima,https://www.jleague.jp/image/clubs/hiroshima.svg,out,2026-06-26,木下 康介,,1200538,,,,,,FW,FW,,,清水エスパルス,,other,,,,,,false,
Japan,ja,2026-08-05 11:41 UTC,J.LEAGUE 公式 (jleague.jp) · 移籍情報 2026/27,€,J1|J2|J3,J1,サンフレッチェ広島,,hiroshima,https://www.jleague.jp/image/clubs/hiroshima.svg,out,2026-06-25,ヒル 袈依廉,,1635373,,,,,,GK,GK,,,ブラウブリッツ秋田,期限付き,loan,,,,,,false,
Japan,ja,2026-08-05 11:41 UTC,J.LEAGUE 公式 (jleague.jp) · 移籍情報 2026/27,€,J1|J2|J3,J1,サンフレッチェ広島,,hiroshima,https://www.jleague.jp/image/clubs/hiroshima.svg,out,2026-06-25,小原 基樹,,1635360,,,,,,MF,MF,,,ジュビロ磐田,期限付き,loan,,,,,,false,
Japan,ja,2026-08-05 11:41 UTC,J.LEAGUE 公式 (jleague.jp) · 移籍情報 2026/27,€,J1|J2|J3,J1,サンフレッチェ広島,,hiroshima,https://www.jleague.jp/image/clubs/hiroshima.svg,out,2026-06-12,ジャーメイン 良,,1503337,,,,,,FW,FW,,,清水エスパルス,,other,,,,,,false,
Japan,ja,2026-08-05 11:41 UTC,J.LEAGUE 公式 (jleague.jp) · 移籍情報 2026/27,€,J1|J2|J3,J1,アビスパ福岡,,fukuoka,https://www.jleague.jp/image/clubs/fukuoka.svg,out,2026-07-04,シャハブ ザヘディ,,1646310,,,,,,FW,FW,,,ジョホール・ダルル・タクジムFC (マレーシア),,other,,,,,,false,
Japan,ja,2026-08-05 11:41 UTC,J.LEAGUE 公式 (jleague.jp) · 移籍情報 2026/27,€,J1|J2|J3,J1,アビスパ福岡,,fukuoka,https://www.jleague.jp/image/clubs/fukuoka.svg,out,2026-06-29,松山 健太,,1632257,,,,,,GK,GK,,,テゲバジャーロ宮崎,,other,,,,,,false,
Japan,ja,2026-08-05 11:41 UTC,J.LEAGUE 公式 (jleague.jp) · 移籍情報 2026/27,€,J1|J2|J3,J1,アビスパ福岡,,fukuoka,https://www.jleague.jp/image/clubs/fukuoka.svg,out,2026-06-29,井上 聖也,,1632532,,,,,,DF,DF,,,大分トリニータ,期限付き,loan,,,,,,false,
Japan,ja,2026-08-05 11:41 UTC,J.LEAGUE 公式 (jleague.jp) · 移籍情報 2026/27,€,J1|J2|J3,J1,アビスパ福岡,,fukuoka,https://www.jleague.jp/image/clubs/fukuoka.svg,out,2026-06-29,キム ムンヒョン,,1651274,,,,,,DF,DF,,,鹿児島ユナイテッドFC,期限付き,loan,,,,,,false,
Japan,ja,2026-08-05 11:41 UTC,J.LEAGUE 公式 (jleague.jp) · 移籍情報 2026/27,€,J1|J2|J3,J1,アビスパ福岡,,fukuoka,https://www.jleague.jp/image/clubs/fukuoka.svg,out,2026-06-24,池田 樹雷人,,1500496,,,,,,DF,DF,,,鹿児島ユナイテッドFC,,other,,,,,,false,
Japan,ja,2026-08-05 11:41 UTC,J.LEAGUE 公式 (jleague.jp) · 移籍情報 2026/27,€,J1|J2|J3,J1,アビスパ福岡,,fukuoka,https://www.jleague.jp/image/clubs/fukuoka.svg,out,2026-06-21,森山 公弥,,1630210,,,,,,DF,DF,,,大分トリニータ,期限付き,loan,,,,,,false,
Japan,ja,2026-08-05 11:41 UTC,J.LEAGUE 公式 (jleague.jp) · 移籍情報 2026/27,€,J1|J2|J3,J1,アビスパ福岡,,fukuoka,https://www.jleague.jp/image/clubs/fukuoka.svg,out,2026-06-17,道脇 豊,,1636787,,,,,,FW,FW,,,いわきFC,期限付き,loan,,,,,,false,
Japan,ja,2026-08-05 11:41 UTC,J.LEAGUE 公式 (jleague.jp) · 移籍情報 2026/27,€,J1|J2|J3,J1,アビスパ福岡,,fukuoka,https://www.jleague.jp/image/clubs/fukuoka.svg,out,2026-06-03,ナッシム ベン カリファ,,1637297,,,,,,FW,FW,,,未定,契約満了,other,,,,,,false,
Japan,ja,2026-08-05 11:41 UTC,J.LEAGUE 公式 (jleague.jp) · 移籍情報 2026/27,€,J1|J2|J3,J1,V・ファーレン長崎,,nagasaki,https://www.jleague.jp/image/clubs/nagasaki.svg,out,2026-07-21,西村 蓮音,,,,,,,,MF,MF,,,台中 FUTURO (台湾),期限付き,loan,,,,,,false,
Japan,ja,2026-08-05 11:41 UTC,J.LEAGUE 公式 (jleague.jp) · 移籍情報 2026/27,€,J1|J2|J3,J1,V・ファーレン長崎,,nagasaki,https://www.jleague.jp/image/clubs/nagasaki.svg,out,2026-07-21,齋藤 遼太,,,,,,,,MF,MF,,,台中 FUTURO (台湾),期限付き,loan,,,,,,false,
Japan,ja,2026-08-05 11:41 UTC,J.LEAGUE 公式 (jleague.jp) · 移籍情報 2026/27,€,J1|J2|J3,J1,V・ファーレン長崎,,nagasaki,https://www.jleague.jp/image/clubs/nagasaki.svg,out,2026-07-10,笠柳 翼,,1636251,,,,,,MF,MF,,,パトロ・アイスデン・マースメヘレン (ベルギー),期限付き,loan,,,,,,false,
Japan,ja,2026-08-05 11:41 UTC,J.LEAGUE 公式 (jleague.jp) · 移籍情報 2026/27,€,J1|J2|J3,J1,V・ファーレン長崎,,nagasaki,https://www.jleague.jp/image/clubs/nagasaki.svg,out,2026-06-27,安部 大晴,,,,,,,,MF,MF,,,ホルシュタイン・キール (ドイツ),期限付き,loan,,,,,,false,
Japan,ja,2026-08-05 11:41 UTC,J.LEAGUE 公式 (jleague.jp) · 移籍情報 2026/27,€,J1|J2|J3,J1,V・ファーレン長崎,,nagasaki,https://www.jleague.jp/image/clubs/nagasaki.svg,out,2026-06-26,七牟禮 蒼杜,,1615895,,,,,,FW,FW,,,高知ユナイテッドＳＣ,,other,,,,,,false,
Japan,ja,2026-08-05 11:41 UTC,J.LEAGUE 公式 (jleague.jp) · 移籍情報 2026/27,€,J1|J2|J3,J1,V・ファーレン長崎,,nagasaki,https://www.jleague.jp/image/clubs/nagasaki.svg,out,2026-06-24,原田 岳,,1600306,,,,,,GK,GK,,,カターレ富山,完全移籍,transfer,,,,,,false,
Japan,ja,2026-08-05 11:41 UTC,J.LEAGUE 公式 (jleague.jp) · 移籍情報 2026/27,€,J1|J2|J3,J1,V・ファーレン長崎,,nagasaki,https://www.jleague.jp/image/clubs/nagasaki.svg,out,2026-06-24,佐々木 奈琉,,1639132,,,,,,DF,DF,,,福島ユナイテッドFC,期限付き,loan,,,,,,false,
Japan,ja,2026-08-05 11:41 UTC,J.LEAGUE 公式 (jleague.jp) · 移籍情報 2026/27,€,J1|J2|J3,J1,V・ファーレン長崎,,nagasaki,https://www.jleague.jp/image/clubs/nagasaki.svg,out,2026-06-22,田所 莉旺,,1651269,,,,,,DF,DF,,,高知ユナイテッドＳＣ,期限付き,loan,,,,,,false,
Japan,ja,2026-08-05 11:41 UTC,J.LEAGUE 公式 (jleague.jp) · 移籍情報 2026/27,€,J1|J2|J3,J1,V・ファーレン長崎,,nagasaki,https://www.jleague.jp/image/clubs/nagasaki.svg,out,2026-06-19,青木 俊輔,,1635460,,,,,,MF,MF,,,藤枝MYFC,期限付き,loan,,,,,,false,
Japan,ja,2026-08-05 11:41 UTC,J.LEAGUE 公式 (jleague.jp) · 移籍情報 2026/27,€,J1|J2|J3,J1,V・ファーレン長崎,,nagasaki,https://www.jleague.jp/image/clubs/nagasaki.svg,out,2026-06-18,照山 颯人,,1624296,,,,,,DF,DF,,,栃木シティ,期限付き,loan,,,,,,false,
Japan,ja,2026-08-05 11:41 UTC,J.LEAGUE 公式 (jleague.jp) · 移籍情報 2026/27,€,J1|J2|J3,J1,V・ファーレン長崎,,nagasaki,https://www.jleague.jp/image/clubs/nagasaki.svg,out,2026-06-18,櫛引 一紀,,1100205,,,,,,DF,DF,,,FC今治,,other,,,,,,false,
Japan,ja,2026-08-05 11:41 UTC,J.LEAGUE 公式 (jleague.jp) · 移籍情報 2026/27,€,J1|J2|J3,J2,北海道コンサドーレ札幌,,sapporo,https://www.jleague.jp/image/clubs/sapporo.svg,in,2026-07-17,真田 蓮司,,1647384,,,,,,MF,MF,,,関西大学,新加入,transfer,,,,,,false,
Japan,ja,2026-08-05 11:41 UTC,J.LEAGUE 公式 (jleague.jp) · 移籍情報 2026/27,€,J1|J2|J3,J2,北海道コンサドーレ札幌,,sapporo,https://www.jleague.jp/image/clubs/sapporo.svg,in,2026-06-28,唐山 翔自,,1622203,,,,,,FW,FW,,,ガンバ大阪,期限付き,loan,,,,,,false,
Japan,ja,2026-08-05 11:41 UTC,J.LEAGUE 公式 (jleague.jp) · 移籍情報 2026/27,€,J1|J2|J3,J2,北海道コンサドーレ札幌,,sapporo,https://www.jleague.jp/image/clubs/sapporo.svg,in,2026-06-27,野瀬 翔也,,1650549,,,,,,DF,DF,,,ザスパ群馬,新加入,transfer,,,,,,false,
Japan,ja,2026-08-05 11:41 UTC,J.LEAGUE 公式 (jleague.jp) · 移籍情報 2026/27,€,J1|J2|J3,J2,北海道コンサドーレ札幌,,sapporo,https://www.jleague.jp/image/clubs/sapporo.svg,in,2026-06-27,木實 快斗,,1647895,,,,,,MF,MF,,,セレッソ大阪,期限付き,loan,,,,,,false,
Japan,ja,2026-08-05 11:41 UTC,J.LEAGUE 公式 (jleague.jp) · 移籍情報 2026/27,€,J1|J2|J3,J2,北海道コンサドーレ札幌,,sapporo,https://www.jleague.jp/image/clubs/sapporo.svg,in,2026-06-27,ヴィニ ペイショット,,1657476,,,,,,FW,FW,,,清水エスパルス,期限付き,loan,,,,,,false,
Japan,ja,2026-08-05 11:41 UTC,J.LEAGUE 公式 (jleague.jp) · 移籍情報 2026/27,€,J1|J2|J3,J2,ヴァンラーレ八戸,,hachinohe,https://www.jleague.jp/image/clubs/hachinohe.svg,in,2026-06-28,カウン ゼン マラ,,1630155,,,,,,GK,GK,,,FC町田ゼルビア,期限付き,loan,,,,,,false,
Japan,ja,2026-08-05 11:41 UTC,J.LEAGUE 公式 (jleague.jp) · 移籍情報 2026/27,€,J1|J2|J3,J2,ヴァンラーレ八戸,,hachinohe,https://www.jleague.jp/image/clubs/hachinohe.svg,in,2026-06-24,猪狩 祐真,,1647011,,,,,,MF,MF,,,ジェフユナイテッド千葉,期限付き,loan,,,,,,false,
Japan,ja,2026-08-05 11:41 UTC,J.LEAGUE 公式 (jleague.jp) · 移籍情報 2026/27,€,J1|J2|J3,J2,ヴァンラーレ八戸,,hachinohe,https://www.jleague.jp/image/clubs/hachinohe.svg,in,2026-06-24,中野 誠也,,1604865,,,,,,FW,FW,,,RB大宮アルディージャ,完全移籍,transfer,,,,,,false,
Japan,ja,2026-08-05 11:41 UTC,J.LEAGUE 公式 (jleague.jp) · 移籍情報 2026/27,€,J1|J2|J3,J2,ヴァンラーレ八戸,,hachinohe,https://www.jleague.jp/image/clubs/hachinohe.svg,in,2026-06-18,オウイエ ウイリアム,,1640653,,,,,,FW,FW,,,いわきFC,新加入,transfer,,,,,,false,
Japan,ja,2026-08-05 11:41 UTC,J.LEAGUE 公式 (jleague.jp) · 移籍情報 2026/27,€,J1|J2|J3,J2,ヴァンラーレ八戸,,hachinohe,https://www.jleague.jp/image/clubs/hachinohe.svg,in,2026-06-17,佐々木 輝大,,1646520,,,,,,DF,DF,,,水戸ホーリーホック,期限付き,loan,,,,,,false,
Japan,ja,2026-08-05 11:41 UTC,J.LEAGUE 公式 (jleague.jp) · 移籍情報 2026/27,€,J1|J2|J3,J2,ヴァンラーレ八戸,,hachinohe,https://www.jleague.jp/image/clubs/hachinohe.svg,in,2026-06-17,新谷 聖基,,1647558,,,,,,FW,FW,,,高知ユナイテッドＳＣ,新加入,transfer,,,,,,false,
Japan,ja,2026-08-05 11:41 UTC,J.LEAGUE 公式 (jleague.jp) · 移籍情報 2026/27,€,J1|J2|J3,J2,ヴァンラーレ八戸,,hachinohe,https://www.jleague.jp/image/clubs/hachinohe.svg,in,2026-06-12,岡 健太,,1651866,,,,,,FW,FW,,,ラインメール青森,新加入,transfer,,,,,,false,
Japan,ja,2026-08-05 11:41 UTC,J.LEAGUE 公式 (jleague.jp) · 移籍情報 2026/27,€,J1|J2|J3,J2,ベガルタ仙台,,sendai,https://www.jleague.jp/image/clubs/sendai.svg,in,2026-06-26,中島 元彦,,1602938,,,,,,FW,FW,,,セレッソ大阪,新加入,transfer,,,,,,false,
Japan,ja,2026-08-05 11:41 UTC,J.LEAGUE 公式 (jleague.jp) · 移籍情報 2026/27,€,J1|J2|J3,J2,ベガルタ仙台,,sendai,https://www.jleague.jp/image/clubs/sendai.svg,in,2026-06-21,浅倉 廉,,1635390,,,,,,MF,MF,,,藤枝MYFC,新加入,transfer,,,,,,false,
Japan,ja,2026-08-05 11:41 UTC,J.LEAGUE 公式 (jleague.jp) · 移籍情報 2026/27,€,J1|J2|J3,J2,ベガルタ仙台,,sendai,https://www.jleague.jp/image/clubs/sendai.svg,in,2026-06-10,工藤 珠凜,,1650114,,,,,,DF,DF,,,国士舘大学,新加入,transfer,,,,,,false,
Japan,ja,2026-08-05 11:41 UTC,J.LEAGUE 公式 (jleague.jp) · 移籍情報 2026/27,€,J1|J2|J3,J2,ブラウブリッツ秋田,,akita,https://www.jleague.jp/image/clubs/akita.svg,in,2026-06-29,田中 純,,1657450,,,,,,MF,MF,,,IPU・環太平洋大学,新加入,transfer,,,,,,false,
Japan,ja,2026-08-05 11:41 UTC,J.LEAGUE 公式 (jleague.jp) · 移籍情報 2026/27,€,J1|J2|J3,J2,ブラウブリッツ秋田,,akita,https://www.jleague.jp/image/clubs/akita.svg,in,2026-06-25,ヒル 袈依廉,,1635373,,,,,,GK,GK,,,サンフレッチェ広島,期限付き,loan,,,,,,false,
Japan,ja,2026-08-05 11:41 UTC,J.LEAGUE 公式 (jleague.jp) · 移籍情報 2026/27,€,J1|J2|J3,J2,ブラウブリッツ秋田,,akita,https://www.jleague.jp/image/clubs/akita.svg,in,2026-06-22,岩井 琢朗,,1632784,,,,,,MF,MF,,,ジェフユナイテッド千葉,期限付き,loan,,,,,,false,
Japan,ja,2026-08-05 11:41 UTC,J.LEAGUE 公式 (jleague.jp) · 移籍情報 2026/27,€,J1|J2|J3,J2,ブラウブリッツ秋田,,akita,https://www.jleague.jp/image/clubs/akita.svg,in,2026-06-19,川上 エドオジョン 智慧,,1605931,,,,,,MF,MF,,,藤枝MYFC,期限付き,loan,,,,,,false,
Japan,ja,2026-08-05 11:41 UTC,J.LEAGUE 公式 (jleague.jp) · 移籍情報 2026/27,€,J1|J2|J3,J2,ブラウブリッツ秋田,,akita,https://www.jleague.jp/image/clubs/akita.svg,in,2026-06-19,粟飯原 尚平,,1624311,,,,,,FW,FW,,,水戸ホーリーホック,新加入,transfer,,,,,,false,
Japan,ja,2026-08-05 11:41 UTC,J.LEAGUE 公式 (jleague.jp) · 移籍情報 2026/27,€,J1|J2|J3,J2,モンテディオ山形,,yamagata,https://www.jleague.jp/image/clubs/yamagata.svg,in,2026-06-27,寺山 翼,,1605839,,,,,,MF,MF,,,FC東京,完全移籍,transfer,,,,,,false,
Japan,ja,2026-08-05 11:41 UTC,J.LEAGUE 公式 (jleague.jp) · 移籍情報 2026/27,€,J1|J2|J3,J2,モンテディオ山形,,yamagata,https://www.jleague.jp/image/clubs/yamagata.svg,in,2026-06-24,杉井 颯,,1620803,,,,,,DF,DF,,,鹿児島ユナイテッドFC,新加入,transfer,,,,,,false,
Japan,ja,2026-08-05 11:41 UTC,J.LEAGUE 公式 (jleague.jp) · 移籍情報 2026/27,€,J1|J2|J3,J2,モンテディオ山形,,yamagata,https://www.jleague.jp/image/clubs/yamagata.svg,in,2026-06-24,森岡 陸,,1603078,,,,,,DF,DF,,,ジュビロ磐田,新加入,transfer,,,,,,false,
Japan,ja,2026-08-05 11:41 UTC,J.LEAGUE 公式 (jleague.jp) · 移籍情報 2026/27,€,J1|J2|J3,J2,モンテディオ山形,,yamagata,https://www.jleague.jp/image/clubs/yamagata.svg,in,2026-06-22,佐藤 瑠星,,1636992,,,,,,GK,GK,,,浦和レッズ,期限付き,loan,,,,,,false,
Japan,ja,2026-08-05 11:41 UTC,J.LEAGUE 公式 (jleague.jp) · 移籍情報 2026/27,€,J1|J2|J3,J2,モンテディオ山形,,yamagata,https://www.jleague.jp/image/clubs/yamagata.svg,in,2026-06-22,川名 連介,,1645969,,,,,,FW,FW,,,栃木SC,新加入,transfer,,,,,,false,
Japan,ja,2026-08-05 11:41 UTC,J.LEAGUE 公式 (jleague.jp) · 移籍情報 2026/27,€,J1|J2|J3,J2,モンテディオ山形,,yamagata,https://www.jleague.jp/image/clubs/yamagata.svg,in,2026-06-19,森 海渡,,1614204,,,,,,FW,FW,,,横浜FC,新加入,transfer,,,,,,false,
Japan,ja,2026-08-05 11:41 UTC,J.LEAGUE 公式 (jleague.jp) · 移籍情報 2026/27,€,J1|J2|J3,J2,いわきFC,,iwaki,https://www.jleague.jp/image/clubs/iwaki.svg,in,2026-07-31,中山 竜之介,,1651552,,,,,,MF,MF,,,東海大学,新加入,transfer,,,,,,false,
Japan,ja,2026-08-05 11:41 UTC,J.LEAGUE 公式 (jleague.jp) · 移籍情報 2026/27,€,J1|J2|J3,J2,いわきFC,,iwaki,https://www.jleague.jp/image/clubs/iwaki.svg,in,2026-06-25,岩下 航,,1631772,,,,,,DF,DF,,,ロアッソ熊本,新加入,transfer,,,,,,false,
Japan,ja,2026-08-05 11:41 UTC,J.LEAGUE 公式 (jleague.jp) · 移籍情報 2026/27,€,J1|J2|J3,J2,いわきFC,,iwaki,https://www.jleague.jp/image/clubs/iwaki.svg,in,2026-06-25,岡庭 愁人,,1604990,,,,,,DF,DF,,,湘南ベルマーレ,期限付き,loan,,,,,,false,
Japan,ja,2026-08-05 11:41 UTC,J.LEAGUE 公式 (jleague.jp) · 移籍情報 2026/27,€,J1|J2|J3,J2,いわきFC,,iwaki,https://www.jleague.jp/image/clubs/iwaki.svg,in,2026-06-21,牛澤 健,,1641535,,,,,,DF,DF,,,水戸ホーリーホック,期限付き,loan,,,,,,false,
Japan,ja,2026-08-05 11:41 UTC,J.LEAGUE 公式 (jleague.jp) · 移籍情報 2026/27,€,J1|J2|J3,J2,いわきFC,,iwaki,https://www.jleague.jp/image/clubs/iwaki.svg,in,2026-06-17,道脇 豊,,1636787,,,,,,FW,FW,,,アビスパ福岡,期限付き,loan,,,,,,false,
Japan,ja,2026-08-05 11:41 UTC,J.LEAGUE 公式 (jleague.jp) · 移籍情報 2026/27,€,J1|J2|J3,J2,いわきFC,,iwaki,https://www.jleague.jp/image/clubs/iwaki.svg,in,2026-06-12,藤井 海和,,1633186,,,,,,MF,MF,,,ファジアーノ岡山,期限付き,loan,,,,,,false,
Japan,ja,2026-08-05 11:41 UTC,J.LEAGUE 公式 (jleague.jp) · 移籍情報 2026/27,€,J1|J2|J3,J2,栃木シティ,,tochigic,https://www.jleague.jp/image/clubs/tochigi-c.svg,in,2026-06-29,西村 朋倭,,1657484,,,,,,FW,FW,,,AIE国際高校,新加入,transfer,,,,,,false,
Japan,ja,2026-08-05 11:41 UTC,J.LEAGUE 公式 (jleague.jp) · 移籍情報 2026/27,€,J1|J2|J3,J2,栃木シティ,,tochigic,https://www.jleague.jp/image/clubs/tochigi-c.svg,in,2026-06-26,キム ジンヒョン,,900098,,,,,,GK,GK,,,セレッソ大阪,期限付き,loan,,,,,,false,
Japan,ja,2026-08-05 11:41 UTC,J.LEAGUE 公式 (jleague.jp) · 移籍情報 2026/27,€,J1|J2|J3,J2,栃木シティ,,tochigic,https://www.jleague.jp/image/clubs/tochigi-c.svg,in,2026-06-26,トクマック グェン,,1657485,,,,,,FW,FW,,,アル・アフドゥードゥ (サウジアラビア),新加入,transfer,,,,,,false,
Japan,ja,2026-08-05 11:41 UTC,J.LEAGUE 公式 (jleague.jp) · 移籍情報 2026/27,€,J1|J2|J3,J2,栃木シティ,,tochigic,https://www.jleague.jp/image/clubs/tochigi-c.svg,in,2026-06-20,バスケス バイロン,,1636311,,,,,,FW,FW,,,FC町田ゼルビア,期限付き,loan,,,,,,false,
Japan,ja,2026-08-05 11:41 UTC,J.LEAGUE 公式 (jleague.jp) · 移籍情報 2026/27,€,J1|J2|J3,J2,栃木シティ,,tochigic,https://www.jleague.jp/image/clubs/tochigi-c.svg,in,2026-06-18,照山 颯人,,1624296,,,,,,DF,DF,,,V・ファーレン長崎,期限付き,loan,,,,,,false,
Japan,ja,2026-08-05 11:41 UTC,J.LEAGUE 公式 (jleague.jp) · 移籍情報 2026/27,€,J1|J2|J3,J2,栃木シティ,,tochigic,https://www.jleague.jp/image/clubs/tochigi-c.svg,in,2026-06-12,村田 智哉,,1657483,,,,,,GK,GK,,,栃木シティU-25,期限付き,loan,,,,,,false,
Japan,ja,2026-08-05 11:41 UTC,J.LEAGUE 公式 (jleague.jp) · 移籍情報 2026/27,€,J1|J2|J3,J2,RB大宮アルディージャ,,omiya,https://www.jleague.jp/image/clubs/omiya.svg,in,2026-07-23,日隠 ナシュ 大士,,1657559,,,,,,MF,MF,,,産業能率大学,新加入,transfer,,,,,,false,
Japan,ja,2026-08-05 11:41 UTC,J.LEAGUE 公式 (jleague.jp) · 移籍情報 2026/27,€,J1|J2|J3,J2,RB大宮アルディージャ,,omiya,https://www.jleague.jp/image/clubs/omiya.svg,in,2026-07-06,カルリーニョス ジュニオ,,1629926,,,,,,FW,FW,,,ジェフユナイテッド千葉,新加入,transfer,,,,,,false,
Japan,ja,2026-08-05 11:41 UTC,J.LEAGUE 公式 (jleague.jp) · 移籍情報 2026/27,€,J1|J2|J3,J2,RB大宮アルディージャ,,omiya,https://www.jleague.jp/image/clubs/omiya.svg,in,2026-06-30,山本 桜大,,1639186,,,,,,FW,FW,,,RBライプツィヒ (ドイツ),期限付き,loan,,,,,,false,
Japan,ja,2026-08-05 11:41 UTC,J.LEAGUE 公式 (jleague.jp) · 移籍情報 2026/27,€,J1|J2|J3,J2,RB大宮アルディージャ,,omiya,https://www.jleague.jp/image/clubs/omiya.svg,in,2026-06-27,スファナット ムエアンタ,,1618534,,,,,,MF,MF,,,ブリーラム・ユナイテッド (タイ),新加入,transfer,,,,,,false,
Japan,ja,2026-08-05 11:41 UTC,J.LEAGUE 公式 (jleague.jp) · 移籍情報 2026/27,€,J1|J2|J3,J2,RB大宮アルディージャ,,omiya,https://www.jleague.jp/image/clubs/omiya.svg,in,2026-06-01,小林 柚希,,1651478,,,,,,MF,MF,,,ＲＢ大宮アルディージャＵ１８,新加入,transfer,,,,,,false,
Japan,ja,2026-08-05 11:41 UTC,J.LEAGUE 公式 (jleague.jp) · 移籍情報 2026/27,€,J1|J2|J3,J2,横浜FC,,yokohamafc,https://www.jleague.jp/image/clubs/yokohama-fc.svg,in,2026-06-29,清水 悠斗,,1637146,,,,,,MF,MF,,,FCティアモ枚方,復帰,loan-return,,,,,,false,
Japan,ja,2026-08-05 11:41 UTC,J.LEAGUE 公式 (jleague.jp) · 移籍情報 2026/27,€,J1|J2|J3,J2,横浜FC,,yokohamafc,https://www.jleague.jp/image/clubs/yokohama-fc.svg,in,2026-06-28,島村 拓弥,,1607206,,,,,,MF,MF,,,柏レイソル,期限付き,loan,,,,,,false,
Japan,ja,2026-08-05 11:41 UTC,J.LEAGUE 公式 (jleague.jp) · 移籍情報 2026/27,€,J1|J2|J3,J2,横浜FC,,yokohamafc,https://www.jleague.jp/image/clubs/yokohama-fc.svg,in,2026-06-18,齋藤 翔,,1651709,,,,,,FW,FW,,,横浜ＦＣユース,新加入,transfer,,,,,,false,
Japan,ja,2026-08-05 11:41 UTC,J.LEAGUE 公式 (jleague.jp) · 移籍情報 2026/27,€,J1|J2|J3,J2,横浜FC,,yokohamafc,https://www.jleague.jp/image/clubs/yokohama-fc.svg,in,2026-06-15,佃 颯太,,1646786,,,,,,DF,DF,,,KAAヘント (ベルギー),復帰,loan-return,,,,,,false,
Japan,ja,2026-08-05 11:41 UTC,J.LEAGUE 公式 (jleague.jp) · 移籍情報 2026/27,€,J1|J2|J3,J2,横浜FC,,yokohamafc,https://www.jleague.jp/image/clubs/yokohama-fc.svg,in,2026-06-09,中村 琉聖,,1638462,,,,,,DF,DF,,,東洋大学,新加入,transfer,,,,,,false,
Japan,ja,2026-08-05 11:41 UTC,J.LEAGUE 公式 (jleague.jp) · 移籍情報 2026/27,€,J1|J2|J3,J2,湘南ベルマーレ,,shonan,https://www.jleague.jp/image/clubs/shonan.svg,in,2026-07-07,松村 秀明,,1656840,,,,,,DF,DF,,,湘南ベルマーレＵ－１８,新加入,transfer,,,,,,false,
Japan,ja,2026-08-05 11:41 UTC,J.LEAGUE 公式 (jleague.jp) · 移籍情報 2026/27,€,J1|J2|J3,J2,湘南ベルマーレ,,shonan,https://www.jleague.jp/image/clubs/shonan.svg,in,2026-07-07,中村 龍,,1656123,,,,,,MF,MF,,,湘南ベルマーレＵ－１８,新加入,transfer,,,,,,false,
Japan,ja,2026-08-05 11:41 UTC,J.LEAGUE 公式 (jleague.jp) · 移籍情報 2026/27,€,J1|J2|J3,J2,湘南ベルマーレ,,shonan,https://www.jleague.jp/image/clubs/shonan.svg,in,2026-06-23,本多 康太郎,,1644968,,,,,,DF,DF,,,ヴァンラーレ八戸,復帰,loan-return,,,,,,false,
Japan,ja,2026-08-05 11:41 UTC,J.LEAGUE 公式 (jleague.jp) · 移籍情報 2026/27,€,J1|J2|J3,J2,湘南ベルマーレ,,shonan,https://www.jleague.jp/image/clubs/shonan.svg,in,2026-06-22,西野 太陽,,1630209,,,,,,FW,FW,,,徳島ヴォルティス,新加入,transfer,,,,,,false,
Japan,ja,2026-08-05 11:41 UTC,J.LEAGUE 公式 (jleague.jp) · 移籍情報 2026/27,€,J1|J2|J3,J2,湘南ベルマーレ,,shonan,https://www.jleague.jp/image/clubs/shonan.svg,in,2026-06-18,深澤 佑太,,1640612,,,,,,MF,MF,,,松本山雅FC,新加入,transfer,,,,,,false,
Japan,ja,2026-08-05 11:41 UTC,J.LEAGUE 公式 (jleague.jp) · 移籍情報 2026/27,€,J1|J2|J3,J2,湘南ベルマーレ,,shonan,https://www.jleague.jp/image/clubs/shonan.svg,in,2026-06-15,上月 壮一郎,,1601789,,,,,,MF,MF,,,FCヴィクトリア・ケルン (ドイツ),新加入,transfer,,,,,,false,
Japan,ja,2026-08-05 11:41 UTC,J.LEAGUE 公式 (jleague.jp) · 移籍情報 2026/27,€,J1|J2|J3,J2,湘南ベルマーレ,,shonan,https://www.jleague.jp/image/clubs/shonan.svg,in,2026-06-14,堂鼻 起暉,,1602932,,,,,,DF,DF,,,いわきFC,新加入,transfer,,,,,,false,
Japan,ja,2026-08-05 11:41 UTC,J.LEAGUE 公式 (jleague.jp) · 移籍情報 2026/27,€,J1|J2|J3,J2,ヴァンフォーレ甲府,,kofu,https://www.jleague.jp/image/clubs/kofu.svg,in,2026-07-09,前澤 拓城,,1644029,,,,,,FW,FW,,,明治大学,新加入,transfer,,,,,,false,
Japan,ja,2026-08-05 11:41 UTC,J.LEAGUE 公式 (jleague.jp) · 移籍情報 2026/27,€,J1|J2|J3,J2,ヴァンフォーレ甲府,,kofu,https://www.jleague.jp/image/clubs/kofu.svg,in,2026-06-24,和田 拓也,,900054,,,,,,MF,MF,,,RB大宮アルディージャ,新加入,transfer,,,,,,false,
Japan,ja,2026-08-05 11:41 UTC,J.LEAGUE 公式 (jleague.jp) · 移籍情報 2026/27,€,J1|J2|J3,J2,ヴァンフォーレ甲府,,kofu,https://www.jleague.jp/image/clubs/kofu.svg,in,2026-06-18,末木 裕也,,1624512,,,,,,MF,MF,,,カターレ富山,新加入,transfer,,,,,,false,
Japan,ja,2026-08-05 11:41 UTC,J.LEAGUE 公式 (jleague.jp) · 移籍情報 2026/27,€,J1|J2|J3,J2,アルビレックス新潟,,niigata,https://www.jleague.jp/image/clubs/niigata.svg,in,2026-07-31,イウリ カスティーリョ,,,,,,,,FW,FW,,,コリチーバFC (ブラジル),新加入,transfer,,,,,,false,
Japan,ja,2026-08-05 11:41 UTC,J.LEAGUE 公式 (jleague.jp) · 移籍情報 2026/27,€,J1|J2|J3,J2,アルビレックス新潟,,niigata,https://www.jleague.jp/image/clubs/niigata.svg,in,2026-06-29,松浦 大翔,,1655908,,,,,,GK,GK,,,アルビレックス新潟Ｕ－１８,新加入,transfer,,,,,,false,
Japan,ja,2026-08-05 11:41 UTC,J.LEAGUE 公式 (jleague.jp) · 移籍情報 2026/27,€,J1|J2|J3,J2,アルビレックス新潟,,niigata,https://www.jleague.jp/image/clubs/niigata.svg,in,2026-06-29,前田 椋介,,1629441,,,,,,MF,MF,,,愛媛FC,新加入,transfer,,,,,,false,
Japan,ja,2026-08-05 11:41 UTC,J.LEAGUE 公式 (jleague.jp) · 移籍情報 2026/27,€,J1|J2|J3,J2,アルビレックス新潟,,niigata,https://www.jleague.jp/image/clubs/niigata.svg,in,2026-06-25,桑山 侃士,,1641528,,,,,,FW,FW,,,FC町田ゼルビア,期限付き,loan,,,,,,false,
Japan,ja,2026-08-05 11:41 UTC,J.LEAGUE 公式 (jleague.jp) · 移籍情報 2026/27,€,J1|J2|J3,J2,カターレ富山,,toyama,https://www.jleague.jp/image/clubs/toyama.svg,in,2026-08-04,内田 煌生,,,,,,,,MF,MF,,,流通経済大学付属柏高等学校,新加入,transfer,,,,,,false,
Japan,ja,2026-08-05 11:41 UTC,J.LEAGUE 公式 (jleague.jp) · 移籍情報 2026/27,€,J1|J2|J3,J2,カターレ富山,,toyama,https://www.jleague.jp/image/clubs/toyama.svg,in,2026-07-01,カン ミヌ,,1646136,,,,,,DF,DF,,,蔚山HD FC (韓国),期限付き,loan,,,,,,false,
Japan,ja,2026-08-05 11:41 UTC,J.LEAGUE 公式 (jleague.jp) · 移籍情報 2026/27,€,J1|J2|J3,J2,カターレ富山,,toyama,https://www.jleague.jp/image/clubs/toyama.svg,in,2026-06-25,國武 勇斗,,1644023,,,,,,MF,MF,,,奈良クラブ,新加入,transfer,,,,,,false,
Japan,ja,2026-08-05 11:41 UTC,J.LEAGUE 公式 (jleague.jp) · 移籍情報 2026/27,€,J1|J2|J3,J2,カターレ富山,,toyama,https://www.jleague.jp/image/clubs/toyama.svg,in,2026-06-24,原田 岳,,1600306,,,,,,GK,GK,,,V・ファーレン長崎,完全移籍,transfer,,,,,,false,
Japan,ja,2026-08-05 11:41 UTC,J.LEAGUE 公式 (jleague.jp) · 移籍情報 2026/27,€,J1|J2|J3,J2,カターレ富山,,toyama,https://www.jleague.jp/image/clubs/toyama.svg,in,2026-06-18,松本 遥翔,,1644451,,,,,,DF,DF,,,鹿島アントラーズ,期限付き,loan,,,,,,false,
Japan,ja,2026-08-05 11:41 UTC,J.LEAGUE 公式 (jleague.jp) · 移籍情報 2026/27,€,J1|J2|J3,J2,ジュビロ磐田,,iwata,https://www.jleague.jp/image/clubs/iwata.svg,in,2026-07-17,ジョアン ヴィクトル,,,,,,,,FW,FW,,,ベルソSC (ポルトガル),期限付き,loan,,,,,,false,
Japan,ja,2026-08-05 11:41 UTC,J.LEAGUE 公式 (jleague.jp) · 移籍情報 2026/27,€,J1|J2|J3,J2,ジュビロ磐田,,iwata,https://www.jleague.jp/image/clubs/iwata.svg,in,2026-07-09,イアゴ テレス,,,,,,,,FW,FW,,,ロンドリーナEC (ブラジル),期限付き,loan,,,,,,false,
Japan,ja,2026-08-05 11:41 UTC,J.LEAGUE 公式 (jleague.jp) · 移籍情報 2026/27,€,J1|J2|J3,J2,ジュビロ磐田,,iwata,https://www.jleague.jp/image/clubs/iwata.svg,in,2026-07-05,ユーリ ララ,,1627566,,,,,,MF,MF,,,ミラソウFC (ブラジル),新加入,transfer,,,,,,false,
Japan,ja,2026-08-05 11:41 UTC,J.LEAGUE 公式 (jleague.jp) · 移籍情報 2026/27,€,J1|J2|J3,J2,ジュビロ磐田,,iwata,https://www.jleague.jp/image/clubs/iwata.svg,in,2026-06-30,野澤 零温,,1627742,,,,,,FW,FW,,,FC東京,期限付き,loan,,,,,,false,
Japan,ja,2026-08-05 11:41 UTC,J.LEAGUE 公式 (jleague.jp) · 移籍情報 2026/27,€,J1|J2|J3,J2,ジュビロ磐田,,iwata,https://www.jleague.jp/image/clubs/iwata.svg,in,2026-06-28,岩下 雄飛,,,,,,,,DF,DF,,,東海大学付属静岡翔洋高校,新加入,transfer,,,,,,false,
Japan,ja,2026-08-05 11:41 UTC,J.LEAGUE 公式 (jleague.jp) · 移籍情報 2026/27,€,J1|J2|J3,J2,ジュビロ磐田,,iwata,https://www.jleague.jp/image/clubs/iwata.svg,in,2026-06-25,小原 基樹,,1635360,,,,,,MF,MF,,,サンフレッチェ広島,期限付き,loan,,,,,,false,
Japan,ja,2026-08-05 11:41 UTC,J.LEAGUE 公式 (jleague.jp) · 移籍情報 2026/27,€,J1|J2|J3,J2,ジュビロ磐田,,iwata,https://www.jleague.jp/image/clubs/iwata.svg,in,2026-06-24,牲川 歩見,,1200619,,,,,,GK,GK,,,浦和レッズ,新加入,transfer,,,,,,false,
Japan,ja,2026-08-05 11:41 UTC,J.LEAGUE 公式 (jleague.jp) · 移籍情報 2026/27,€,J1|J2|J3,J2,ジュビロ磐田,,iwata,https://www.jleague.jp/image/clubs/iwata.svg,in,2026-06-24,ダニーロ,,1650818,,,,,,DF,DF,,,水戸ホーリーホック,新加入,transfer,,,,,,false,
Japan,ja,2026-08-05 11:41 UTC,J.LEAGUE 公式 (jleague.jp) · 移籍情報 2026/27,€,J1|J2|J3,J2,ジュビロ磐田,,iwata,https://www.jleague.jp/image/clubs/iwata.svg,in,2026-06-24,太田 龍之介,,1635335,,,,,,FW,FW,,,ファジアーノ岡山,期限付き,loan,,,,,,false,
Japan,ja,2026-08-05 11:41 UTC,J.LEAGUE 公式 (jleague.jp) · 移籍情報 2026/27,€,J1|J2|J3,J2,ジュビロ磐田,,iwata,https://www.jleague.jp/image/clubs/iwata.svg,in,2026-06-23,乾 貴士,,700799,,,,,,MF,MF,,,ヴィッセル神戸,新加入,transfer,,,,,,false,
Japan,ja,2026-08-05 11:41 UTC,J.LEAGUE 公式 (jleague.jp) · 移籍情報 2026/27,€,J1|J2|J3,J2,ジュビロ磐田,,iwata,https://www.jleague.jp/image/clubs/iwata.svg,in,2026-06-19,佐藤 大樹,,1610941,,,,,,FW,FW,,,ブラウブリッツ秋田,新加入,transfer,,,,,,false,
Japan,ja,2026-08-05 11:41 UTC,J.LEAGUE 公式 (jleague.jp) · 移籍情報 2026/27,€,J1|J2|J3,J2,藤枝MYFC,,fujieda,https://www.jleague.jp/image/clubs/fujieda.svg,in,2026-06-27,長尾 優斗,,1624844,,,,,,MF,MF,,,水戸ホーリーホック,新加入,transfer,,,,,,false,
Japan,ja,2026-08-05 11:41 UTC,J.LEAGUE 公式 (jleague.jp) · 移籍情報 2026/27,€,J1|J2|J3,J2,藤枝MYFC,,fujieda,https://www.jleague.jp/image/clubs/fujieda.svg,in,2026-06-26,松田 佳大,,1637076,,,,,,DF,DF,,,京都サンガF.C.,新加入,transfer,,,,,,false,
Japan,ja,2026-08-05 11:41 UTC,J.LEAGUE 公式 (jleague.jp) · 移籍情報 2026/27,€,J1|J2|J3,J2,藤枝MYFC,,fujieda,https://www.jleague.jp/image/clubs/fujieda.svg,in,2026-06-26,北原 槙,,1646471,,,,,,MF,MF,,,FC東京,期限付き,loan,,,,,,false,
Japan,ja,2026-08-05 11:41 UTC,J.LEAGUE 公式 (jleague.jp) · 移籍情報 2026/27,€,J1|J2|J3,J2,藤枝MYFC,,fujieda,https://www.jleague.jp/image/clubs/fujieda.svg,in,2026-06-26,川本 梨誉,,1625298,,,,,,FW,FW,,,FC岐阜,新加入,transfer,,,,,,false,
Japan,ja,2026-08-05 11:41 UTC,J.LEAGUE 公式 (jleague.jp) · 移籍情報 2026/27,€,J1|J2|J3,J2,藤枝MYFC,,fujieda,https://www.jleague.jp/image/clubs/fujieda.svg,in,2026-06-25,金本 毅騎,,1651765,,,,,,FW,FW,,,セレッソ大阪,期限付き,loan,,,,,,false,
Japan,ja,2026-08-05 11:41 UTC,J.LEAGUE 公式 (jleague.jp) · 移籍情報 2026/27,€,J1|J2|J3,J2,藤枝MYFC,,fujieda,https://www.jleague.jp/image/clubs/fujieda.svg,in,2026-06-22,上畑 佑平士,,1600520,,,,,,MF,MF,,,福島ユナイテッドFC,新加入,transfer,,,,,,false,
Japan,ja,2026-08-05 11:41 UTC,J.LEAGUE 公式 (jleague.jp) · 移籍情報 2026/27,€,J1|J2|J3,J2,藤枝MYFC,,fujieda,https://www.jleague.jp/image/clubs/fujieda.svg,in,2026-06-20,吉田 舜,,1500285,,,,,,GK,GK,,,浦和レッズ,新加入,transfer,,,,,,false,
Japan,ja,2026-08-05 11:41 UTC,J.LEAGUE 公式 (jleague.jp) · 移籍情報 2026/27,€,J1|J2|J3,J2,藤枝MYFC,,fujieda,https://www.jleague.jp/image/clubs/fujieda.svg,in,2026-06-19,青木 俊輔,,1635460,,,,,,MF,MF,,,V・ファーレン長崎,期限付き,loan,,,,,,false,
Japan,ja,2026-08-05 11:41 UTC,J.LEAGUE 公式 (jleague.jp) · 移籍情報 2026/27,€,J1|J2|J3,J2,藤枝MYFC,,fujieda,https://www.jleague.jp/image/clubs/fujieda.svg,in,2026-06-17,沼田 駿也,,1636242,,,,,,FW,FW,,,FC町田ゼルビア,新加入,transfer,,,,,,false,
Japan,ja,2026-08-05 11:41 UTC,J.LEAGUE 公式 (jleague.jp) · 移籍情報 2026/27,€,J1|J2|J3,J2,藤枝MYFC,,fujieda,https://www.jleague.jp/image/clubs/fujieda.svg,in,2026-06-16,岡本 拓也,,1000072,,,,,,DF,DF,,,大分トリニータ,新加入,transfer,,,,,,false,
Japan,ja,2026-08-05 11:41 UTC,J.LEAGUE 公式 (jleague.jp) · 移籍情報 2026/27,€,J1|J2|J3,J2,藤枝MYFC,,fujieda,https://www.jleague.jp/image/clubs/fujieda.svg,in,2026-06-16,角田 惠風,,1651576,,,,,,MF,MF,,,柏レイソル,期限付き,loan,,,,,,false,
Japan,ja,2026-08-05 11:41 UTC,J.LEAGUE 公式 (jleague.jp) · 移籍情報 2026/27,€,J1|J2|J3,J2,徳島ヴォルティス,,tokushima,https://www.jleague.jp/image/clubs/tokushima.svg,in,2026-06-25,田中 隼人,,1631733,,,,,,DF,DF,,,柏レイソル,期限付き,loan,,,,,,false,
Japan,ja,2026-08-05 11:41 UTC,J.LEAGUE 公式 (jleague.jp) · 移籍情報 2026/27,€,J1|J2|J3,J2,徳島ヴォルティス,,tokushima,https://www.jleague.jp/image/clubs/tokushima.svg,in,2026-06-24,稲見 哲行,,1634685,,,,,,MF,MF,,,東京ヴェルディ,新加入,transfer,,,,,,false,
Japan,ja,2026-08-05 11:41 UTC,J.LEAGUE 公式 (jleague.jp) · 移籍情報 2026/27,€,J1|J2|J3,J2,徳島ヴォルティス,,tokushima,https://www.jleague.jp/image/clubs/tokushima.svg,in,2026-06-11,北村 海 チディ,,1635656,,,,,,GK,GK,,,藤枝MYFC,新加入,transfer,,,,,,false,
Japan,ja,2026-08-05 11:41 UTC,J.LEAGUE 公式 (jleague.jp) · 移籍情報 2026/27,€,J1|J2|J3,J2,徳島ヴォルティス,,tokushima,https://www.jleague.jp/image/clubs/tokushima.svg,in,2026-06-09,伊藤 翼,,1647353,,,,,,MF,MF,,,京都産業大学,新加入,transfer,,,,,,false,
Japan,ja,2026-08-05 11:41 UTC,J.LEAGUE 公式 (jleague.jp) · 移籍情報 2026/27,€,J1|J2|J3,J2,徳島ヴォルティス,,tokushima,https://www.jleague.jp/image/clubs/tokushima.svg,in,2026-06-04,カン ヨンガン,,1657447,,,,,,GK,GK,,,新羅高校 (韓国),新加入,transfer,,,,,,false,
Japan,ja,2026-08-05 11:41 UTC,J.LEAGUE 公式 (jleague.jp) · 移籍情報 2026/27,€,J1|J2|J3,J2,FC今治,,imabari,https://www.jleague.jp/image/clubs/imabari.svg,in,2026-07-22,中井 卓大,,,,,,,,MF,MF,,,CDレガネス (スペイン),新加入,transfer,,,,,,false,
Japan,ja,2026-08-05 11:41 UTC,J.LEAGUE 公式 (jleague.jp) · 移籍情報 2026/27,€,J1|J2|J3,J2,FC今治,,imabari,https://www.jleague.jp/image/clubs/imabari.svg,in,2026-07-19,安部 裕葵,,1607183,,,,,,MF,MF,,,浦和レッズ,新加入,transfer,,,,,,false,
Japan,ja,2026-08-05 11:41 UTC,J.LEAGUE 公式 (jleague.jp) · 移籍情報 2026/27,€,J1|J2|J3,J2,FC今治,,imabari,https://www.jleague.jp/image/clubs/imabari.svg,in,2026-06-25,アレクサンダル パロチェヴィッチ,,1657452,,,,,,MF,MF,,,FCソウル (韓国),新加入,transfer,,,,,,false,
Japan,ja,2026-08-05 11:41 UTC,J.LEAGUE 公式 (jleague.jp) · 移籍情報 2026/27,€,J1|J2|J3,J2,FC今治,,imabari,https://www.jleague.jp/image/clubs/imabari.svg,in,2026-06-25,土屋 巧,,1636246,,,,,,MF,MF,,,柏レイソル,新加入,transfer,,,,,,false,
Japan,ja,2026-08-05 11:41 UTC,J.LEAGUE 公式 (jleague.jp) · 移籍情報 2026/27,€,J1|J2|J3,J2,FC今治,,imabari,https://www.jleague.jp/image/clubs/imabari.svg,in,2026-06-23,菊地 健太,,1604175,,,,,,DF,DF,,,ザスパ群馬,新加入,transfer,,,,,,false,
Japan,ja,2026-08-05 11:41 UTC,J.LEAGUE 公式 (jleague.jp) · 移籍情報 2026/27,€,J1|J2|J3,J2,FC今治,,imabari,https://www.jleague.jp/image/clubs/imabari.svg,in,2026-06-18,櫛引 一紀,,1100205,,,,,,DF,DF,,,V・ファーレン長崎,新加入,transfer,,,,,,false,
Japan,ja,2026-08-05 11:41 UTC,J.LEAGUE 公式 (jleague.jp) · 移籍情報 2026/27,€,J1|J2|J3,J2,FC今治,,imabari,https://www.jleague.jp/image/clubs/imabari.svg,in,2026-06-17,根津 元輝,,1652031,,,,,,MF,MF,,,法政大学,新加入,transfer,,,,,,false,
Japan,ja,2026-08-05 11:41 UTC,J.LEAGUE 公式 (jleague.jp) · 移籍情報 2026/27,€,J1|J2|J3,J2,サガン鳥栖,,tosu,https://www.jleague.jp/image/clubs/tosu.svg,in,2026-07-02,パク ホミン,,1657451,,,,,,FW,FW,,,仁川ユナイテッドFC (韓国),新加入,transfer,,,,,,false,
Japan,ja,2026-08-05 11:41 UTC,J.LEAGUE 公式 (jleague.jp) · 移籍情報 2026/27,€,J1|J2|J3,J2,サガン鳥栖,,tosu,https://www.jleague.jp/image/clubs/tosu.svg,in,2026-07-01,伊澤 璃来,,1656020,,,,,,MF,MF,,,サガン鳥栖Ｕ－１８,新加入,transfer,,,,,,false,
Japan,ja,2026-08-05 11:41 UTC,J.LEAGUE 公式 (jleague.jp) · 移籍情報 2026/27,€,J1|J2|J3,J2,サガン鳥栖,,tosu,https://www.jleague.jp/image/clubs/tosu.svg,in,2026-06-27,中原 輝,,1619676,,,,,,MF,MF,,,清水エスパルス,新加入,transfer,,,,,,false,
Japan,ja,2026-08-05 11:41 UTC,J.LEAGUE 公式 (jleague.jp) · 移籍情報 2026/27,€,J1|J2|J3,J2,サガン鳥栖,,tosu,https://www.jleague.jp/image/clubs/tosu.svg,in,2026-06-26,山内 翔,,1617442,,,,,,MF,MF,,,ヴィッセル神戸,期限付き,loan,,,,,,false,
Japan,ja,2026-08-05 11:41 UTC,J.LEAGUE 公式 (jleague.jp) · 移籍情報 2026/27,€,J1|J2|J3,J2,サガン鳥栖,,tosu,https://www.jleague.jp/image/clubs/tosu.svg,in,2026-06-25,吉田 真那斗,,1641364,,,,,,DF,DF,,,大分トリニータ,新加入,transfer,,,,,,false,
Japan,ja,2026-08-05 11:41 UTC,J.LEAGUE 公式 (jleague.jp) · 移籍情報 2026/27,€,J1|J2|J3,J2,サガン鳥栖,,tosu,https://www.jleague.jp/image/clubs/tosu.svg,in,2026-06-23,藤嶋 栄介,,1200950,,,,,,GK,GK,,,鹿児島ユナイテッドFC,新加入,transfer,,,,,,false,
Japan,ja,2026-08-05 11:41 UTC,J.LEAGUE 公式 (jleague.jp) · 移籍情報 2026/27,€,J1|J2|J3,J2,サガン鳥栖,,tosu,https://www.jleague.jp/image/clubs/tosu.svg,in,2026-06-22,阿部 海大,,1504495,,,,,,DF,DF,,,ファジアーノ岡山,新加入,transfer,,,,,,false,
Japan,ja,2026-08-05 11:41 UTC,J.LEAGUE 公式 (jleague.jp) · 移籍情報 2026/27,€,J1|J2|J3,J2,サガン鳥栖,,tosu,https://www.jleague.jp/image/clubs/tosu.svg,in,2026-06-19,髙橋 利樹,,1629414,,,,,,FW,FW,,,清水エスパルス,新加入,transfer,,,,,,false,
Japan,ja,2026-08-05 11:41 UTC,J.LEAGUE 公式 (jleague.jp) · 移籍情報 2026/27,€,J1|J2|J3,J2,大分トリニータ,,oita,https://www.jleague.jp/image/clubs/oita.svg,in,2026-07-29,相澤 デイビッド,,1637306,,,,,,FW,FW,,,ヴィッセル神戸,期限付き,loan,,,,,,false,
Japan,ja,2026-08-05 11:41 UTC,J.LEAGUE 公式 (jleague.jp) · 移籍情報 2026/27,€,J1|J2|J3,J2,大分トリニータ,,oita,https://www.jleague.jp/image/clubs/oita.svg,in,2026-06-29,井上 聖也,,1632532,,,,,,DF,DF,,,アビスパ福岡,期限付き,loan,,,,,,false,
Japan,ja,2026-08-05 11:41 UTC,J.LEAGUE 公式 (jleague.jp) · 移籍情報 2026/27,€,J1|J2|J3,J2,大分トリニータ,,oita,https://www.jleague.jp/image/clubs/oita.svg,in,2026-06-28,川島 康暉,,1636845,,,,,,GK,GK,,,FC琉球,新加入,transfer,,,,,,false,
Japan,ja,2026-08-05 11:41 UTC,J.LEAGUE 公式 (jleague.jp) · 移籍情報 2026/27,€,J1|J2|J3,J2,大分トリニータ,,oita,https://www.jleague.jp/image/clubs/oita.svg,in,2026-06-24,林田 滉也,,1636290,,,,,,MF,MF,,,ヴァンフォーレ甲府,新加入,transfer,,,,,,false,
Japan,ja,2026-08-05 11:41 UTC,J.LEAGUE 公式 (jleague.jp) · 移籍情報 2026/27,€,J1|J2|J3,J2,大分トリニータ,,oita,https://www.jleague.jp/image/clubs/oita.svg,in,2026-06-22,小田 逸稀,,1504478,,,,,,DF,DF,,,松本山雅FC,新加入,transfer,,,,,,false,
Japan,ja,2026-08-05 11:41 UTC,J.LEAGUE 公式 (jleague.jp) · 移籍情報 2026/27,€,J1|J2|J3,J2,大分トリニータ,,oita,https://www.jleague.jp/image/clubs/oita.svg,in,2026-06-21,森山 公弥,,1630210,,,,,,DF,DF,,,アビスパ福岡,期限付き,loan,,,,,,false,
Japan,ja,2026-08-05 11:41 UTC,J.LEAGUE 公式 (jleague.jp) · 移籍情報 2026/27,€,J1|J2|J3,J2,大分トリニータ,,oita,https://www.jleague.jp/image/clubs/oita.svg,in,2026-06-20,西村 恭史,,1617962,,,,,,MF,MF,,,ザスパ群馬,新加入,transfer,,,,,,false,
Japan,ja,2026-08-05 11:41 UTC,J.LEAGUE 公式 (jleague.jp) · 移籍情報 2026/27,€,J1|J2|J3,J2,大分トリニータ,,oita,https://www.jleague.jp/image/clubs/oita.svg,in,2026-06-19,後藤 響,,1635202,,,,,,MF,MF,,,国士舘大学,新加入,transfer,,,,,,false,
Japan,ja,2026-08-05 11:41 UTC,J.LEAGUE 公式 (jleague.jp) · 移籍情報 2026/27,€,J1|J2|J3,J2,大分トリニータ,,oita,https://www.jleague.jp/image/clubs/oita.svg,in,2026-06-19,古川 大悟,,1607221,,,,,,FW,FW,,,レノファ山口FC,新加入,transfer,,,,,,false,
Japan,ja,2026-08-05 11:41 UTC,J.LEAGUE 公式 (jleague.jp) · 移籍情報 2026/27,€,J1|J2|J3,J2,テゲバジャーロ宮崎,,miyazaki,https://www.jleague.jp/image/clubs/miyazaki.svg,in,2026-06-30,中川 款斗,,,,,,,,DF,DF,,,希望が丘高校,新加入,transfer,,,,,,false,
Japan,ja,2026-08-05 11:41 UTC,J.LEAGUE 公式 (jleague.jp) · 移籍情報 2026/27,€,J1|J2|J3,J2,テゲバジャーロ宮崎,,miyazaki,https://www.jleague.jp/image/clubs/miyazaki.svg,in,2026-06-30,小林 俊瑛,,1641586,,,,,,FW,FW,,,筑波大学,新加入,transfer,,,,,,false,
Japan,ja,2026-08-05 11:41 UTC,J.LEAGUE 公式 (jleague.jp) · 移籍情報 2026/27,€,J1|J2|J3,J2,テゲバジャーロ宮崎,,miyazaki,https://www.jleague.jp/image/clubs/miyazaki.svg,in,2026-06-29,松山 健太,,1632257,,,,,,GK,GK,,,アビスパ福岡,新加入,transfer,,,,,,false,
Japan,ja,2026-08-05 11:41 UTC,J.LEAGUE 公式 (jleague.jp) · 移籍情報 2026/27,€,J1|J2|J3,J2,テゲバジャーロ宮崎,,miyazaki,https://www.jleague.jp/image/clubs/miyazaki.svg,in,2026-06-26,木村 凌也,,1634154,,,,,,GK,GK,,,横浜F・マリノス,期限付き,loan,,,,,,false,
Japan,ja,2026-08-05 11:41 UTC,J.LEAGUE 公式 (jleague.jp) · 移籍情報 2026/27,€,J1|J2|J3,J2,テゲバジャーロ宮崎,,miyazaki,https://www.jleague.jp/image/clubs/miyazaki.svg,in,2026-06-25,堤 奏一郎,,1645936,,,,,,MF,MF,,,FC大阪,新加入,transfer,,,,,,false,
Japan,ja,2026-08-05 11:41 UTC,J.LEAGUE 公式 (jleague.jp) · 移籍情報 2026/27,€,J1|J2|J3,J2,テゲバジャーロ宮崎,,miyazaki,https://www.jleague.jp/image/clubs/miyazaki.svg,in,2026-06-25,家坂 葉光,,1641614,,,,,,MF,MF,,,ファジアーノ岡山,期限付き,loan,,,,,,false,
Japan,ja,2026-08-05 11:41 UTC,J.LEAGUE 公式 (jleague.jp) · 移籍情報 2026/27,€,J1|J2|J3,J2,テゲバジャーロ宮崎,,miyazaki,https://www.jleague.jp/image/clubs/miyazaki.svg,in,2026-06-20,村越 凱光,,1629456,,,,,,MF,MF,,,松本山雅FC,新加入,transfer,,,,,,false,
Japan,ja,2026-08-05 11:41 UTC,J.LEAGUE 公式 (jleague.jp) · 移籍情報 2026/27,€,J1|J2|J3,J2,北海道コンサドーレ札幌,,sapporo,https://www.jleague.jp/image/clubs/sapporo.svg,out,2026-07-31,田中 宏武,,1632974,,,,,,MF,MF,,,Perserikatan Sepakbola Sleman (インドネシア),,other,,,,,,false,
Japan,ja,2026-08-05 11:41 UTC,J.LEAGUE 公式 (jleague.jp) · 移籍情報 2026/27,€,J1|J2|J3,J2,北海道コンサドーレ札幌,,sapporo,https://www.jleague.jp/image/clubs/sapporo.svg,out,2026-06-28,家泉 怜依,,1633171,,,,,,DF,DF,,,水戸ホーリーホック,,other,,,,,,false,
Japan,ja,2026-08-05 11:41 UTC,J.LEAGUE 公式 (jleague.jp) · 移籍情報 2026/27,€,J1|J2|J3,J2,北海道コンサドーレ札幌,,sapporo,https://www.jleague.jp/image/clubs/sapporo.svg,out,2026-06-25,中島 大嘉,,1630220,,,,,,FW,FW,,,ザスパ群馬,完全移籍,transfer,,,,,,false,
Japan,ja,2026-08-05 11:41 UTC,J.LEAGUE 公式 (jleague.jp) · 移籍情報 2026/27,€,J1|J2|J3,J2,北海道コンサドーレ札幌,,sapporo,https://www.jleague.jp/image/clubs/sapporo.svg,out,2026-06-18,高嶺 朋樹,,1625563,,,,,,MF,MF,,,名古屋グランパス,完全移籍,transfer,,,,,,false,
Japan,ja,2026-08-05 11:41 UTC,J.LEAGUE 公式 (jleague.jp) · 移籍情報 2026/27,€,J1|J2|J3,J2,ヴァンラーレ八戸,,hachinohe,https://www.jleague.jp/image/clubs/hachinohe.svg,out,2026-07-23,鏑木 瑞生,,1635382,,,,,,MF,MF,,,VONDS市原,,other,,,,,,false,
Japan,ja,2026-08-05 11:41 UTC,J.LEAGUE 公式 (jleague.jp) · 移籍情報 2026/27,€,J1|J2|J3,J2,ヴァンラーレ八戸,,hachinohe,https://www.jleague.jp/image/clubs/hachinohe.svg,out,2026-07-04,脇坂 崚平,,1636412,,,,,,MF,MF,,,Ｙ．Ｓ．Ｃ．Ｃ．横浜,,other,,,,,,false,
Japan,ja,2026-08-05 11:41 UTC,J.LEAGUE 公式 (jleague.jp) · 移籍情報 2026/27,€,J1|J2|J3,J2,ヴァンラーレ八戸,,hachinohe,https://www.jleague.jp/image/clubs/hachinohe.svg,out,2026-06-28,イスマイラ,,1625673,,,,,,FW,FW,,,高知ユナイテッドＳＣ,,other,,,,,,false,
Japan,ja,2026-08-05 11:41 UTC,J.LEAGUE 公式 (jleague.jp) · 移籍情報 2026/27,€,J1|J2|J3,J2,ヴァンラーレ八戸,,hachinohe,https://www.jleague.jp/image/clubs/hachinohe.svg,out,2026-06-23,本多 康太郎,,1644968,,,,,,DF,DF,,,湘南ベルマーレ,復帰,loan-return,,,,,,false,
Japan,ja,2026-08-05 11:41 UTC,J.LEAGUE 公式 (jleague.jp) · 移籍情報 2026/27,€,J1|J2|J3,J2,ヴァンラーレ八戸,,hachinohe,https://www.jleague.jp/image/clubs/hachinohe.svg,out,2026-06-03,速水 修平,,1640625,,,,,,DF,DF,,,—,引退,other,,,,,,false,
Japan,ja,2026-08-05 11:41 UTC,J.LEAGUE 公式 (jleague.jp) · 移籍情報 2026/27,€,J1|J2|J3,J2,ベガルタ仙台,,sendai,https://www.jleague.jp/image/clubs/sendai.svg,out,2026-06-28,梅田 陸空,,1640266,,,,,,GK,GK,,,FC大阪,期限付き,loan,,,,,,false,
Japan,ja,2026-08-05 11:41 UTC,J.LEAGUE 公式 (jleague.jp) · 移籍情報 2026/27,€,J1|J2|J3,J2,ブラウブリッツ秋田,,akita,https://www.jleague.jp/image/clubs/akita.svg,out,2026-06-19,佐藤 大樹,,1610941,,,,,,FW,FW,,,ジュビロ磐田,,other,,,,,,false,
Japan,ja,2026-08-05 11:41 UTC,J.LEAGUE 公式 (jleague.jp) · 移籍情報 2026/27,€,J1|J2|J3,J2,モンテディオ山形,,yamagata,https://www.jleague.jp/image/clubs/yamagata.svg,out,2026-06-29,相馬 丞,,1627038,,,,,,DF,DF,,,ザスパ群馬,,other,,,,,,false,
Japan,ja,2026-08-05 11:41 UTC,J.LEAGUE 公式 (jleague.jp) · 移籍情報 2026/27,€,J1|J2|J3,J2,モンテディオ山形,,yamagata,https://www.jleague.jp/image/clubs/yamagata.svg,out,2026-06-24,田中 渉,,1624295,,,,,,MF,MF,,,鹿児島ユナイテッドFC,,other,,,,,,false,
Japan,ja,2026-08-05 11:41 UTC,J.LEAGUE 公式 (jleague.jp) · 移籍情報 2026/27,€,J1|J2|J3,J2,モンテディオ山形,,yamagata,https://www.jleague.jp/image/clubs/yamagata.svg,out,2026-06-24,平賀 大空,,1636520,,,,,,FW,FW,,,京都サンガF.C.,復帰,loan-return,,,,,,false,
Japan,ja,2026-08-05 11:41 UTC,J.LEAGUE 公式 (jleague.jp) · 移籍情報 2026/27,€,J1|J2|J3,J2,モンテディオ山形,,yamagata,https://www.jleague.jp/image/clubs/yamagata.svg,out,2026-06-10,トーマス ヒュワード ベル,,1500662,,,,,,GK,GK,,,未定,契約満了,other,,,,,,false,
Japan,ja,2026-08-05 11:41 UTC,J.LEAGUE 公式 (jleague.jp) · 移籍情報 2026/27,€,J1|J2|J3,J2,いわきFC,,iwaki,https://www.jleague.jp/image/clubs/iwaki.svg,out,2026-06-24,坂本 光,,1651557,,,,,,DF,DF,,,高知ユナイテッドＳＣ,期限付き,loan,,,,,,false,
Japan,ja,2026-08-05 11:41 UTC,J.LEAGUE 公式 (jleague.jp) · 移籍情報 2026/27,€,J1|J2|J3,J2,いわきFC,,iwaki,https://www.jleague.jp/image/clubs/iwaki.svg,out,2026-06-24,坂元 一渚璃,,1640627,,,,,,FW,FW,,,レイラック滋賀,期限付き,loan,,,,,,false,
Japan,ja,2026-08-05 11:41 UTC,J.LEAGUE 公式 (jleague.jp) · 移籍情報 2026/27,€,J1|J2|J3,J2,いわきFC,,iwaki,https://www.jleague.jp/image/clubs/iwaki.svg,out,2026-06-23,ヒョン ウビン,,1648838,,,,,,DF,DF,,,ヴェロスクロノス都農,期限付き,loan,,,,,,false,
Japan,ja,2026-08-05 11:41 UTC,J.LEAGUE 公式 (jleague.jp) · 移籍情報 2026/27,€,J1|J2|J3,J2,いわきFC,,iwaki,https://www.jleague.jp/image/clubs/iwaki.svg,out,2026-06-22,山内 琳太郎,,1648385,,,,,,DF,DF,,,SC相模原,完全移籍,transfer,,,,,,false,
Japan,ja,2026-08-05 11:41 UTC,J.LEAGUE 公式 (jleague.jp) · 移籍情報 2026/27,€,J1|J2|J3,J2,いわきFC,,iwaki,https://www.jleague.jp/image/clubs/iwaki.svg,out,2026-06-20,村上 陽斗,,1650540,,,,,,MF,MF,,,松本山雅FC,,other,,,,,,false,
Japan,ja,2026-08-05 11:41 UTC,J.LEAGUE 公式 (jleague.jp) · 移籍情報 2026/27,€,J1|J2|J3,J2,いわきFC,,iwaki,https://www.jleague.jp/image/clubs/iwaki.svg,out,2026-06-18,オウイエ ウイリアム,,1640653,,,,,,FW,FW,,,ヴァンラーレ八戸,,other,,,,,,false,
Japan,ja,2026-08-05 11:41 UTC,J.LEAGUE 公式 (jleague.jp) · 移籍情報 2026/27,€,J1|J2|J3,J2,いわきFC,,iwaki,https://www.jleague.jp/image/clubs/iwaki.svg,out,2026-06-14,堂鼻 起暉,,1602932,,,,,,DF,DF,,,湘南ベルマーレ,,other,,,,,,false,
Japan,ja,2026-08-05 11:41 UTC,J.LEAGUE 公式 (jleague.jp) · 移籍情報 2026/27,€,J1|J2|J3,J2,栃木シティ,,tochigic,https://www.jleague.jp/image/clubs/tochigi-c.svg,out,2026-07-03,表原 玄太,,1400112,,,,,,MF,MF,,,Schwarz-Weiss Bregenz (オーストリア),,other,,,,,,false,
Japan,ja,2026-08-05 11:41 UTC,J.LEAGUE 公式 (jleague.jp) · 移籍情報 2026/27,€,J1|J2|J3,J2,栃木シティ,,tochigic,https://www.jleague.jp/image/clubs/tochigi-c.svg,out,2026-07-03,齋藤 恵太,,1500447,,,,,,FW,FW,,,Schwarz-Weiss Bregenz (オーストリア),,other,,,,,,false,
Japan,ja,2026-08-05 11:41 UTC,J.LEAGUE 公式 (jleague.jp) · 移籍情報 2026/27,€,J1|J2|J3,J2,栃木シティ,,tochigic,https://www.jleague.jp/image/clubs/tochigi-c.svg,out,2026-06-27,宇都木 峻,,1624572,,,,,,DF,DF,,,カマタマーレ讃岐,期限付き,loan,,,,,,false,
Japan,ja,2026-08-05 11:41 UTC,J.LEAGUE 公式 (jleague.jp) · 移籍情報 2026/27,€,J1|J2|J3,J2,栃木シティ,,tochigic,https://www.jleague.jp/image/clubs/tochigi-c.svg,out,2026-06-24,薩川 淳貴,,1629421,,,,,,DF,DF,,,大分トリニータ,復帰,loan-return,,,,,,false,
Japan,ja,2026-08-05 11:41 UTC,J.LEAGUE 公式 (jleague.jp) · 移籍情報 2026/27,€,J1|J2|J3,J2,栃木シティ,,tochigic,https://www.jleague.jp/image/clubs/tochigi-c.svg,out,2026-06-24,小竹 知恩,,1641490,,,,,,FW,FW,,,清水エスパルス,復帰,loan-return,,,,,,false,
Japan,ja,2026-08-05 11:41 UTC,J.LEAGUE 公式 (jleague.jp) · 移籍情報 2026/27,€,J1|J2|J3,J2,栃木シティ,,tochigic,https://www.jleague.jp/image/clubs/tochigi-c.svg,out,2026-06-23,下田 栄祐,,1639209,,,,,,MF,MF,,,鹿島アントラーズ,復帰,loan-return,,,,,,false,
Japan,ja,2026-08-05 11:41 UTC,J.LEAGUE 公式 (jleague.jp) · 移籍情報 2026/27,€,J1|J2|J3,J2,栃木シティ,,tochigic,https://www.jleague.jp/image/clubs/tochigi-c.svg,out,2026-06-05,相澤 ピーターコアミ,,1617519,,,,,,GK,GK,,,Schwarz-Weiss Bregenz (オーストリア),,other,,,,,,false,
Japan,ja,2026-08-05 11:41 UTC,J.LEAGUE 公式 (jleague.jp) · 移籍情報 2026/27,€,J1|J2|J3,J2,栃木シティ,,tochigic,https://www.jleague.jp/image/clubs/tochigi-c.svg,out,2026-06-05,ダヴィド モーベルグ,,1636321,,,,,,FW,FW,,,未定,契約満了,other,,,,,,false,
Japan,ja,2026-08-05 11:41 UTC,J.LEAGUE 公式 (jleague.jp) · 移籍情報 2026/27,€,J1|J2|J3,J2,RB大宮アルディージャ,,omiya,https://www.jleague.jp/image/clubs/omiya.svg,out,2026-07-31,神田 泰斗,,1646951,,,,,,MF,MF,,,RBライプツィヒU19 (ドイツ),期限付き,loan,,,,,,false,
Japan,ja,2026-08-05 11:41 UTC,J.LEAGUE 公式 (jleague.jp) · 移籍情報 2026/27,€,J1|J2|J3,J2,RB大宮アルディージャ,,omiya,https://www.jleague.jp/image/clubs/omiya.svg,out,2026-07-01,磯﨑 麻玖,,1639207,,,,,,FW,FW,,,横河武蔵野FC,期限付き,loan,,,,,,false,
Japan,ja,2026-08-05 11:41 UTC,J.LEAGUE 公式 (jleague.jp) · 移籍情報 2026/27,€,J1|J2|J3,J2,RB大宮アルディージャ,,omiya,https://www.jleague.jp/image/clubs/omiya.svg,out,2026-06-24,和田 拓也,,900054,,,,,,MF,MF,,,ヴァンフォーレ甲府,,other,,,,,,false,
Japan,ja,2026-08-05 11:41 UTC,J.LEAGUE 公式 (jleague.jp) · 移籍情報 2026/27,€,J1|J2|J3,J2,RB大宮アルディージャ,,omiya,https://www.jleague.jp/image/clubs/omiya.svg,out,2026-06-24,中野 誠也,,1604865,,,,,,FW,FW,,,ヴァンラーレ八戸,完全移籍,transfer,,,,,,false,
Japan,ja,2026-08-05 11:41 UTC,J.LEAGUE 公式 (jleague.jp) · 移籍情報 2026/27,€,J1|J2|J3,J2,RB大宮アルディージャ,,omiya,https://www.jleague.jp/image/clubs/omiya.svg,out,2026-06-19,高柳 郁弥,,1637079,,,,,,MF,MF,,,FC琉球,,other,,,,,,false,
Japan,ja,2026-08-05 11:41 UTC,J.LEAGUE 公式 (jleague.jp) · 移籍情報 2026/27,€,J1|J2|J3,J2,RB大宮アルディージャ,,omiya,https://www.jleague.jp/image/clubs/omiya.svg,out,2026-06-03,石川 俊輝,,1400086,,,,,,MF,MF,,,—,引退,other,,,,,,false,
Japan,ja,2026-08-05 11:41 UTC,J.LEAGUE 公式 (jleague.jp) · 移籍情報 2026/27,€,J1|J2|J3,J2,横浜FC,,yokohamafc,https://www.jleague.jp/image/clubs/yokohama-fc.svg,out,2026-07-22,高橋 友矢,,,,,,,,MF,MF,,,CDセロリセンス (ポルトガル),期限付き,loan,,,,,,false,
Japan,ja,2026-08-05 11:41 UTC,J.LEAGUE 公式 (jleague.jp) · 移籍情報 2026/27,€,J1|J2|J3,J2,横浜FC,,yokohamafc,https://www.jleague.jp/image/clubs/yokohama-fc.svg,out,2026-06-30,宮田 和純,,1621199,,,,,,FW,FW,,,ロアッソ熊本,期限付き,loan,,,,,,false,
Japan,ja,2026-08-05 11:41 UTC,J.LEAGUE 公式 (jleague.jp) · 移籍情報 2026/27,€,J1|J2|J3,J2,横浜FC,,yokohamafc,https://www.jleague.jp/image/clubs/yokohama-fc.svg,out,2026-06-28,ヤクブ スウォビィク,,1627462,,,,,,GK,GK,,,水戸ホーリーホック,期限付き,loan,,,,,,false,
Japan,ja,2026-08-05 11:41 UTC,J.LEAGUE 公式 (jleague.jp) · 移籍情報 2026/27,€,J1|J2|J3,J2,横浜FC,,yokohamafc,https://www.jleague.jp/image/clubs/yokohama-fc.svg,out,2026-06-26,佐藤 颯真,,1644492,,,,,,DF,DF,,,SC相模原,期限付き,loan,,,,,,false,
Japan,ja,2026-08-05 11:41 UTC,J.LEAGUE 公式 (jleague.jp) · 移籍情報 2026/27,€,J1|J2|J3,J2,横浜FC,,yokohamafc,https://www.jleague.jp/image/clubs/yokohama-fc.svg,out,2026-06-19,室井 彗佑,,1637080,,,,,,FW,FW,,,愛媛FC,,other,,,,,,false,
Japan,ja,2026-08-05 11:41 UTC,J.LEAGUE 公式 (jleague.jp) · 移籍情報 2026/27,€,J1|J2|J3,J2,横浜FC,,yokohamafc,https://www.jleague.jp/image/clubs/yokohama-fc.svg,out,2026-06-19,森 海渡,,1614204,,,,,,FW,FW,,,モンテディオ山形,,other,,,,,,false,
Japan,ja,2026-08-05 11:41 UTC,J.LEAGUE 公式 (jleague.jp) · 移籍情報 2026/27,€,J1|J2|J3,J2,横浜FC,,yokohamafc,https://www.jleague.jp/image/clubs/yokohama-fc.svg,out,2026-06-18,鈴木 準弥,,1604775,,,,,,DF,DF,,,レノファ山口FC,期限付き,loan,,,,,,false,
Japan,ja,2026-08-05 11:41 UTC,J.LEAGUE 公式 (jleague.jp) · 移籍情報 2026/27,€,J1|J2|J3,J2,湘南ベルマーレ,,shonan,https://www.jleague.jp/image/clubs/shonan.svg,out,2026-07-28,柴田 徹,,1632787,,,,,,DF,DF,,,愛媛FC,,other,,,,,,false,
Japan,ja,2026-08-05 11:41 UTC,J.LEAGUE 公式 (jleague.jp) · 移籍情報 2026/27,€,J1|J2|J3,J2,湘南ベルマーレ,,shonan,https://www.jleague.jp/image/clubs/shonan.svg,out,2026-06-25,岡庭 愁人,,1604990,,,,,,DF,DF,,,いわきFC,期限付き,loan,,,,,,false,
Japan,ja,2026-08-05 11:41 UTC,J.LEAGUE 公式 (jleague.jp) · 移籍情報 2026/27,€,J1|J2|J3,J2,湘南ベルマーレ,,shonan,https://www.jleague.jp/image/clubs/shonan.svg,out,2026-06-15,藤井 智也,,1629897,,,,,,MF,MF,,,清水エスパルス,,other,,,,,,false,
Japan,ja,2026-08-05 11:41 UTC,J.LEAGUE 公式 (jleague.jp) · 移籍情報 2026/27,€,J1|J2|J3,J2,湘南ベルマーレ,,shonan,https://www.jleague.jp/image/clubs/shonan.svg,out,2026-06-14,蓑田 広大,,1632429,,,,,,DF,DF,,,松本山雅FC,,other,,,,,,false,
Japan,ja,2026-08-05 11:41 UTC,J.LEAGUE 公式 (jleague.jp) · 移籍情報 2026/27,€,J1|J2|J3,J2,ヴァンフォーレ甲府,,kofu,https://www.jleague.jp/image/clubs/kofu.svg,out,2026-06-24,林田 滉也,,1636290,,,,,,MF,MF,,,大分トリニータ,,other,,,,,,false,
Japan,ja,2026-08-05 11:41 UTC,J.LEAGUE 公式 (jleague.jp) · 移籍情報 2026/27,€,J1|J2|J3,J2,ヴァンフォーレ甲府,,kofu,https://www.jleague.jp/image/clubs/kofu.svg,out,2026-06-24,太田 龍之介,,1635335,,,,,,FW,FW,,,ファジアーノ岡山,復帰,loan-return,,,,,,false,
Japan,ja,2026-08-05 11:41 UTC,J.LEAGUE 公式 (jleague.jp) · 移籍情報 2026/27,€,J1|J2|J3,J2,アルビレックス新潟,,niigata,https://www.jleague.jp/image/clubs/niigata.svg,out,2026-06-28,田代 琉我,,1632220,,,,,,GK,GK,,,栃木SC,期限付き,loan,,,,,,false,
Japan,ja,2026-08-05 11:41 UTC,J.LEAGUE 公式 (jleague.jp) · 移籍情報 2026/27,€,J1|J2|J3,J2,アルビレックス新潟,,niigata,https://www.jleague.jp/image/clubs/niigata.svg,out,2026-06-28,島村 拓弥,,1607206,,,,,,MF,MF,,,柏レイソル,復帰,loan-return,,,,,,false,
Japan,ja,2026-08-05 11:41 UTC,J.LEAGUE 公式 (jleague.jp) · 移籍情報 2026/27,€,J1|J2|J3,J2,カターレ富山,,toyama,https://www.jleague.jp/image/clubs/toyama.svg,out,2026-06-25,鍋田 純志,,1635489,,,,,,DF,DF,,,レイラック滋賀,期限付き,loan,,,,,,false,
Japan,ja,2026-08-05 11:41 UTC,J.LEAGUE 公式 (jleague.jp) · 移籍情報 2026/27,€,J1|J2|J3,J2,カターレ富山,,toyama,https://www.jleague.jp/image/clubs/toyama.svg,out,2026-06-18,末木 裕也,,1624512,,,,,,MF,MF,,,ヴァンフォーレ甲府,,other,,,,,,false,
Japan,ja,2026-08-05 11:41 UTC,J.LEAGUE 公式 (jleague.jp) · 移籍情報 2026/27,€,J1|J2|J3,J2,カターレ富山,,toyama,https://www.jleague.jp/image/clubs/toyama.svg,out,2026-06-18,伊藤 拓巳,,1640647,,,,,,MF,MF,,,レノファ山口FC,期限付き,loan,,,,,,false,
Japan,ja,2026-08-05 11:41 UTC,J.LEAGUE 公式 (jleague.jp) · 移籍情報 2026/27,€,J1|J2|J3,J2,ジュビロ磐田,,iwata,https://www.jleague.jp/image/clubs/iwata.svg,out,2026-06-28,西澤 翼,,1635482,,,,,,GK,GK,,,ツエーゲン金沢,期限付き,loan,,,,,,false,
Japan,ja,2026-08-05 11:41 UTC,J.LEAGUE 公式 (jleague.jp) · 移籍情報 2026/27,€,J1|J2|J3,J2,ジュビロ磐田,,iwata,https://www.jleague.jp/image/clubs/iwata.svg,out,2026-06-27,阿部 航斗,,1611147,,,,,,GK,GK,,,セレッソ大阪,期限付き,loan,,,,,,false,
Japan,ja,2026-08-05 11:41 UTC,J.LEAGUE 公式 (jleague.jp) · 移籍情報 2026/27,€,J1|J2|J3,J2,ジュビロ磐田,,iwata,https://www.jleague.jp/image/clubs/iwata.svg,out,2026-06-24,森岡 陸,,1603078,,,,,,DF,DF,,,モンテディオ山形,,other,,,,,,false,
Japan,ja,2026-08-05 11:41 UTC,J.LEAGUE 公式 (jleague.jp) · 移籍情報 2026/27,€,J1|J2|J3,J2,ジュビロ磐田,,iwata,https://www.jleague.jp/image/clubs/iwata.svg,out,2026-06-12,川口 尚紀,,1200383,,,,,,DF,DF,,,FC琉球,,other,,,,,,false,
Japan,ja,2026-08-05 11:41 UTC,J.LEAGUE 公式 (jleague.jp) · 移籍情報 2026/27,€,J1|J2|J3,J2,ジュビロ磐田,,iwata,https://www.jleague.jp/image/clubs/iwata.svg,out,2026-06-02,グスタボ シルバ,,1652656,,,,,,MF,MF,,,未定,契約満了,other,,,,,,false,
Japan,ja,2026-08-05 11:41 UTC,J.LEAGUE 公式 (jleague.jp) · 移籍情報 2026/27,€,J1|J2|J3,J2,藤枝MYFC,,fujieda,https://www.jleague.jp/image/clubs/fujieda.svg,out,2026-07-20,矢村 健,,1619726,,,,,,FW,FW,,,ジェフユナイテッド千葉,,other,,,,,,false,
Japan,ja,2026-08-05 11:41 UTC,J.LEAGUE 公式 (jleague.jp) · 移籍情報 2026/27,€,J1|J2|J3,J2,藤枝MYFC,,fujieda,https://www.jleague.jp/image/clubs/fujieda.svg,out,2026-06-28,岡澤 昂星,,1630179,,,,,,MF,MF,,,セレッソ大阪,復帰,loan-return,,,,,,false,
Japan,ja,2026-08-05 11:41 UTC,J.LEAGUE 公式 (jleague.jp) · 移籍情報 2026/27,€,J1|J2|J3,J2,藤枝MYFC,,fujieda,https://www.jleague.jp/image/clubs/fujieda.svg,out,2026-06-28,閑田 隼人,,1646981,,,,,,FW,FW,,,FC岐阜,期限付き,loan,,,,,,false,
Japan,ja,2026-08-05 11:41 UTC,J.LEAGUE 公式 (jleague.jp) · 移籍情報 2026/27,€,J1|J2|J3,J2,藤枝MYFC,,fujieda,https://www.jleague.jp/image/clubs/fujieda.svg,out,2026-06-27,永野 修都,,1642030,,,,,,DF,DF,,,FC東京,復帰,loan-return,,,,,,false,
Japan,ja,2026-08-05 11:41 UTC,J.LEAGUE 公式 (jleague.jp) · 移籍情報 2026/27,€,J1|J2|J3,J2,藤枝MYFC,,fujieda,https://www.jleague.jp/image/clubs/fujieda.svg,out,2026-06-24,松下 佳貴,,1400650,,,,,,MF,MF,,,栃木SC,,other,,,,,,false,
Japan,ja,2026-08-05 11:41 UTC,J.LEAGUE 公式 (jleague.jp) · 移籍情報 2026/27,€,J1|J2|J3,J2,藤枝MYFC,,fujieda,https://www.jleague.jp/image/clubs/fujieda.svg,out,2026-06-21,浅倉 廉,,1635390,,,,,,MF,MF,,,ベガルタ仙台,,other,,,,,,false,
Japan,ja,2026-08-05 11:41 UTC,J.LEAGUE 公式 (jleague.jp) · 移籍情報 2026/27,€,J1|J2|J3,J2,藤枝MYFC,,fujieda,https://www.jleague.jp/image/clubs/fujieda.svg,out,2026-06-20,金子 翔太,,1300848,,,,,,MF,MF,,,松本山雅FC,,other,,,,,,false,
Japan,ja,2026-08-05 11:41 UTC,J.LEAGUE 公式 (jleague.jp) · 移籍情報 2026/27,€,J1|J2|J3,J2,藤枝MYFC,,fujieda,https://www.jleague.jp/image/clubs/fujieda.svg,out,2026-06-20,久保 征一郎,,1621200,,,,,,FW,FW,,,水戸ホーリーホック,復帰,loan-return,,,,,,false,
Japan,ja,2026-08-05 11:41 UTC,J.LEAGUE 公式 (jleague.jp) · 移籍情報 2026/27,€,J1|J2|J3,J2,藤枝MYFC,,fujieda,https://www.jleague.jp/image/clubs/fujieda.svg,out,2026-06-19,世瀬 啓人,,1601840,,,,,,MF,MF,,,栃木SC,期限付き,loan,,,,,,false,
Japan,ja,2026-08-05 11:41 UTC,J.LEAGUE 公式 (jleague.jp) · 移籍情報 2026/27,€,J1|J2|J3,J2,藤枝MYFC,,fujieda,https://www.jleague.jp/image/clubs/fujieda.svg,out,2026-06-19,川上 エドオジョン 智慧,,1605931,,,,,,MF,MF,,,ブラウブリッツ秋田,期限付き,loan,,,,,,false,
Japan,ja,2026-08-05 11:41 UTC,J.LEAGUE 公式 (jleague.jp) · 移籍情報 2026/27,€,J1|J2|J3,J2,藤枝MYFC,,fujieda,https://www.jleague.jp/image/clubs/fujieda.svg,out,2026-06-11,北村 海 チディ,,1635656,,,,,,GK,GK,,,徳島ヴォルティス,,other,,,,,,false,
Japan,ja,2026-08-05 11:41 UTC,J.LEAGUE 公式 (jleague.jp) · 移籍情報 2026/27,€,J1|J2|J3,J2,藤枝MYFC,,fujieda,https://www.jleague.jp/image/clubs/fujieda.svg,out,2026-06-07,山﨑 絢心,,1655813,,,,,,FW,FW,,,タンピネス・ローバーズFC (シンガポール),期限付き,loan,,,,,,false,
Japan,ja,2026-08-05 11:41 UTC,J.LEAGUE 公式 (jleague.jp) · 移籍情報 2026/27,€,J1|J2|J3,J2,徳島ヴォルティス,,tokushima,https://www.jleague.jp/image/clubs/tokushima.svg,out,2026-07-17,後東 尚輝,,1627748,,,,,,GK,GK,,,未定,契約解除,other,,,,,,false,
Japan,ja,2026-08-05 11:41 UTC,J.LEAGUE 公式 (jleague.jp) · 移籍情報 2026/27,€,J1|J2|J3,J2,徳島ヴォルティス,,tokushima,https://www.jleague.jp/image/clubs/tokushima.svg,out,2026-06-26,松田 佳大,,1637076,,,,,,DF,DF,,,京都サンガF.C.,復帰,loan-return,,,,,,false,
Japan,ja,2026-08-05 11:41 UTC,J.LEAGUE 公式 (jleague.jp) · 移籍情報 2026/27,€,J1|J2|J3,J2,徳島ヴォルティス,,tokushima,https://www.jleague.jp/image/clubs/tokushima.svg,out,2026-06-25,棚橋 尭士,,1604180,,,,,,FW,FW,,,SC相模原,完全移籍,transfer,,,,,,false,
Japan,ja,2026-08-05 11:41 UTC,J.LEAGUE 公式 (jleague.jp) · 移籍情報 2026/27,€,J1|J2|J3,J2,徳島ヴォルティス,,tokushima,https://www.jleague.jp/image/clubs/tokushima.svg,out,2026-06-24,鈴木 輪太朗 イブラヒーム,,1632261,,,,,,FW,FW,,,栃木SC,,other,,,,,,false,
Japan,ja,2026-08-05 11:41 UTC,J.LEAGUE 公式 (jleague.jp) · 移籍情報 2026/27,€,J1|J2|J3,J2,徳島ヴォルティス,,tokushima,https://www.jleague.jp/image/clubs/tokushima.svg,out,2026-06-23,永石 拓海,,1502857,,,,,,GK,GK,,,アビスパ福岡,復帰,loan-return,,,,,,false,
Japan,ja,2026-08-05 11:41 UTC,J.LEAGUE 公式 (jleague.jp) · 移籍情報 2026/27,€,J1|J2|J3,J2,徳島ヴォルティス,,tokushima,https://www.jleague.jp/image/clubs/tokushima.svg,out,2026-06-22,西野 太陽,,1630209,,,,,,FW,FW,,,湘南ベルマーレ,,other,,,,,,false,
Japan,ja,2026-08-05 11:41 UTC,J.LEAGUE 公式 (jleague.jp) · 移籍情報 2026/27,€,J1|J2|J3,J2,徳島ヴォルティス,,tokushima,https://www.jleague.jp/image/clubs/tokushima.svg,out,2026-06-19,ターレス,,1632283,,,,,,MF,MF,,,鹿児島ユナイテッドFC,期限付き,loan,,,,,,false,
Japan,ja,2026-08-05 11:41 UTC,J.LEAGUE 公式 (jleague.jp) · 移籍情報 2026/27,€,J1|J2|J3,J2,徳島ヴォルティス,,tokushima,https://www.jleague.jp/image/clubs/tokushima.svg,out,2026-06-11,青木 心,,1601777,,,,,,GK,GK,,,カマタマーレ讃岐,期限付き,loan,,,,,,false,
Japan,ja,2026-08-05 11:41 UTC,J.LEAGUE 公式 (jleague.jp) · 移籍情報 2026/27,€,J1|J2|J3,J2,FC今治,,imabari,https://www.jleague.jp/image/clubs/imabari.svg,out,2026-06-19,笹 修大,,1650534,,,,,,MF,MF,,,浦和レッズ,,other,,,,,,false,
Japan,ja,2026-08-05 11:41 UTC,J.LEAGUE 公式 (jleague.jp) · 移籍情報 2026/27,€,J1|J2|J3,J2,サガン鳥栖,,tosu,https://www.jleague.jp/image/clubs/tosu.svg,out,2026-07-20,黒木 雄也,,1646292,,,,,,DF,DF,,,FC延岡AGATA,期限付き,loan,,,,,,false,
Japan,ja,2026-08-05 11:41 UTC,J.LEAGUE 公式 (jleague.jp) · 移籍情報 2026/27,€,J1|J2|J3,J2,サガン鳥栖,,tosu,https://www.jleague.jp/image/clubs/tosu.svg,out,2026-07-20,池田 季礼,,1652434,,,,,,MF,MF,,,沖縄SV,期限付き,loan,,,,,,false,
Japan,ja,2026-08-05 11:41 UTC,J.LEAGUE 公式 (jleague.jp) · 移籍情報 2026/27,€,J1|J2|J3,J2,サガン鳥栖,,tosu,https://www.jleague.jp/image/clubs/tosu.svg,out,2026-07-13,上原 牧人,,1630185,,,,,,DF,DF,,,福島ユナイテッドFC,,other,,,,,,false,
Japan,ja,2026-08-05 11:41 UTC,J.LEAGUE 公式 (jleague.jp) · 移籍情報 2026/27,€,J1|J2|J3,J2,サガン鳥栖,,tosu,https://www.jleague.jp/image/clubs/tosu.svg,out,2026-07-07,ヴィキンタス スリヴカ,,1647905,,,,,,MF,MF,,,FKカウノ・ジャルギリス (リトアニア),,other,,,,,,false,
Japan,ja,2026-08-05 11:41 UTC,J.LEAGUE 公式 (jleague.jp) · 移籍情報 2026/27,€,J1|J2|J3,J2,サガン鳥栖,,tosu,https://www.jleague.jp/image/clubs/tosu.svg,out,2026-06-23,弓場 堅真,,1635506,,,,,,MF,MF,,,柏レイソル,,other,,,,,,false,
Japan,ja,2026-08-05 11:41 UTC,J.LEAGUE 公式 (jleague.jp) · 移籍情報 2026/27,€,J1|J2|J3,J2,サガン鳥栖,,tosu,https://www.jleague.jp/image/clubs/tosu.svg,out,2026-06-22,北島 郁哉,,1645954,,,,,,DF,DF,,,FC岐阜,期限付き,loan,,,,,,false,
Japan,ja,2026-08-05 11:41 UTC,J.LEAGUE 公式 (jleague.jp) · 移籍情報 2026/27,€,J1|J2|J3,J2,サガン鳥栖,,tosu,https://www.jleague.jp/image/clubs/tosu.svg,out,2026-06-20,内山 圭,,1000660,,,,,,GK,GK,,,レノファ山口FC,,other,,,,,,false,
Japan,ja,2026-08-05 11:41 UTC,J.LEAGUE 公式 (jleague.jp) · 移籍情報 2026/27,€,J1|J2|J3,J2,サガン鳥栖,,tosu,https://www.jleague.jp/image/clubs/tosu.svg,out,2026-06-19,ジョー,,1650798,,,,,,FW,FW,,,未定,契約解除,other,,,,,,false,
Japan,ja,2026-08-05 11:41 UTC,J.LEAGUE 公式 (jleague.jp) · 移籍情報 2026/27,€,J1|J2|J3,J2,サガン鳥栖,,tosu,https://www.jleague.jp/image/clubs/tosu.svg,out,2026-06-16,本田 風智,,1625672,,,,,,MF,MF,,,京都サンガF.C.,完全移籍,transfer,,,,,,false,
Japan,ja,2026-08-05 11:41 UTC,J.LEAGUE 公式 (jleague.jp) · 移籍情報 2026/27,€,J1|J2|J3,J2,大分トリニータ,,oita,https://www.jleague.jp/image/clubs/oita.svg,out,2026-07-06,保田 堅心,,1635204,,,,,,MF,MF,,,V・ファーレン長崎,,other,,,,,,false,
Japan,ja,2026-08-05 11:41 UTC,J.LEAGUE 公式 (jleague.jp) · 移籍情報 2026/27,€,J1|J2|J3,J2,大分トリニータ,,oita,https://www.jleague.jp/image/clubs/oita.svg,out,2026-07-02,佐藤 隼,,1603824,,,,,,GK,GK,,,未定,契約満了,other,,,,,,false,
Japan,ja,2026-08-05 11:41 UTC,J.LEAGUE 公式 (jleague.jp) · 移籍情報 2026/27,€,J1|J2|J3,J2,大分トリニータ,,oita,https://www.jleague.jp/image/clubs/oita.svg,out,2026-07-02,小野 俊輔,,1635201,,,,,,DF,DF,,,FCジュロン (シンガポール),期限付き,loan,,,,,,false,
Japan,ja,2026-08-05 11:41 UTC,J.LEAGUE 公式 (jleague.jp) · 移籍情報 2026/27,€,J1|J2|J3,J2,大分トリニータ,,oita,https://www.jleague.jp/image/clubs/oita.svg,out,2026-07-01,キム ヒョンウ,,1645863,,,,,,FW,FW,,,東京ヴェルディ,,other,,,,,,false,
Japan,ja,2026-08-05 11:41 UTC,J.LEAGUE 公式 (jleague.jp) · 移籍情報 2026/27,€,J1|J2|J3,J2,大分トリニータ,,oita,https://www.jleague.jp/image/clubs/oita.svg,out,2026-06-25,吉田 真那斗,,1641364,,,,,,DF,DF,,,サガン鳥栖,,other,,,,,,false,
Japan,ja,2026-08-05 11:41 UTC,J.LEAGUE 公式 (jleague.jp) · 移籍情報 2026/27,€,J1|J2|J3,J2,大分トリニータ,,oita,https://www.jleague.jp/image/clubs/oita.svg,out,2026-06-25,野嶽 惇也,,1503564,,,,,,MF,MF,,,ザスパ群馬,,other,,,,,,false,
Japan,ja,2026-08-05 11:41 UTC,J.LEAGUE 公式 (jleague.jp) · 移籍情報 2026/27,€,J1|J2|J3,J2,大分トリニータ,,oita,https://www.jleague.jp/image/clubs/oita.svg,out,2026-06-24,薩川 淳貴,,1629421,,,,,,DF,DF,,,鹿児島ユナイテッドFC,期限付き,loan,,,,,,false,
Japan,ja,2026-08-05 11:41 UTC,J.LEAGUE 公式 (jleague.jp) · 移籍情報 2026/27,€,J1|J2|J3,J2,大分トリニータ,,oita,https://www.jleague.jp/image/clubs/oita.svg,out,2026-06-20,伊佐 耕平,,1400118,,,,,,FW,FW,,,FC大阪,,other,,,,,,false,
Japan,ja,2026-08-05 11:41 UTC,J.LEAGUE 公式 (jleague.jp) · 移籍情報 2026/27,€,J1|J2|J3,J2,大分トリニータ,,oita,https://www.jleague.jp/image/clubs/oita.svg,out,2026-06-19,小酒井 新大,,1644486,,,,,,MF,MF,,,愛媛FC,,other,,,,,,false,
Japan,ja,2026-08-05 11:41 UTC,J.LEAGUE 公式 (jleague.jp) · 移籍情報 2026/27,€,J1|J2|J3,J2,大分トリニータ,,oita,https://www.jleague.jp/image/clubs/oita.svg,out,2026-06-19,屋敷 優成,,1630182,,,,,,FW,FW,,,FC岐阜,期限付き,loan,,,,,,false,
Japan,ja,2026-08-05 11:41 UTC,J.LEAGUE 公式 (jleague.jp) · 移籍情報 2026/27,€,J1|J2|J3,J2,大分トリニータ,,oita,https://www.jleague.jp/image/clubs/oita.svg,out,2026-06-18,佐藤 丈晟,,1635203,,,,,,MF,MF,,,高知ユナイテッドＳＣ,期限付き,loan,,,,,,false,
Japan,ja,2026-08-05 11:41 UTC,J.LEAGUE 公式 (jleague.jp) · 移籍情報 2026/27,€,J1|J2|J3,J2,大分トリニータ,,oita,https://www.jleague.jp/image/clubs/oita.svg,out,2026-06-16,岡本 拓也,,1000072,,,,,,DF,DF,,,藤枝MYFC,,other,,,,,,false,
Japan,ja,2026-08-05 11:41 UTC,J.LEAGUE 公式 (jleague.jp) · 移籍情報 2026/27,€,J1|J2|J3,J2,テゲバジャーロ宮崎,,miyazaki,https://www.jleague.jp/image/clubs/miyazaki.svg,out,2026-06-30,イ チュンウォン,,1650514,,,,,,GK,GK,,,FC琉球,期限付き,loan,,,,,,false,
Japan,ja,2026-08-05 11:41 UTC,J.LEAGUE 公式 (jleague.jp) · 移籍情報 2026/27,€,J1|J2|J3,J2,テゲバジャーロ宮崎,,miyazaki,https://www.jleague.jp/image/clubs/miyazaki.svg,out,2026-06-27,五月田 星矢,,1624681,,,,,,MF,MF,,,FC Jurong (シンガポール),,other,,,,,,false,
Japan,ja,2026-08-05 11:41 UTC,J.LEAGUE 公式 (jleague.jp) · 移籍情報 2026/27,€,J1|J2|J3,J2,テゲバジャーロ宮崎,,miyazaki,https://www.jleague.jp/image/clubs/miyazaki.svg,out,2026-06-27,武 颯,,1300444,,,,,,FW,FW,,,FC岐阜,,other,,,,,,false,
Japan,ja,2026-08-05 11:41 UTC,J.LEAGUE 公式 (jleague.jp) · 移籍情報 2026/27,€,J1|J2|J3,J2,テゲバジャーロ宮崎,,miyazaki,https://www.jleague.jp/image/clubs/miyazaki.svg,out,2026-06-25,岡本 享也,,1618091,,,,,,GK,GK,,,ジェフユナイテッド千葉,復帰,loan-return,,,,,,false,
Japan,ja,2026-08-05 11:41 UTC,J.LEAGUE 公式 (jleague.jp) · 移籍情報 2026/27,€,J1|J2|J3,J2,テゲバジャーロ宮崎,,miyazaki,https://www.jleague.jp/image/clubs/miyazaki.svg,out,2026-06-25,横窪 皇太,,1647349,,,,,,DF,DF,,,ギラヴァンツ北九州,期限付き,loan,,,,,,false,
Japan,ja,2026-08-05 11:41 UTC,J.LEAGUE 公式 (jleague.jp) · 移籍情報 2026/27,€,J1|J2|J3,J2,テゲバジャーロ宮崎,,miyazaki,https://www.jleague.jp/image/clubs/miyazaki.svg,out,2026-06-25,安藤 陸登,,1650518,,,,,,MF,MF,,,奈良クラブ,期限付き,loan,,,,,,false,
Japan,ja,2026-08-05 11:41 UTC,J.LEAGUE 公式 (jleague.jp) · 移籍情報 2026/27,€,J1|J2|J3,J2,テゲバジャーロ宮崎,,miyazaki,https://www.jleague.jp/image/clubs/miyazaki.svg,out,2026-06-23,望月 耕平,,1643197,,,,,,MF,MF,,,横浜F・マリノス,復帰,loan-return,,,,,,false,
Japan,ja,2026-08-05 11:41 UTC,J.LEAGUE 公式 (jleague.jp) · 移籍情報 2026/27,€,J1|J2|J3,J2,テゲバジャーロ宮崎,,miyazaki,https://www.jleague.jp/image/clubs/miyazaki.svg,out,2026-06-21,力安 祥伍,,1632214,,,,,,MF,MF,,,松本山雅FC,,other,,,,,,false,
Japan,ja,2026-08-05 11:41 UTC,J.LEAGUE 公式 (jleague.jp) · 移籍情報 2026/27,€,J1|J2|J3,J3,福島ユナイテッドFC,,fukushima,https://www.jleague.jp/image/clubs/fukushima.svg,in,2026-07-13,上原 牧人,,1630185,,,,,,DF,DF,,,サガン鳥栖,新加入,transfer,,,,,,false,
Japan,ja,2026-08-05 11:41 UTC,J.LEAGUE 公式 (jleague.jp) · 移籍情報 2026/27,€,J1|J2|J3,J3,福島ユナイテッドFC,,fukushima,https://www.jleague.jp/image/clubs/fukushima.svg,in,2026-06-24,佐々木 奈琉,,1639132,,,,,,DF,DF,,,V・ファーレン長崎,期限付き,loan,,,,,,false,
Japan,ja,2026-08-05 11:41 UTC,J.LEAGUE 公式 (jleague.jp) · 移籍情報 2026/27,€,J1|J2|J3,J3,福島ユナイテッドFC,,fukushima,https://www.jleague.jp/image/clubs/fukushima.svg,in,2026-06-22,奥田 晃也,,1604675,,,,,,FW,FW,,,水戸ホーリーホック,新加入,transfer,,,,,,false,
Japan,ja,2026-08-05 11:41 UTC,J.LEAGUE 公式 (jleague.jp) · 移籍情報 2026/27,€,J1|J2|J3,J3,栃木SC,,tochigi,https://www.jleague.jp/image/clubs/tochigi-sc.svg,in,2026-07-31,笹崎 翔矢,,1657588,,,,,,GK,GK,,,東海学園大学,新加入,transfer,,,,,,false,
Japan,ja,2026-08-05 11:41 UTC,J.LEAGUE 公式 (jleague.jp) · 移籍情報 2026/27,€,J1|J2|J3,J3,栃木SC,,tochigi,https://www.jleague.jp/image/clubs/tochigi-sc.svg,in,2026-07-24,櫻井 稜,,1644227,,,,,,DF,DF,,,法政大学,新加入,transfer,,,,,,false,
Japan,ja,2026-08-05 11:41 UTC,J.LEAGUE 公式 (jleague.jp) · 移籍情報 2026/27,€,J1|J2|J3,J3,栃木SC,,tochigi,https://www.jleague.jp/image/clubs/tochigi-sc.svg,in,2026-07-03,中村 仁郎,,1627456,,,,,,MF,MF,,,ガンバ大阪,新加入,transfer,,,,,,false,
Japan,ja,2026-08-05 11:41 UTC,J.LEAGUE 公式 (jleague.jp) · 移籍情報 2026/27,€,J1|J2|J3,J3,栃木SC,,tochigi,https://www.jleague.jp/image/clubs/tochigi-sc.svg,in,2026-06-28,田代 琉我,,1632220,,,,,,GK,GK,,,アルビレックス新潟,期限付き,loan,,,,,,false,
Japan,ja,2026-08-05 11:41 UTC,J.LEAGUE 公式 (jleague.jp) · 移籍情報 2026/27,€,J1|J2|J3,J3,栃木SC,,tochigi,https://www.jleague.jp/image/clubs/tochigi-sc.svg,in,2026-06-26,山口 太陽,,1643393,,,,,,FW,FW,,,FC東京,期限付き,loan,,,,,,false,
Japan,ja,2026-08-05 11:41 UTC,J.LEAGUE 公式 (jleague.jp) · 移籍情報 2026/27,€,J1|J2|J3,J3,栃木SC,,tochigi,https://www.jleague.jp/image/clubs/tochigi-sc.svg,in,2026-06-25,東 廉太,,1636504,,,,,,DF,DF,,,FC東京,期限付き,loan,,,,,,false,
Japan,ja,2026-08-05 11:41 UTC,J.LEAGUE 公式 (jleague.jp) · 移籍情報 2026/27,€,J1|J2|J3,J3,栃木SC,,tochigi,https://www.jleague.jp/image/clubs/tochigi-sc.svg,in,2026-06-25,名願 斗哉,,1640480,,,,,,MF,MF,,,川崎フロンターレ,期限付き,loan,,,,,,false,
Japan,ja,2026-08-05 11:41 UTC,J.LEAGUE 公式 (jleague.jp) · 移籍情報 2026/27,€,J1|J2|J3,J3,栃木SC,,tochigi,https://www.jleague.jp/image/clubs/tochigi-sc.svg,in,2026-06-24,大迫 塁,,1640498,,,,,,MF,MF,,,セレッソ大阪,新加入,transfer,,,,,,false,
Japan,ja,2026-08-05 11:41 UTC,J.LEAGUE 公式 (jleague.jp) · 移籍情報 2026/27,€,J1|J2|J3,J3,栃木SC,,tochigi,https://www.jleague.jp/image/clubs/tochigi-sc.svg,in,2026-06-24,松下 佳貴,,1400650,,,,,,MF,MF,,,藤枝MYFC,新加入,transfer,,,,,,false,
Japan,ja,2026-08-05 11:41 UTC,J.LEAGUE 公式 (jleague.jp) · 移籍情報 2026/27,€,J1|J2|J3,J3,栃木SC,,tochigi,https://www.jleague.jp/image/clubs/tochigi-sc.svg,in,2026-06-24,鈴木 輪太朗 イブラヒーム,,1632261,,,,,,FW,FW,,,徳島ヴォルティス,新加入,transfer,,,,,,false,
Japan,ja,2026-08-05 11:41 UTC,J.LEAGUE 公式 (jleague.jp) · 移籍情報 2026/27,€,J1|J2|J3,J3,栃木SC,,tochigi,https://www.jleague.jp/image/clubs/tochigi-sc.svg,in,2026-06-19,世瀬 啓人,,1601840,,,,,,MF,MF,,,藤枝MYFC,期限付き,loan,,,,,,false,
Japan,ja,2026-08-05 11:41 UTC,J.LEAGUE 公式 (jleague.jp) · 移籍情報 2026/27,€,J1|J2|J3,J3,ザスパ群馬,,gunma,https://www.jleague.jp/image/clubs/gunma.svg,in,2026-07-07,イクサン ファンディ,,1639175,,,,,,FW,FW,,,BGパトゥム・ユナイテッド (タイ),新加入,transfer,,,,,,false,
Japan,ja,2026-08-05 11:41 UTC,J.LEAGUE 公式 (jleague.jp) · 移籍情報 2026/27,€,J1|J2|J3,J3,ザスパ群馬,,gunma,https://www.jleague.jp/image/clubs/gunma.svg,in,2026-06-29,相馬 丞,,1627038,,,,,,DF,DF,,,モンテディオ山形,新加入,transfer,,,,,,false,
Japan,ja,2026-08-05 11:41 UTC,J.LEAGUE 公式 (jleague.jp) · 移籍情報 2026/27,€,J1|J2|J3,J3,ザスパ群馬,,gunma,https://www.jleague.jp/image/clubs/gunma.svg,in,2026-06-25,岡田 慎司,,1627433,,,,,,GK,GK,,,奈良クラブ,新加入,transfer,,,,,,false,
Japan,ja,2026-08-05 11:41 UTC,J.LEAGUE 公式 (jleague.jp) · 移籍情報 2026/27,€,J1|J2|J3,J3,ザスパ群馬,,gunma,https://www.jleague.jp/image/clubs/gunma.svg,in,2026-06-25,野嶽 惇也,,1503564,,,,,,MF,MF,,,大分トリニータ,新加入,transfer,,,,,,false,
Japan,ja,2026-08-05 11:41 UTC,J.LEAGUE 公式 (jleague.jp) · 移籍情報 2026/27,€,J1|J2|J3,J3,ザスパ群馬,,gunma,https://www.jleague.jp/image/clubs/gunma.svg,in,2026-06-25,中島 大嘉,,1630220,,,,,,FW,FW,,,北海道コンサドーレ札幌,完全移籍,transfer,,,,,,false,
Japan,ja,2026-08-05 11:41 UTC,J.LEAGUE 公式 (jleague.jp) · 移籍情報 2026/27,€,J1|J2|J3,J3,ザスパ群馬,,gunma,https://www.jleague.jp/image/clubs/gunma.svg,in,2026-06-24,小竹 知恩,,1641490,,,,,,MF,MF,,,清水エスパルス,期限付き,loan,,,,,,false,
Japan,ja,2026-08-05 11:41 UTC,J.LEAGUE 公式 (jleague.jp) · 移籍情報 2026/27,€,J1|J2|J3,J3,ザスパ群馬,,gunma,https://www.jleague.jp/image/clubs/gunma.svg,in,2026-06-20,池下 由也,,1657456,,,,,,MF,MF,,,無所属,新加入,transfer,,,,,,false,
Japan,ja,2026-08-05 11:41 UTC,J.LEAGUE 公式 (jleague.jp) · 移籍情報 2026/27,€,J1|J2|J3,J3,ザスパ群馬,,gunma,https://www.jleague.jp/image/clubs/gunma.svg,in,2026-06-19,山原 康太郎,,1637043,,,,,,DF,DF,,,愛媛FC,期限付き,loan,,,,,,false,
Japan,ja,2026-08-05 11:41 UTC,J.LEAGUE 公式 (jleague.jp) · 移籍情報 2026/27,€,J1|J2|J3,J3,SC相模原,,sagamihara,https://www.jleague.jp/image/clubs/sagamihara.svg,in,2026-07-26,タナウット,,,,,,,,FW,FW,,,ノーンブワ・ピチャヤFC (タイ),期限付き,loan,,,,,,false,
Japan,ja,2026-08-05 11:41 UTC,J.LEAGUE 公式 (jleague.jp) · 移籍情報 2026/27,€,J1|J2|J3,J3,SC相模原,,sagamihara,https://www.jleague.jp/image/clubs/sagamihara.svg,in,2026-07-13,田中 恵大,,1652032,,,,,,DF,DF,,,法政大学,新加入,transfer,,,,,,false,
Japan,ja,2026-08-05 11:41 UTC,J.LEAGUE 公式 (jleague.jp) · 移籍情報 2026/27,€,J1|J2|J3,J3,SC相模原,,sagamihara,https://www.jleague.jp/image/clubs/sagamihara.svg,in,2026-07-07,木村 和輝,,1646517,,,,,,GK,GK,,,関東学院大学,新加入,transfer,,,,,,false,
Japan,ja,2026-08-05 11:41 UTC,J.LEAGUE 公式 (jleague.jp) · 移籍情報 2026/27,€,J1|J2|J3,J3,SC相模原,,sagamihara,https://www.jleague.jp/image/clubs/sagamihara.svg,in,2026-06-26,加藤 慎太郎,,1636282,,,,,,DF,DF,,,FC岐阜,新加入,transfer,,,,,,false,
Japan,ja,2026-08-05 11:41 UTC,J.LEAGUE 公式 (jleague.jp) · 移籍情報 2026/27,€,J1|J2|J3,J3,SC相模原,,sagamihara,https://www.jleague.jp/image/clubs/sagamihara.svg,in,2026-06-26,佐藤 颯真,,1644492,,,,,,DF,DF,,,横浜FC,期限付き,loan,,,,,,false,
Japan,ja,2026-08-05 11:41 UTC,J.LEAGUE 公式 (jleague.jp) · 移籍情報 2026/27,€,J1|J2|J3,J3,SC相模原,,sagamihara,https://www.jleague.jp/image/clubs/sagamihara.svg,in,2026-06-26,奥山 洋平,,1636495,,,,,,MF,MF,,,レノファ山口FC,新加入,transfer,,,,,,false,
Japan,ja,2026-08-05 11:41 UTC,J.LEAGUE 公式 (jleague.jp) · 移籍情報 2026/27,€,J1|J2|J3,J3,SC相模原,,sagamihara,https://www.jleague.jp/image/clubs/sagamihara.svg,in,2026-06-25,棚橋 尭士,,1604180,,,,,,FW,FW,,,徳島ヴォルティス,完全移籍,transfer,,,,,,false,
Japan,ja,2026-08-05 11:41 UTC,J.LEAGUE 公式 (jleague.jp) · 移籍情報 2026/27,€,J1|J2|J3,J3,SC相模原,,sagamihara,https://www.jleague.jp/image/clubs/sagamihara.svg,in,2026-06-22,山内 琳太郎,,1648385,,,,,,DF,DF,,,いわきFC,完全移籍,transfer,,,,,,false,
Japan,ja,2026-08-05 11:41 UTC,J.LEAGUE 公式 (jleague.jp) · 移籍情報 2026/27,€,J1|J2|J3,J3,松本山雅FC,,matsumoto,https://www.jleague.jp/image/clubs/yamaga.svg,in,2026-08-04,北爪 健吾,,1400640,,,,,,DF,DF,,,清水エスパルス,期限付き,loan,,,,,,false,
Japan,ja,2026-08-05 11:41 UTC,J.LEAGUE 公式 (jleague.jp) · 移籍情報 2026/27,€,J1|J2|J3,J3,松本山雅FC,,matsumoto,https://www.jleague.jp/image/clubs/yamaga.svg,in,2026-06-26,村上 慶,,1654491,,,,,,DF,DF,,,横浜F・マリノス,期限付き,loan,,,,,,false,
Japan,ja,2026-08-05 11:41 UTC,J.LEAGUE 公式 (jleague.jp) · 移籍情報 2026/27,€,J1|J2|J3,J3,松本山雅FC,,matsumoto,https://www.jleague.jp/image/clubs/yamaga.svg,in,2026-06-25,高野 遼,,1501601,,,,,,DF,DF,,,SC相模原,新加入,transfer,,,,,,false,
Japan,ja,2026-08-05 11:41 UTC,J.LEAGUE 公式 (jleague.jp) · 移籍情報 2026/27,€,J1|J2|J3,J3,松本山雅FC,,matsumoto,https://www.jleague.jp/image/clubs/yamaga.svg,in,2026-06-21,力安 祥伍,,1632214,,,,,,MF,MF,,,テゲバジャーロ宮崎,新加入,transfer,,,,,,false,
Japan,ja,2026-08-05 11:41 UTC,J.LEAGUE 公式 (jleague.jp) · 移籍情報 2026/27,€,J1|J2|J3,J3,松本山雅FC,,matsumoto,https://www.jleague.jp/image/clubs/yamaga.svg,in,2026-06-20,小林 将天,,1636506,,,,,,GK,GK,,,FC東京,期限付き,loan,,,,,,false,
Japan,ja,2026-08-05 11:41 UTC,J.LEAGUE 公式 (jleague.jp) · 移籍情報 2026/27,€,J1|J2|J3,J3,松本山雅FC,,matsumoto,https://www.jleague.jp/image/clubs/yamaga.svg,in,2026-06-20,金子 翔太,,1300848,,,,,,MF,MF,,,藤枝MYFC,新加入,transfer,,,,,,false,
Japan,ja,2026-08-05 11:41 UTC,J.LEAGUE 公式 (jleague.jp) · 移籍情報 2026/27,€,J1|J2|J3,J3,松本山雅FC,,matsumoto,https://www.jleague.jp/image/clubs/yamaga.svg,in,2026-06-20,村上 陽斗,,1650540,,,,,,MF,MF,,,いわきFC,新加入,transfer,,,,,,false,
Japan,ja,2026-08-05 11:41 UTC,J.LEAGUE 公式 (jleague.jp) · 移籍情報 2026/27,€,J1|J2|J3,J3,松本山雅FC,,matsumoto,https://www.jleague.jp/image/clubs/yamaga.svg,in,2026-06-20,田口 裕也,,1629431,,,,,,FW,FW,,,愛媛FC,新加入,transfer,,,,,,false,
Japan,ja,2026-08-05 11:41 UTC,J.LEAGUE 公式 (jleague.jp) · 移籍情報 2026/27,€,J1|J2|J3,J3,松本山雅FC,,matsumoto,https://www.jleague.jp/image/clubs/yamaga.svg,in,2026-06-20,佐藤 亮,,1604181,,,,,,FW,FW,,,愛媛FC,期限付き,loan,,,,,,false,
Japan,ja,2026-08-05 11:41 UTC,J.LEAGUE 公式 (jleague.jp) · 移籍情報 2026/27,€,J1|J2|J3,J3,松本山雅FC,,matsumoto,https://www.jleague.jp/image/clubs/yamaga.svg,in,2026-06-14,蓑田 広大,,1632429,,,,,,DF,DF,,,湘南ベルマーレ,新加入,transfer,,,,,,false,
Japan,ja,2026-08-05 11:41 UTC,J.LEAGUE 公式 (jleague.jp) · 移籍情報 2026/27,€,J1|J2|J3,J3,AC長野パルセイロ,,nagano,https://www.jleague.jp/image/clubs/nagano.svg,in,2026-06-23,庄司 朗,,1650553,,,,,,FW,FW,,,栃木SC,期限付き,loan,,,,,,false,
Japan,ja,2026-08-05 11:41 UTC,J.LEAGUE 公式 (jleague.jp) · 移籍情報 2026/27,€,J1|J2|J3,J3,ツエーゲン金沢,,kanazawa,https://www.jleague.jp/image/clubs/kanazawa.svg,in,2026-07-10,横川 天馬,,,,,,,,DF,DF,,,ツエーゲン金沢Ｕ－１８,新加入,transfer,,,,,,false,
Japan,ja,2026-08-05 11:41 UTC,J.LEAGUE 公式 (jleague.jp) · 移籍情報 2026/27,€,J1|J2|J3,J3,ツエーゲン金沢,,kanazawa,https://www.jleague.jp/image/clubs/kanazawa.svg,in,2026-06-28,西澤 翼,,1635482,,,,,,GK,GK,,,ジュビロ磐田,期限付き,loan,,,,,,false,
Japan,ja,2026-08-05 11:41 UTC,J.LEAGUE 公式 (jleague.jp) · 移籍情報 2026/27,€,J1|J2|J3,J3,ツエーゲン金沢,,kanazawa,https://www.jleague.jp/image/clubs/kanazawa.svg,in,2026-06-27,榊原 杏太,,1635543,,,,,,FW,FW,,,名古屋グランパス,期限付き,loan,,,,,,false,
Japan,ja,2026-08-05 11:41 UTC,J.LEAGUE 公式 (jleague.jp) · 移籍情報 2026/27,€,J1|J2|J3,J3,ツエーゲン金沢,,kanazawa,https://www.jleague.jp/image/clubs/kanazawa.svg,in,2026-06-25,川上 竜,,1609244,,,,,,MF,MF,,,FC大阪,期限付き,loan,,,,,,false,
Japan,ja,2026-08-05 11:41 UTC,J.LEAGUE 公式 (jleague.jp) · 移籍情報 2026/27,€,J1|J2|J3,J3,ツエーゲン金沢,,kanazawa,https://www.jleague.jp/image/clubs/kanazawa.svg,in,2026-06-23,望月 耕平,,1643197,,,,,,MF,MF,,,横浜F・マリノス,期限付き,loan,,,,,,false,
Japan,ja,2026-08-05 11:41 UTC,J.LEAGUE 公式 (jleague.jp) · 移籍情報 2026/27,€,J1|J2|J3,J3,FC岐阜,,gifu,https://www.jleague.jp/image/clubs/gifu.svg,in,2026-07-30,金本 信利,,,,,,,,MF,MF,,,無所属,新加入,transfer,,,,,,false,
Japan,ja,2026-08-05 11:41 UTC,J.LEAGUE 公式 (jleague.jp) · 移籍情報 2026/27,€,J1|J2|J3,J3,FC岐阜,,gifu,https://www.jleague.jp/image/clubs/gifu.svg,in,2026-07-27,ジョルダン テル,,,,,,,,FW,FW,,,Union Sportive Concarnoise (フランス),新加入,transfer,,,,,,false,
Japan,ja,2026-08-05 11:41 UTC,J.LEAGUE 公式 (jleague.jp) · 移籍情報 2026/27,€,J1|J2|J3,J3,FC岐阜,,gifu,https://www.jleague.jp/image/clubs/gifu.svg,in,2026-06-28,閑田 隼人,,1646981,,,,,,FW,FW,,,藤枝MYFC,期限付き,loan,,,,,,false,
Japan,ja,2026-08-05 11:41 UTC,J.LEAGUE 公式 (jleague.jp) · 移籍情報 2026/27,€,J1|J2|J3,J3,FC岐阜,,gifu,https://www.jleague.jp/image/clubs/gifu.svg,in,2026-06-27,武 颯,,1300444,,,,,,FW,FW,,,テゲバジャーロ宮崎,新加入,transfer,,,,,,false,
Japan,ja,2026-08-05 11:41 UTC,J.LEAGUE 公式 (jleague.jp) · 移籍情報 2026/27,€,J1|J2|J3,J3,FC岐阜,,gifu,https://www.jleague.jp/image/clubs/gifu.svg,in,2026-06-26,鈴木 陽人,,1637151,,,,,,MF,MF,,,名古屋グランパス,期限付き,loan,,,,,,false,
Japan,ja,2026-08-05 11:41 UTC,J.LEAGUE 公式 (jleague.jp) · 移籍情報 2026/27,€,J1|J2|J3,J3,FC岐阜,,gifu,https://www.jleague.jp/image/clubs/gifu.svg,in,2026-06-25,春名 竜聖,,1632426,,,,,,GK,GK,,,水戸ホーリーホック,期限付き,loan,,,,,,false,
Japan,ja,2026-08-05 11:41 UTC,J.LEAGUE 公式 (jleague.jp) · 移籍情報 2026/27,€,J1|J2|J3,J3,FC岐阜,,gifu,https://www.jleague.jp/image/clubs/gifu.svg,in,2026-06-22,北島 郁哉,,1645954,,,,,,DF,DF,,,サガン鳥栖,期限付き,loan,,,,,,false,
Japan,ja,2026-08-05 11:41 UTC,J.LEAGUE 公式 (jleague.jp) · 移籍情報 2026/27,€,J1|J2|J3,J3,FC岐阜,,gifu,https://www.jleague.jp/image/clubs/gifu.svg,in,2026-06-19,屋敷 優成,,1630182,,,,,,FW,FW,,,大分トリニータ,期限付き,loan,,,,,,false,
Japan,ja,2026-08-05 11:41 UTC,J.LEAGUE 公式 (jleague.jp) · 移籍情報 2026/27,€,J1|J2|J3,J3,レイラック滋賀,,shiga,https://www.jleague.jp/image/clubs/shiga.svg,in,2026-07-28,松原 海斗,,,,,,,,MF,MF,,,FCティアモ枚方,新加入,transfer,,,,,,false,
Japan,ja,2026-08-05 11:41 UTC,J.LEAGUE 公式 (jleague.jp) · 移籍情報 2026/27,€,J1|J2|J3,J3,レイラック滋賀,,shiga,https://www.jleague.jp/image/clubs/shiga.svg,in,2026-06-25,鍋田 純志,,1635489,,,,,,DF,DF,,,カターレ富山,期限付き,loan,,,,,,false,
Japan,ja,2026-08-05 11:41 UTC,J.LEAGUE 公式 (jleague.jp) · 移籍情報 2026/27,€,J1|J2|J3,J3,レイラック滋賀,,shiga,https://www.jleague.jp/image/clubs/shiga.svg,in,2026-06-24,坂元 一渚璃,,1640627,,,,,,FW,FW,,,いわきFC,期限付き,loan,,,,,,false,
Japan,ja,2026-08-05 11:41 UTC,J.LEAGUE 公式 (jleague.jp) · 移籍情報 2026/27,€,J1|J2|J3,J3,レイラック滋賀,,shiga,https://www.jleague.jp/image/clubs/shiga.svg,in,2026-06-12,角田 倫伝,,1647320,,,,,,DF,DF,,,びわこ成蹊スポーツ大学,新加入,transfer,,,,,,false,
Japan,ja,2026-08-05 11:41 UTC,J.LEAGUE 公式 (jleague.jp) · 移籍情報 2026/27,€,J1|J2|J3,J3,レイラック滋賀,,shiga,https://www.jleague.jp/image/clubs/shiga.svg,in,2026-06-11,山口 隆希,,1657481,,,,,,MF,MF,,,FCティアモ枚方,期限付き,loan,,,,,,false,
Japan,ja,2026-08-05 11:41 UTC,J.LEAGUE 公式 (jleague.jp) · 移籍情報 2026/27,€,J1|J2|J3,J3,FC大阪,,fosaka,https://www.jleague.jp/image/clubs/fc-osaka.svg,in,2026-07-19,浅野 崇斗,,,,,,,,DF,DF,,,ヤンゴンユナイテッドFC (ミャンマー),新加入,transfer,,,,,,false,
Japan,ja,2026-08-05 11:41 UTC,J.LEAGUE 公式 (jleague.jp) · 移籍情報 2026/27,€,J1|J2|J3,J3,FC大阪,,fosaka,https://www.jleague.jp/image/clubs/fc-osaka.svg,in,2026-07-10,ヤゴ ザモラ,,,,,,,,DF,DF,,,フルミネンセFC ジョインヴィレ (ブラジル),期限付き,loan,,,,,,false,
Japan,ja,2026-08-05 11:41 UTC,J.LEAGUE 公式 (jleague.jp) · 移籍情報 2026/27,€,J1|J2|J3,J3,FC大阪,,fosaka,https://www.jleague.jp/image/clubs/fc-osaka.svg,in,2026-06-30,岩本 和希,,1500572,,,,,,MF,MF,,,カマタマーレ讃岐,新加入,transfer,,,,,,false,
Japan,ja,2026-08-05 11:41 UTC,J.LEAGUE 公式 (jleague.jp) · 移籍情報 2026/27,€,J1|J2|J3,J3,FC大阪,,fosaka,https://www.jleague.jp/image/clubs/fc-osaka.svg,in,2026-06-28,梅田 陸空,,1640266,,,,,,GK,GK,,,ベガルタ仙台,期限付き,loan,,,,,,false,
Japan,ja,2026-08-05 11:41 UTC,J.LEAGUE 公式 (jleague.jp) · 移籍情報 2026/27,€,J1|J2|J3,J3,FC大阪,,fosaka,https://www.jleague.jp/image/clubs/fc-osaka.svg,in,2026-06-27,リグレイ,,1657461,,,,,,FW,FW,,,カピヴァリアーノFC (ブラジル),期限付き,loan,,,,,,false,
Japan,ja,2026-08-05 11:41 UTC,J.LEAGUE 公式 (jleague.jp) · 移籍情報 2026/27,€,J1|J2|J3,J3,FC大阪,,fosaka,https://www.jleague.jp/image/clubs/fc-osaka.svg,in,2026-06-26,長野 星輝,,1632386,,,,,,FW,FW,,,GKS Wikielec (ポーランド),新加入,transfer,,,,,,false,
Japan,ja,2026-08-05 11:41 UTC,J.LEAGUE 公式 (jleague.jp) · 移籍情報 2026/27,€,J1|J2|J3,J3,FC大阪,,fosaka,https://www.jleague.jp/image/clubs/fc-osaka.svg,in,2026-06-23,小島 雅也,,1500945,,,,,,DF,DF,,,ツエーゲン金沢,新加入,transfer,,,,,,false,
Japan,ja,2026-08-05 11:41 UTC,J.LEAGUE 公式 (jleague.jp) · 移籍情報 2026/27,€,J1|J2|J3,J3,FC大阪,,fosaka,https://www.jleague.jp/image/clubs/fc-osaka.svg,in,2026-06-22,小川 嵩翔,,1641618,,,,,,MF,MF,,,沖縄SV,新加入,transfer,,,,,,false,
Japan,ja,2026-08-05 11:41 UTC,J.LEAGUE 公式 (jleague.jp) · 移籍情報 2026/27,€,J1|J2|J3,J3,FC大阪,,fosaka,https://www.jleague.jp/image/clubs/fc-osaka.svg,in,2026-06-20,伊佐 耕平,,1400118,,,,,,FW,FW,,,大分トリニータ,新加入,transfer,,,,,,false,
Japan,ja,2026-08-05 11:41 UTC,J.LEAGUE 公式 (jleague.jp) · 移籍情報 2026/27,€,J1|J2|J3,J3,奈良クラブ,,nara,https://www.jleague.jp/image/clubs/nara.svg,in,2026-07-09,井上 秀悟,,1657587,,,,,,DF,DF,,,桃山学院大学,新加入,transfer,,,,,,false,
Japan,ja,2026-08-05 11:41 UTC,J.LEAGUE 公式 (jleague.jp) · 移籍情報 2026/27,€,J1|J2|J3,J3,奈良クラブ,,nara,https://www.jleague.jp/image/clubs/nara.svg,in,2026-07-02,ナンティパット チャイマン,,1657464,,,,,,MF,MF,,,シンハー・チェンライ・ユナイテッド (タイ),期限付き,loan,,,,,,false,
Japan,ja,2026-08-05 11:41 UTC,J.LEAGUE 公式 (jleague.jp) · 移籍情報 2026/27,€,J1|J2|J3,J3,奈良クラブ,,nara,https://www.jleague.jp/image/clubs/nara.svg,in,2026-07-02,シワコーン ポンサン,,1657463,,,,,,FW,FW,,,BGパトゥム・ユナイテッドFC (タイ),期限付き,loan,,,,,,false,
Japan,ja,2026-08-05 11:41 UTC,J.LEAGUE 公式 (jleague.jp) · 移籍情報 2026/27,€,J1|J2|J3,J3,奈良クラブ,,nara,https://www.jleague.jp/image/clubs/nara.svg,in,2026-06-27,増田 隼司,,1632385,,,,,,MF,MF,,,FC大阪,新加入,transfer,,,,,,false,
Japan,ja,2026-08-05 11:41 UTC,J.LEAGUE 公式 (jleague.jp) · 移籍情報 2026/27,€,J1|J2|J3,J3,奈良クラブ,,nara,https://www.jleague.jp/image/clubs/nara.svg,in,2026-06-26,宮崎 樹,,1657462,,,,,,DF,DF,,,FCティアモ枚方,新加入,transfer,,,,,,false,
Japan,ja,2026-08-05 11:41 UTC,J.LEAGUE 公式 (jleague.jp) · 移籍情報 2026/27,€,J1|J2|J3,J3,奈良クラブ,,nara,https://www.jleague.jp/image/clubs/nara.svg,in,2026-06-25,関沼 海亜,,1645999,,,,,,GK,GK,,,FC大阪,復帰,loan-return,,,,,,false,
Japan,ja,2026-08-05 11:41 UTC,J.LEAGUE 公式 (jleague.jp) · 移籍情報 2026/27,€,J1|J2|J3,J3,奈良クラブ,,nara,https://www.jleague.jp/image/clubs/nara.svg,in,2026-06-25,安藤 陸登,,1650518,,,,,,MF,MF,,,テゲバジャーロ宮崎,期限付き,loan,,,,,,false,
Japan,ja,2026-08-05 11:41 UTC,J.LEAGUE 公式 (jleague.jp) · 移籍情報 2026/27,€,J1|J2|J3,J3,奈良クラブ,,nara,https://www.jleague.jp/image/clubs/nara.svg,in,2026-06-23,森本 ヒマン,,1619692,,,,,,FW,FW,,,レイラック滋賀,新加入,transfer,,,,,,false,
Japan,ja,2026-08-05 11:41 UTC,J.LEAGUE 公式 (jleague.jp) · 移籍情報 2026/27,€,J1|J2|J3,J3,奈良クラブ,,nara,https://www.jleague.jp/image/clubs/nara.svg,in,2026-06-19,川西 翔太,,1100175,,,,,,MF,MF,,,カマタマーレ讃岐,新加入,transfer,,,,,,false,
Japan,ja,2026-08-05 11:41 UTC,J.LEAGUE 公式 (jleague.jp) · 移籍情報 2026/27,€,J1|J2|J3,J3,ガイナーレ鳥取,,tottori,https://www.jleague.jp/image/clubs/tottori.svg,in,2026-06-29,ローレンス マルコ,,1653468,,,,,,DF,DF,,,Eastern SC (香港),新加入,transfer,,,,,,false,
Japan,ja,2026-08-05 11:41 UTC,J.LEAGUE 公式 (jleague.jp) · 移籍情報 2026/27,€,J1|J2|J3,J3,ガイナーレ鳥取,,tottori,https://www.jleague.jp/image/clubs/tottori.svg,in,2026-06-29,小西 陽向,,1629503,,,,,,MF,MF,,,FCマルヤス岡崎,新加入,transfer,,,,,,false,
Japan,ja,2026-08-05 11:41 UTC,J.LEAGUE 公式 (jleague.jp) · 移籍情報 2026/27,€,J1|J2|J3,J3,レノファ山口FC,,yamaguchi,https://www.jleague.jp/image/clubs/yamaguchi.svg,in,2026-06-27,荒井 悠汰,,1636503,,,,,,MF,MF,,,FC東京,期限付き,loan,,,,,,false,
Japan,ja,2026-08-05 11:41 UTC,J.LEAGUE 公式 (jleague.jp) · 移籍情報 2026/27,€,J1|J2|J3,J3,レノファ山口FC,,yamaguchi,https://www.jleague.jp/image/clubs/yamaguchi.svg,in,2026-06-25,松下 永遠,,1657469,,,,,,MF,MF,,,鹿屋体育大学,新加入,transfer,,,,,,false,
Japan,ja,2026-08-05 11:41 UTC,J.LEAGUE 公式 (jleague.jp) · 移籍情報 2026/27,€,J1|J2|J3,J3,レノファ山口FC,,yamaguchi,https://www.jleague.jp/image/clubs/yamaguchi.svg,in,2026-06-23,菊地 脩太,,1635021,,,,,,DF,DF,,,FC琉球,新加入,transfer,,,,,,false,
Japan,ja,2026-08-05 11:41 UTC,J.LEAGUE 公式 (jleague.jp) · 移籍情報 2026/27,€,J1|J2|J3,J3,レノファ山口FC,,yamaguchi,https://www.jleague.jp/image/clubs/yamaguchi.svg,in,2026-06-22,渡邉 颯太,,1645965,,,,,,FW,FW,,,ギラヴァンツ北九州,新加入,transfer,,,,,,false,
Japan,ja,2026-08-05 11:41 UTC,J.LEAGUE 公式 (jleague.jp) · 移籍情報 2026/27,€,J1|J2|J3,J3,レノファ山口FC,,yamaguchi,https://www.jleague.jp/image/clubs/yamaguchi.svg,in,2026-06-22,郡司 璃来,,1645859,,,,,,FW,FW,,,清水エスパルス,期限付き,loan,,,,,,false,
Japan,ja,2026-08-05 11:41 UTC,J.LEAGUE 公式 (jleague.jp) · 移籍情報 2026/27,€,J1|J2|J3,J3,レノファ山口FC,,yamaguchi,https://www.jleague.jp/image/clubs/yamaguchi.svg,in,2026-06-20,内山 圭,,1000660,,,,,,GK,GK,,,サガン鳥栖,新加入,transfer,,,,,,false,
Japan,ja,2026-08-05 11:41 UTC,J.LEAGUE 公式 (jleague.jp) · 移籍情報 2026/27,€,J1|J2|J3,J3,レノファ山口FC,,yamaguchi,https://www.jleague.jp/image/clubs/yamaguchi.svg,in,2026-06-20,久保 征一郎,,1621200,,,,,,FW,FW,,,水戸ホーリーホック,新加入,transfer,,,,,,false,
Japan,ja,2026-08-05 11:41 UTC,J.LEAGUE 公式 (jleague.jp) · 移籍情報 2026/27,€,J1|J2|J3,J3,レノファ山口FC,,yamaguchi,https://www.jleague.jp/image/clubs/yamaguchi.svg,in,2026-06-18,鈴木 準弥,,1604775,,,,,,DF,DF,,,横浜FC,期限付き,loan,,,,,,false,
Japan,ja,2026-08-05 11:41 UTC,J.LEAGUE 公式 (jleague.jp) · 移籍情報 2026/27,€,J1|J2|J3,J3,レノファ山口FC,,yamaguchi,https://www.jleague.jp/image/clubs/yamaguchi.svg,in,2026-06-18,伊藤 拓巳,,1640647,,,,,,MF,MF,,,カターレ富山,期限付き,loan,,,,,,false,
Japan,ja,2026-08-05 11:41 UTC,J.LEAGUE 公式 (jleague.jp) · 移籍情報 2026/27,€,J1|J2|J3,J3,カマタマーレ讃岐,,sanuki,https://www.jleague.jp/image/clubs/sanuki.svg,in,2026-08-04,波本 頼,,1634115,,,,,,DF,DF,,,SONIO高松,新加入,transfer,,,,,,false,
Japan,ja,2026-08-05 11:41 UTC,J.LEAGUE 公式 (jleague.jp) · 移籍情報 2026/27,€,J1|J2|J3,J3,カマタマーレ讃岐,,sanuki,https://www.jleague.jp/image/clubs/sanuki.svg,in,2026-06-27,宇都木 峻,,1624572,,,,,,MF,MF,,,栃木シティ,期限付き,loan,,,,,,false,
Japan,ja,2026-08-05 11:41 UTC,J.LEAGUE 公式 (jleague.jp) · 移籍情報 2026/27,€,J1|J2|J3,J3,カマタマーレ讃岐,,sanuki,https://www.jleague.jp/image/clubs/sanuki.svg,in,2026-06-22,パク テヤン,,1657468,,,,,,FW,FW,,,慶熙大学 (韓国),新加入,transfer,,,,,,false,
Japan,ja,2026-08-05 11:41 UTC,J.LEAGUE 公式 (jleague.jp) · 移籍情報 2026/27,€,J1|J2|J3,J3,カマタマーレ讃岐,,sanuki,https://www.jleague.jp/image/clubs/sanuki.svg,in,2026-06-18,林田 魁斗,,1624850,,,,,,DF,DF,,,FC大阪,完全移籍,transfer,,,,,,false,
Japan,ja,2026-08-05 11:41 UTC,J.LEAGUE 公式 (jleague.jp) · 移籍情報 2026/27,€,J1|J2|J3,J3,カマタマーレ讃岐,,sanuki,https://www.jleague.jp/image/clubs/sanuki.svg,in,2026-06-15,キム ドフン,,1657465,,,,,,DF,DF,,,カルビン大学 (韓国),新加入,transfer,,,,,,false,
Japan,ja,2026-08-05 11:41 UTC,J.LEAGUE 公式 (jleague.jp) · 移籍情報 2026/27,€,J1|J2|J3,J3,カマタマーレ讃岐,,sanuki,https://www.jleague.jp/image/clubs/sanuki.svg,in,2026-06-15,イ ジンヨン,,1657466,,,,,,FW,FW,,,IPU環太平洋大学,新加入,transfer,,,,,,false,
Japan,ja,2026-08-05 11:41 UTC,J.LEAGUE 公式 (jleague.jp) · 移籍情報 2026/27,€,J1|J2|J3,J3,カマタマーレ讃岐,,sanuki,https://www.jleague.jp/image/clubs/sanuki.svg,in,2026-06-15,カン ドンウォン,,1657467,,,,,,FW,FW,,,清州大学 (韓国),新加入,transfer,,,,,,false,
Japan,ja,2026-08-05 11:41 UTC,J.LEAGUE 公式 (jleague.jp) · 移籍情報 2026/27,€,J1|J2|J3,J3,カマタマーレ讃岐,,sanuki,https://www.jleague.jp/image/clubs/sanuki.svg,in,2026-06-11,青木 心,,1601777,,,,,,GK,GK,,,徳島ヴォルティス,期限付き,loan,,,,,,false,
Japan,ja,2026-08-05 11:41 UTC,J.LEAGUE 公式 (jleague.jp) · 移籍情報 2026/27,€,J1|J2|J3,J3,カマタマーレ讃岐,,sanuki,https://www.jleague.jp/image/clubs/sanuki.svg,in,2026-06-09,米澤 令衣,,1400732,,,,,,FW,FW,,,鹿児島ユナイテッドFC,新加入,transfer,,,,,,false,
Japan,ja,2026-08-05 11:41 UTC,J.LEAGUE 公式 (jleague.jp) · 移籍情報 2026/27,€,J1|J2|J3,J3,愛媛FC,,ehime,https://www.jleague.jp/image/clubs/ehime.svg,in,2026-07-28,柴田 徹,,1632787,,,,,,DF,DF,,,湘南ベルマーレ,新加入,transfer,,,,,,false,
Japan,ja,2026-08-05 11:41 UTC,J.LEAGUE 公式 (jleague.jp) · 移籍情報 2026/27,€,J1|J2|J3,J3,愛媛FC,,ehime,https://www.jleague.jp/image/clubs/ehime.svg,in,2026-07-03,上村 周平,,1300451,,,,,,MF,MF,,,ロアッソ熊本,新加入,transfer,,,,,,false,
Japan,ja,2026-08-05 11:41 UTC,J.LEAGUE 公式 (jleague.jp) · 移籍情報 2026/27,€,J1|J2|J3,J3,愛媛FC,,ehime,https://www.jleague.jp/image/clubs/ehime.svg,in,2026-06-24,山本 青英,,1657472,,,,,,MF,MF,,,大阪経済大学,新加入,transfer,,,,,,false,
Japan,ja,2026-08-05 11:41 UTC,J.LEAGUE 公式 (jleague.jp) · 移籍情報 2026/27,€,J1|J2|J3,J3,愛媛FC,,ehime,https://www.jleague.jp/image/clubs/ehime.svg,in,2026-06-20,田村 翔太,,1300064,,,,,,FW,FW,,,奈良クラブ,新加入,transfer,,,,,,false,
Japan,ja,2026-08-05 11:41 UTC,J.LEAGUE 公式 (jleague.jp) · 移籍情報 2026/27,€,J1|J2|J3,J3,愛媛FC,,ehime,https://www.jleague.jp/image/clubs/ehime.svg,in,2026-06-19,小酒井 新大,,1644486,,,,,,MF,MF,,,大分トリニータ,新加入,transfer,,,,,,false,
Japan,ja,2026-08-05 11:41 UTC,J.LEAGUE 公式 (jleague.jp) · 移籍情報 2026/27,€,J1|J2|J3,J3,愛媛FC,,ehime,https://www.jleague.jp/image/clubs/ehime.svg,in,2026-06-19,室井 彗佑,,1637080,,,,,,FW,FW,,,横浜FC,新加入,transfer,,,,,,false,
Japan,ja,2026-08-05 11:41 UTC,J.LEAGUE 公式 (jleague.jp) · 移籍情報 2026/27,€,J1|J2|J3,J3,高知ユナイテッドＳＣ,,kochi,https://www.jleague.jp/image/clubs/kochi.svg,in,2026-06-28,オリグバッジョ イスマイラ,,1625673,,,,,,FW,FW,,,ヴァンラーレ八戸,新加入,transfer,,,,,,false,
Japan,ja,2026-08-05 11:41 UTC,J.LEAGUE 公式 (jleague.jp) · 移籍情報 2026/27,€,J1|J2|J3,J3,高知ユナイテッドＳＣ,,kochi,https://www.jleague.jp/image/clubs/kochi.svg,in,2026-06-26,七牟禮 蒼杜,,1615895,,,,,,FW,FW,,,V・ファーレン長崎,新加入,transfer,,,,,,false,
Japan,ja,2026-08-05 11:41 UTC,J.LEAGUE 公式 (jleague.jp) · 移籍情報 2026/27,€,J1|J2|J3,J3,高知ユナイテッドＳＣ,,kochi,https://www.jleague.jp/image/clubs/kochi.svg,in,2026-06-24,坂本 光,,1651557,,,,,,DF,DF,,,いわきFC,期限付き,loan,,,,,,false,
Japan,ja,2026-08-05 11:41 UTC,J.LEAGUE 公式 (jleague.jp) · 移籍情報 2026/27,€,J1|J2|J3,J3,高知ユナイテッドＳＣ,,kochi,https://www.jleague.jp/image/clubs/kochi.svg,in,2026-06-23,下田 栄祐,,1639209,,,,,,MF,MF,,,鹿島アントラーズ,期限付き,loan,,,,,,false,
Japan,ja,2026-08-05 11:41 UTC,J.LEAGUE 公式 (jleague.jp) · 移籍情報 2026/27,€,J1|J2|J3,J3,高知ユナイテッドＳＣ,,kochi,https://www.jleague.jp/image/clubs/kochi.svg,in,2026-06-22,田所 莉旺,,1651269,,,,,,DF,DF,,,V・ファーレン長崎,期限付き,loan,,,,,,false,
Japan,ja,2026-08-05 11:41 UTC,J.LEAGUE 公式 (jleague.jp) · 移籍情報 2026/27,€,J1|J2|J3,J3,高知ユナイテッドＳＣ,,kochi,https://www.jleague.jp/image/clubs/kochi.svg,in,2026-06-18,佐藤 丈晟,,1635203,,,,,,MF,MF,,,大分トリニータ,期限付き,loan,,,,,,false,
Japan,ja,2026-08-05 11:41 UTC,J.LEAGUE 公式 (jleague.jp) · 移籍情報 2026/27,€,J1|J2|J3,J3,ギラヴァンツ北九州,,kitakyushu,https://www.jleague.jp/image/clubs/kitakyushu.svg,in,2026-06-27,ワッド モハメッド サディキ,,,,,,,,FW,FW,,,柏レイソル,期限付き,loan,,,,,,false,
Japan,ja,2026-08-05 11:41 UTC,J.LEAGUE 公式 (jleague.jp) · 移籍情報 2026/27,€,J1|J2|J3,J3,ギラヴァンツ北九州,,kitakyushu,https://www.jleague.jp/image/clubs/kitakyushu.svg,in,2026-06-25,神橋 良汰,,1635370,,,,,,DF,DF,,,川崎フロンターレ,期限付き,loan,,,,,,false,
Japan,ja,2026-08-05 11:41 UTC,J.LEAGUE 公式 (jleague.jp) · 移籍情報 2026/27,€,J1|J2|J3,J3,ギラヴァンツ北九州,,kitakyushu,https://www.jleague.jp/image/clubs/kitakyushu.svg,in,2026-06-25,横窪 皇太,,1647349,,,,,,DF,DF,,,テゲバジャーロ宮崎,期限付き,loan,,,,,,false,
Japan,ja,2026-08-05 11:41 UTC,J.LEAGUE 公式 (jleague.jp) · 移籍情報 2026/27,€,J1|J2|J3,J3,ロアッソ熊本,,kumamoto,https://www.jleague.jp/image/clubs/kumamoto.svg,in,2026-07-15,中島 永弥,,,,,,,,MF,MF,,,GKSピアスト・グリヴィツェ (ポーランド),新加入,transfer,,,,,,false,
Japan,ja,2026-08-05 11:41 UTC,J.LEAGUE 公式 (jleague.jp) · 移籍情報 2026/27,€,J1|J2|J3,J3,ロアッソ熊本,,kumamoto,https://www.jleague.jp/image/clubs/kumamoto.svg,in,2026-06-30,宮田 和純,,1621199,,,,,,FW,FW,,,横浜FC,期限付き,loan,,,,,,false,
Japan,ja,2026-08-05 11:41 UTC,J.LEAGUE 公式 (jleague.jp) · 移籍情報 2026/27,€,J1|J2|J3,J3,ロアッソ熊本,,kumamoto,https://www.jleague.jp/image/clubs/kumamoto.svg,in,2026-06-29,三品 直哉,,1645029,,,,,,MF,MF,,,鹿児島ユナイテッドFC,期限付き,loan,,,,,,false,
Japan,ja,2026-08-05 11:41 UTC,J.LEAGUE 公式 (jleague.jp) · 移籍情報 2026/27,€,J1|J2|J3,J3,ロアッソ熊本,,kumamoto,https://www.jleague.jp/image/clubs/kumamoto.svg,in,2026-06-24,木村 匠汰,,,,,,,,DF,DF,,,青山学院大学,新加入,transfer,,,,,,false,
Japan,ja,2026-08-05 11:41 UTC,J.LEAGUE 公式 (jleague.jp) · 移籍情報 2026/27,€,J1|J2|J3,J3,ロアッソ熊本,,kumamoto,https://www.jleague.jp/image/clubs/kumamoto.svg,in,2026-06-19,小澤 秀充,,1636277,,,,,,MF,MF,,,ガイナーレ鳥取,新加入,transfer,,,,,,false,
Japan,ja,2026-08-05 11:41 UTC,J.LEAGUE 公式 (jleague.jp) · 移籍情報 2026/27,€,J1|J2|J3,J3,ロアッソ熊本,,kumamoto,https://www.jleague.jp/image/clubs/kumamoto.svg,in,2026-06-11,中山 大耀,,,,,,,,FW,FW,,,九州産業大学,新加入,transfer,,,,,,false,
Japan,ja,2026-08-05 11:41 UTC,J.LEAGUE 公式 (jleague.jp) · 移籍情報 2026/27,€,J1|J2|J3,J3,ロアッソ熊本,,kumamoto,https://www.jleague.jp/image/clubs/kumamoto.svg,in,2026-06-08,上林 真斗,,,,,,,,GK,GK,,,専修大学,新加入,transfer,,,,,,false,
Japan,ja,2026-08-05 11:41 UTC,J.LEAGUE 公式 (jleague.jp) · 移籍情報 2026/27,€,J1|J2|J3,J3,鹿児島ユナイテッドFC,,kagoshima,https://www.jleague.jp/image/clubs/kagoshima.svg,in,2026-06-29,キム ムンヒョン,,1651274,,,,,,DF,DF,,,アビスパ福岡,期限付き,loan,,,,,,false,
Japan,ja,2026-08-05 11:41 UTC,J.LEAGUE 公式 (jleague.jp) · 移籍情報 2026/27,€,J1|J2|J3,J3,鹿児島ユナイテッドFC,,kagoshima,https://www.jleague.jp/image/clubs/kagoshima.svg,in,2026-06-25,長峰 祐斗,,1635025,,,,,,DF,DF,,,ツエーゲン金沢,新加入,transfer,,,,,,false,
Japan,ja,2026-08-05 11:41 UTC,J.LEAGUE 公式 (jleague.jp) · 移籍情報 2026/27,€,J1|J2|J3,J3,鹿児島ユナイテッドFC,,kagoshima,https://www.jleague.jp/image/clubs/kagoshima.svg,in,2026-06-25,嵯峨 理久,,1636323,,,,,,MF,MF,,,ファジアーノ岡山,完全移籍,transfer,,,,,,false,
Japan,ja,2026-08-05 11:41 UTC,J.LEAGUE 公式 (jleague.jp) · 移籍情報 2026/27,€,J1|J2|J3,J3,鹿児島ユナイテッドFC,,kagoshima,https://www.jleague.jp/image/clubs/kagoshima.svg,in,2026-06-25,髙橋 旺良,,1652842,,,,,,FW,FW,,,ファジアーノ岡山,期限付き,loan,,,,,,false,
Japan,ja,2026-08-05 11:41 UTC,J.LEAGUE 公式 (jleague.jp) · 移籍情報 2026/27,€,J1|J2|J3,J3,鹿児島ユナイテッドFC,,kagoshima,https://www.jleague.jp/image/clubs/kagoshima.svg,in,2026-06-24,薩川 淳貴,,1629421,,,,,,DF,DF,,,大分トリニータ,期限付き,loan,,,,,,false,
Japan,ja,2026-08-05 11:41 UTC,J.LEAGUE 公式 (jleague.jp) · 移籍情報 2026/27,€,J1|J2|J3,J3,鹿児島ユナイテッドFC,,kagoshima,https://www.jleague.jp/image/clubs/kagoshima.svg,in,2026-06-24,池田 樹雷人,,1500496,,,,,,DF,DF,,,アビスパ福岡,新加入,transfer,,,,,,false,
Japan,ja,2026-08-05 11:41 UTC,J.LEAGUE 公式 (jleague.jp) · 移籍情報 2026/27,€,J1|J2|J3,J3,鹿児島ユナイテッドFC,,kagoshima,https://www.jleague.jp/image/clubs/kagoshima.svg,in,2026-06-24,田中 渉,,1624295,,,,,,MF,MF,,,モンテディオ山形,新加入,transfer,,,,,,false,
Japan,ja,2026-08-05 11:41 UTC,J.LEAGUE 公式 (jleague.jp) · 移籍情報 2026/27,€,J1|J2|J3,J3,鹿児島ユナイテッドFC,,kagoshima,https://www.jleague.jp/image/clubs/kagoshima.svg,in,2026-06-21,坂田 大樹,,1630052,,,,,,GK,GK,,,柏レイソル,新加入,transfer,,,,,,false,
Japan,ja,2026-08-05 11:41 UTC,J.LEAGUE 公式 (jleague.jp) · 移籍情報 2026/27,€,J1|J2|J3,J3,鹿児島ユナイテッドFC,,kagoshima,https://www.jleague.jp/image/clubs/kagoshima.svg,in,2026-06-19,ターレス,,1632283,,,,,,MF,MF,,,徳島ヴォルティス,期限付き,loan,,,,,,false,
Japan,ja,2026-08-05 11:41 UTC,J.LEAGUE 公式 (jleague.jp) · 移籍情報 2026/27,€,J1|J2|J3,J3,FC琉球,,ryukyu,https://www.jleague.jp/image/clubs/ryukyu.svg,in,2026-07-30,大和 翼空,,,,,,,,DF,DF,,,市川SC,新加入,transfer,,,,,,false,
Japan,ja,2026-08-05 11:41 UTC,J.LEAGUE 公式 (jleague.jp) · 移籍情報 2026/27,€,J1|J2|J3,J3,FC琉球,,ryukyu,https://www.jleague.jp/image/clubs/ryukyu.svg,in,2026-07-01,ヴァヴァ ゲレイロ,,1657448,,,,,,FW,FW,,,FK UCSA Tarasivka (ウクライナ),新加入,transfer,,,,,,false,
Japan,ja,2026-08-05 11:41 UTC,J.LEAGUE 公式 (jleague.jp) · 移籍情報 2026/27,€,J1|J2|J3,J3,FC琉球,,ryukyu,https://www.jleague.jp/image/clubs/ryukyu.svg,in,2026-06-30,イ チュンウォン,,1650514,,,,,,GK,GK,,,テゲバジャーロ宮崎,期限付き,loan,,,,,,false,
Japan,ja,2026-08-05 11:41 UTC,J.LEAGUE 公式 (jleague.jp) · 移籍情報 2026/27,€,J1|J2|J3,J3,FC琉球,,ryukyu,https://www.jleague.jp/image/clubs/ryukyu.svg,in,2026-06-28,宮﨑 浩太朗,,1647512,,,,,,GK,GK,,,横河武蔵野FC,新加入,transfer,,,,,,false,
Japan,ja,2026-08-05 11:41 UTC,J.LEAGUE 公式 (jleague.jp) · 移籍情報 2026/27,€,J1|J2|J3,J3,FC琉球,,ryukyu,https://www.jleague.jp/image/clubs/ryukyu.svg,in,2026-06-26,吉田 温紀,,1632477,,,,,,MF,MF,,,名古屋グランパス,期限付き,loan,,,,,,false,
Japan,ja,2026-08-05 11:41 UTC,J.LEAGUE 公式 (jleague.jp) · 移籍情報 2026/27,€,J1|J2|J3,J3,FC琉球,,ryukyu,https://www.jleague.jp/image/clubs/ryukyu.svg,in,2026-06-25,幸喜 祐心,,1630188,,,,,,MF,MF,,,FKトゥクムス2000 (ラトビア),復帰,loan-return,,,,,,false,
Japan,ja,2026-08-05 11:41 UTC,J.LEAGUE 公式 (jleague.jp) · 移籍情報 2026/27,€,J1|J2|J3,J3,FC琉球,,ryukyu,https://www.jleague.jp/image/clubs/ryukyu.svg,in,2026-06-20,照内 利和,,1647891,,,,,,FW,FW,,,浦和レッズ,期限付き,loan,,,,,,false,
Japan,ja,2026-08-05 11:41 UTC,J.LEAGUE 公式 (jleague.jp) · 移籍情報 2026/27,€,J1|J2|J3,J3,FC琉球,,ryukyu,https://www.jleague.jp/image/clubs/ryukyu.svg,in,2026-06-19,井堀 二昭,,1644483,,,,,,MF,MF,,,鹿児島ユナイテッドFC,完全移籍,transfer,,,,,,false,
Japan,ja,2026-08-05 11:41 UTC,J.LEAGUE 公式 (jleague.jp) · 移籍情報 2026/27,€,J1|J2|J3,J3,FC琉球,,ryukyu,https://www.jleague.jp/image/clubs/ryukyu.svg,in,2026-06-19,高柳 郁弥,,1637079,,,,,,MF,MF,,,RB大宮アルディージャ,新加入,transfer,,,,,,false,
Japan,ja,2026-08-05 11:41 UTC,J.LEAGUE 公式 (jleague.jp) · 移籍情報 2026/27,€,J1|J2|J3,J3,FC琉球,,ryukyu,https://www.jleague.jp/image/clubs/ryukyu.svg,in,2026-06-12,川口 尚紀,,1200383,,,,,,DF,DF,,,ジュビロ磐田,新加入,transfer,,,,,,false,
Japan,ja,2026-08-05 11:41 UTC,J.LEAGUE 公式 (jleague.jp) · 移籍情報 2026/27,€,J1|J2|J3,J3,福島ユナイテッドFC,,fukushima,https://www.jleague.jp/image/clubs/fukushima.svg,out,2026-06-24,石井 稜真,,1635565,,,,,,FW,FW,,,FCティアモ枚方,期限付き,loan,,,,,,false,
Japan,ja,2026-08-05 11:41 UTC,J.LEAGUE 公式 (jleague.jp) · 移籍情報 2026/27,€,J1|J2|J3,J3,福島ユナイテッドFC,,fukushima,https://www.jleague.jp/image/clubs/fukushima.svg,out,2026-06-22,上畑 佑平士,,1600520,,,,,,MF,MF,,,藤枝MYFC,,other,,,,,,false,
Japan,ja,2026-08-05 11:41 UTC,J.LEAGUE 公式 (jleague.jp) · 移籍情報 2026/27,€,J1|J2|J3,J3,福島ユナイテッドFC,,fukushima,https://www.jleague.jp/image/clubs/fukushima.svg,out,2026-06-11,チェ ドヒョン,,1656066,,,,,,DF,DF,,,未定,契約満了,other,,,,,,false,
Japan,ja,2026-08-05 11:41 UTC,J.LEAGUE 公式 (jleague.jp) · 移籍情報 2026/27,€,J1|J2|J3,J3,栃木SC,,tochigi,https://www.jleague.jp/image/clubs/tochigi-sc.svg,out,2026-06-30,星野 創輝,,,,,,,,FW,FW,,,—,引退,other,,,,,,false,
Japan,ja,2026-08-05 11:41 UTC,J.LEAGUE 公式 (jleague.jp) · 移籍情報 2026/27,€,J1|J2|J3,J3,栃木SC,,tochigi,https://www.jleague.jp/image/clubs/tochigi-sc.svg,out,2026-06-25,食野 壮磨,,1624845,,,,,,MF,MF,,,東京ヴェルディ,復帰,loan-return,,,,,,false,
Japan,ja,2026-08-05 11:41 UTC,J.LEAGUE 公式 (jleague.jp) · 移籍情報 2026/27,€,J1|J2|J3,J3,栃木SC,,tochigi,https://www.jleague.jp/image/clubs/tochigi-sc.svg,out,2026-06-23,岩﨑 博,,1639761,,,,,,DF,DF,,,水戸ホーリーホック,,other,,,,,,false,
Japan,ja,2026-08-05 11:41 UTC,J.LEAGUE 公式 (jleague.jp) · 移籍情報 2026/27,€,J1|J2|J3,J3,栃木SC,,tochigi,https://www.jleague.jp/image/clubs/tochigi-sc.svg,out,2026-06-23,庄司 朗,,1650553,,,,,,FW,FW,,,AC長野パルセイロ,期限付き,loan,,,,,,false,
Japan,ja,2026-08-05 11:41 UTC,J.LEAGUE 公式 (jleague.jp) · 移籍情報 2026/27,€,J1|J2|J3,J3,栃木SC,,tochigi,https://www.jleague.jp/image/clubs/tochigi-sc.svg,out,2026-06-22,西野 太陽,,1630209,,,,,,FW,FW,,,徳島ヴォルティス,復帰,loan-return,,,,,,false,
Japan,ja,2026-08-05 11:41 UTC,J.LEAGUE 公式 (jleague.jp) · 移籍情報 2026/27,€,J1|J2|J3,J3,栃木SC,,tochigi,https://www.jleague.jp/image/clubs/tochigi-sc.svg,out,2026-06-22,川名 連介,,1645969,,,,,,FW,FW,,,モンテディオ山形,,other,,,,,,false,
Japan,ja,2026-08-05 11:41 UTC,J.LEAGUE 公式 (jleague.jp) · 移籍情報 2026/27,€,J1|J2|J3,J3,ザスパ群馬,,gunma,https://www.jleague.jp/image/clubs/gunma.svg,out,2026-06-29,田頭 亮太,,1637086,,,,,,DF,DF,,,ラインメール青森FC,,other,,,,,,false,
Japan,ja,2026-08-05 11:41 UTC,J.LEAGUE 公式 (jleague.jp) · 移籍情報 2026/27,€,J1|J2|J3,J3,ザスパ群馬,,gunma,https://www.jleague.jp/image/clubs/gunma.svg,out,2026-06-27,野瀬 翔也,,1650549,,,,,,DF,DF,,,北海道コンサドーレ札幌,,other,,,,,,false,
Japan,ja,2026-08-05 11:41 UTC,J.LEAGUE 公式 (jleague.jp) · 移籍情報 2026/27,€,J1|J2|J3,J3,ザスパ群馬,,gunma,https://www.jleague.jp/image/clubs/gunma.svg,out,2026-06-23,志賀 一允,,1637050,,,,,,GK,GK,,,ラインメール青森FC,,other,,,,,,false,
Japan,ja,2026-08-05 11:41 UTC,J.LEAGUE 公式 (jleague.jp) · 移籍情報 2026/27,€,J1|J2|J3,J3,ザスパ群馬,,gunma,https://www.jleague.jp/image/clubs/gunma.svg,out,2026-06-23,菊地 健太,,1604175,,,,,,DF,DF,,,FC今治,,other,,,,,,false,
Japan,ja,2026-08-05 11:41 UTC,J.LEAGUE 公式 (jleague.jp) · 移籍情報 2026/27,€,J1|J2|J3,J3,ザスパ群馬,,gunma,https://www.jleague.jp/image/clubs/gunma.svg,out,2026-06-23,秋元 琉星,,1648744,,,,,,DF,DF,,,ラインメール青森FC,期限付き,loan,,,,,,false,
Japan,ja,2026-08-05 11:41 UTC,J.LEAGUE 公式 (jleague.jp) · 移籍情報 2026/27,€,J1|J2|J3,J3,ザスパ群馬,,gunma,https://www.jleague.jp/image/clubs/gunma.svg,out,2026-06-20,西村 恭史,,1617962,,,,,,MF,MF,,,大分トリニータ,,other,,,,,,false,
Japan,ja,2026-08-05 11:41 UTC,J.LEAGUE 公式 (jleague.jp) · 移籍情報 2026/27,€,J1|J2|J3,J3,SC相模原,,sagamihara,https://www.jleague.jp/image/clubs/sagamihara.svg,out,2026-06-25,高野 遼,,1501601,,,,,,DF,DF,,,松本山雅FC,,other,,,,,,false,
Japan,ja,2026-08-05 11:41 UTC,J.LEAGUE 公式 (jleague.jp) · 移籍情報 2026/27,€,J1|J2|J3,J3,SC相模原,,sagamihara,https://www.jleague.jp/image/clubs/sagamihara.svg,out,2026-06-14,杉本 大地,,1100137,,,,,,GK,GK,,,未定,契約満了,other,,,,,,false,
Japan,ja,2026-08-05 11:41 UTC,J.LEAGUE 公式 (jleague.jp) · 移籍情報 2026/27,€,J1|J2|J3,J3,松本山雅FC,,matsumoto,https://www.jleague.jp/image/clubs/yamaga.svg,out,2026-07-09,大橋 尚志,,1500437,,,,,,MF,MF,,,いわてグルージャ盛岡,,other,,,,,,false,
Japan,ja,2026-08-05 11:41 UTC,J.LEAGUE 公式 (jleague.jp) · 移籍情報 2026/27,€,J1|J2|J3,J3,松本山雅FC,,matsumoto,https://www.jleague.jp/image/clubs/yamaga.svg,out,2026-06-27,上林 豪,,1624840,,,,,,GK,GK,,,セレッソ大阪,復帰,loan-return,,,,,,false,
Japan,ja,2026-08-05 11:41 UTC,J.LEAGUE 公式 (jleague.jp) · 移籍情報 2026/27,€,J1|J2|J3,J3,松本山雅FC,,matsumoto,https://www.jleague.jp/image/clubs/yamaga.svg,out,2026-06-26,渡邊 乃斗,,1633191,,,,,,FW,FW,,,FC.ISE-SHIMA,,other,,,,,,false,
Japan,ja,2026-08-05 11:41 UTC,J.LEAGUE 公式 (jleague.jp) · 移籍情報 2026/27,€,J1|J2|J3,J3,松本山雅FC,,matsumoto,https://www.jleague.jp/image/clubs/yamaga.svg,out,2026-06-22,小田 逸稀,,1504478,,,,,,DF,DF,,,大分トリニータ,,other,,,,,,false,
Japan,ja,2026-08-05 11:41 UTC,J.LEAGUE 公式 (jleague.jp) · 移籍情報 2026/27,€,J1|J2|J3,J3,松本山雅FC,,matsumoto,https://www.jleague.jp/image/clubs/yamaga.svg,out,2026-06-22,萩原 正太郎,,1650547,,,,,,MF,MF,,,福井ユナイテッドFC,期限付き,loan,,,,,,false,
Japan,ja,2026-08-05 11:41 UTC,J.LEAGUE 公式 (jleague.jp) · 移籍情報 2026/27,€,J1|J2|J3,J3,松本山雅FC,,matsumoto,https://www.jleague.jp/image/clubs/yamaga.svg,out,2026-06-22,加藤 拓己,,1632479,,,,,,FW,FW,,,京都サンガF.C.,,other,,,,,,false,
Japan,ja,2026-08-05 11:41 UTC,J.LEAGUE 公式 (jleague.jp) · 移籍情報 2026/27,€,J1|J2|J3,J3,松本山雅FC,,matsumoto,https://www.jleague.jp/image/clubs/yamaga.svg,out,2026-06-20,村越 凱光,,1629456,,,,,,MF,MF,,,テゲバジャーロ宮崎,,other,,,,,,false,
Japan,ja,2026-08-05 11:41 UTC,J.LEAGUE 公式 (jleague.jp) · 移籍情報 2026/27,€,J1|J2|J3,J3,松本山雅FC,,matsumoto,https://www.jleague.jp/image/clubs/yamaga.svg,out,2026-06-18,深澤 佑太,,1640612,,,,,,MF,MF,,,湘南ベルマーレ,,other,,,,,,false,
Japan,ja,2026-08-05 11:41 UTC,J.LEAGUE 公式 (jleague.jp) · 移籍情報 2026/27,€,J1|J2|J3,J3,松本山雅FC,,matsumoto,https://www.jleague.jp/image/clubs/yamaga.svg,out,2026-06-04,小川 大貴,,900362,,,,,,DF,DF,,,—,引退,other,,,,,,false,
Japan,ja,2026-08-05 11:41 UTC,J.LEAGUE 公式 (jleague.jp) · 移籍情報 2026/27,€,J1|J2|J3,J3,松本山雅FC,,matsumoto,https://www.jleague.jp/image/clubs/yamaga.svg,out,2026-06-03,高橋 祥平,,800137,,,,,,DF,DF,,,—,引退,other,,,,,,false,
Japan,ja,2026-08-05 11:41 UTC,J.LEAGUE 公式 (jleague.jp) · 移籍情報 2026/27,€,J1|J2|J3,J3,ツエーゲン金沢,,kanazawa,https://www.jleague.jp/image/clubs/kanazawa.svg,out,2026-07-12,石原 崇兆,,1100132,,,,,,MF,MF,,,福山シティFC,,other,,,,,,false,
Japan,ja,2026-08-05 11:41 UTC,J.LEAGUE 公式 (jleague.jp) · 移籍情報 2026/27,€,J1|J2|J3,J3,ツエーゲン金沢,,kanazawa,https://www.jleague.jp/image/clubs/kanazawa.svg,out,2026-07-09,山ノ井 拓己,,1500391,,,,,,GK,GK,,,Y.S.C.C.,,other,,,,,,false,
Japan,ja,2026-08-05 11:41 UTC,J.LEAGUE 公式 (jleague.jp) · 移籍情報 2026/27,€,J1|J2|J3,J3,ツエーゲン金沢,,kanazawa,https://www.jleague.jp/image/clubs/kanazawa.svg,out,2026-06-26,沖崎 颯,,1625670,,,,,,MF,MF,,,FC.ISE-SHIMA,完全移籍,transfer,,,,,,false,
Japan,ja,2026-08-05 11:41 UTC,J.LEAGUE 公式 (jleague.jp) · 移籍情報 2026/27,€,J1|J2|J3,J3,ツエーゲン金沢,,kanazawa,https://www.jleague.jp/image/clubs/kanazawa.svg,out,2026-06-25,長峰 祐斗,,1635025,,,,,,DF,DF,,,鹿児島ユナイテッドFC,,other,,,,,,false,
Japan,ja,2026-08-05 11:41 UTC,J.LEAGUE 公式 (jleague.jp) · 移籍情報 2026/27,€,J1|J2|J3,J3,ツエーゲン金沢,,kanazawa,https://www.jleague.jp/image/clubs/kanazawa.svg,out,2026-06-23,小島 雅也,,1500945,,,,,,DF,DF,,,FC大阪,,other,,,,,,false,
Japan,ja,2026-08-05 11:41 UTC,J.LEAGUE 公式 (jleague.jp) · 移籍情報 2026/27,€,J1|J2|J3,J3,FC岐阜,,gifu,https://www.jleague.jp/image/clubs/gifu.svg,out,2026-07-28,山谷 侑士,,1622679,,,,,,FW,FW,,,Kendal Tornado FC (インドネシア),,other,,,,,,false,
Japan,ja,2026-08-05 11:41 UTC,J.LEAGUE 公式 (jleague.jp) · 移籍情報 2026/27,€,J1|J2|J3,J3,FC岐阜,,gifu,https://www.jleague.jp/image/clubs/gifu.svg,out,2026-07-21,生地 慶充,,1601447,,,,,,MF,MF,,,FCマルヤス岡崎,,other,,,,,,false,
Japan,ja,2026-08-05 11:41 UTC,J.LEAGUE 公式 (jleague.jp) · 移籍情報 2026/27,€,J1|J2|J3,J3,FC岐阜,,gifu,https://www.jleague.jp/image/clubs/gifu.svg,out,2026-07-06,ファビオ アゼヴェド,,1656194,,,,,,FW,FW,,,Y.S.C.C.,期限付き,loan,,,,,,false,
Japan,ja,2026-08-05 11:41 UTC,J.LEAGUE 公式 (jleague.jp) · 移籍情報 2026/27,€,J1|J2|J3,J3,FC岐阜,,gifu,https://www.jleague.jp/image/clubs/gifu.svg,out,2026-06-27,ワッド モハメッド サディキ,,,,,,,,FW,FW,,,柏レイソル,復帰,loan-return,,,,,,false,
Japan,ja,2026-08-05 11:41 UTC,J.LEAGUE 公式 (jleague.jp) · 移籍情報 2026/27,€,J1|J2|J3,J3,FC岐阜,,gifu,https://www.jleague.jp/image/clubs/gifu.svg,out,2026-06-26,加藤 慎太郎,,1636282,,,,,,DF,DF,,,SC相模原,,other,,,,,,false,
Japan,ja,2026-08-05 11:41 UTC,J.LEAGUE 公式 (jleague.jp) · 移籍情報 2026/27,€,J1|J2|J3,J3,FC岐阜,,gifu,https://www.jleague.jp/image/clubs/gifu.svg,out,2026-06-26,川本 梨誉,,1625298,,,,,,FW,FW,,,藤枝MYFC,,other,,,,,,false,
Japan,ja,2026-08-05 11:41 UTC,J.LEAGUE 公式 (jleague.jp) · 移籍情報 2026/27,€,J1|J2|J3,J3,レイラック滋賀,,shiga,https://www.jleague.jp/image/clubs/shiga.svg,out,2026-06-26,久保田 和音,,1500436,,,,,,MF,MF,,,FCティアモ枚方,期限付き,loan,,,,,,false,
Japan,ja,2026-08-05 11:41 UTC,J.LEAGUE 公式 (jleague.jp) · 移籍情報 2026/27,€,J1|J2|J3,J3,レイラック滋賀,,shiga,https://www.jleague.jp/image/clubs/shiga.svg,out,2026-06-23,森本 ヒマン,,1619692,,,,,,FW,FW,,,奈良クラブ,,other,,,,,,false,
Japan,ja,2026-08-05 11:41 UTC,J.LEAGUE 公式 (jleague.jp) · 移籍情報 2026/27,€,J1|J2|J3,J3,FC大阪,,fosaka,https://www.jleague.jp/image/clubs/fc-osaka.svg,out,2026-07-16,咲本 大,,1655832,,,,,,DF,DF,,,台中FUTURO (台湾),期限付き,loan,,,,,,false,
Japan,ja,2026-08-05 11:41 UTC,J.LEAGUE 公式 (jleague.jp) · 移籍情報 2026/27,€,J1|J2|J3,J3,FC大阪,,fosaka,https://www.jleague.jp/image/clubs/fc-osaka.svg,out,2026-07-16,李 韓喜,,1656839,,,,,,FW,FW,,,台中FUTURO (台湾),期限付き,loan,,,,,,false,
Japan,ja,2026-08-05 11:41 UTC,J.LEAGUE 公式 (jleague.jp) · 移籍情報 2026/27,€,J1|J2|J3,J3,FC大阪,,fosaka,https://www.jleague.jp/image/clubs/fc-osaka.svg,out,2026-07-05,石橋 克之,,,,,,,,FW,FW,,,FC Urartu Erewan (アルメニア),,other,,,,,,false,
Japan,ja,2026-08-05 11:41 UTC,J.LEAGUE 公式 (jleague.jp) · 移籍情報 2026/27,€,J1|J2|J3,J3,FC大阪,,fosaka,https://www.jleague.jp/image/clubs/fc-osaka.svg,out,2026-07-01,和田 育,,1632746,,,,,,FW,FW,,,クリアソン新宿,,other,,,,,,false,
Japan,ja,2026-08-05 11:41 UTC,J.LEAGUE 公式 (jleague.jp) · 移籍情報 2026/27,€,J1|J2|J3,J3,FC大阪,,fosaka,https://www.jleague.jp/image/clubs/fc-osaka.svg,out,2026-06-29,李 眞雨,,1652843,,,,,,GK,GK,,,FCジュロン (シンガポール),,other,,,,,,false,
Japan,ja,2026-08-05 11:41 UTC,J.LEAGUE 公式 (jleague.jp) · 移籍情報 2026/27,€,J1|J2|J3,J3,FC大阪,,fosaka,https://www.jleague.jp/image/clubs/fc-osaka.svg,out,2026-06-27,増田 隼司,,1632385,,,,,,MF,MF,,,奈良クラブ,,other,,,,,,false,
Japan,ja,2026-08-05 11:41 UTC,J.LEAGUE 公式 (jleague.jp) · 移籍情報 2026/27,€,J1|J2|J3,J3,FC大阪,,fosaka,https://www.jleague.jp/image/clubs/fc-osaka.svg,out,2026-06-25,後東 尚輝,,1627748,,,,,,GK,GK,,,徳島ヴォルティス,復帰,loan-return,,,,,,false,
Japan,ja,2026-08-05 11:41 UTC,J.LEAGUE 公式 (jleague.jp) · 移籍情報 2026/27,€,J1|J2|J3,J3,FC大阪,,fosaka,https://www.jleague.jp/image/clubs/fc-osaka.svg,out,2026-06-25,関沼 海亜,,1645999,,,,,,GK,GK,,,奈良クラブ,復帰,loan-return,,,,,,false,
Japan,ja,2026-08-05 11:41 UTC,J.LEAGUE 公式 (jleague.jp) · 移籍情報 2026/27,€,J1|J2|J3,J3,FC大阪,,fosaka,https://www.jleague.jp/image/clubs/fc-osaka.svg,out,2026-06-25,堤 奏一郎,,1645936,,,,,,MF,MF,,,テゲバジャーロ宮崎,,other,,,,,,false,
Japan,ja,2026-08-05 11:41 UTC,J.LEAGUE 公式 (jleague.jp) · 移籍情報 2026/27,€,J1|J2|J3,J3,FC大阪,,fosaka,https://www.jleague.jp/image/clubs/fc-osaka.svg,out,2026-06-25,家坂 葉光,,1641614,,,,,,MF,MF,,,ファジアーノ岡山,復帰,loan-return,,,,,,false,
Japan,ja,2026-08-05 11:41 UTC,J.LEAGUE 公式 (jleague.jp) · 移籍情報 2026/27,€,J1|J2|J3,J3,FC大阪,,fosaka,https://www.jleague.jp/image/clubs/fc-osaka.svg,out,2026-06-25,川上 竜,,1609244,,,,,,MF,MF,,,ツエーゲン金沢,期限付き,loan,,,,,,false,
Japan,ja,2026-08-05 11:41 UTC,J.LEAGUE 公式 (jleague.jp) · 移籍情報 2026/27,€,J1|J2|J3,J3,FC大阪,,fosaka,https://www.jleague.jp/image/clubs/fc-osaka.svg,out,2026-06-24,金 潤識,,1651510,,,,,,DF,DF,,,FCジュロン (シンガポール),期限付き,loan,,,,,,false,
Japan,ja,2026-08-05 11:41 UTC,J.LEAGUE 公式 (jleague.jp) · 移籍情報 2026/27,€,J1|J2|J3,J3,FC大阪,,fosaka,https://www.jleague.jp/image/clubs/fc-osaka.svg,out,2026-06-24,土肥 航大,,1622842,,,,,,MF,MF,,,FCジュロン (シンガポール),,other,,,,,,false,
Japan,ja,2026-08-05 11:41 UTC,J.LEAGUE 公式 (jleague.jp) · 移籍情報 2026/27,€,J1|J2|J3,J3,FC大阪,,fosaka,https://www.jleague.jp/image/clubs/fc-osaka.svg,out,2026-06-22,松本 孝平,,1607200,,,,,,FW,FW,,,ラインメール青森FC,,other,,,,,,false,
Japan,ja,2026-08-05 11:41 UTC,J.LEAGUE 公式 (jleague.jp) · 移籍情報 2026/27,€,J1|J2|J3,J3,FC大阪,,fosaka,https://www.jleague.jp/image/clubs/fc-osaka.svg,out,2026-06-18,林田 魁斗,,1624850,,,,,,DF,DF,,,カマタマーレ讃岐,完全移籍,transfer,,,,,,false,
Japan,ja,2026-08-05 11:41 UTC,J.LEAGUE 公式 (jleague.jp) · 移籍情報 2026/27,€,J1|J2|J3,J3,奈良クラブ,,nara,https://www.jleague.jp/image/clubs/nara.svg,out,2026-06-27,鈴木 大誠,,1611122,,,,,,DF,DF,,,IKOMA FC 奈良,期限付き,loan,,,,,,false,
Japan,ja,2026-08-05 11:41 UTC,J.LEAGUE 公式 (jleague.jp) · 移籍情報 2026/27,€,J1|J2|J3,J3,奈良クラブ,,nara,https://www.jleague.jp/image/clubs/nara.svg,out,2026-06-26,岡﨑 大志郎,,1652461,,,,,,FW,FW,,,いわてグルージャ盛岡,期限付き,loan,,,,,,false,
Japan,ja,2026-08-05 11:41 UTC,J.LEAGUE 公式 (jleague.jp) · 移籍情報 2026/27,€,J1|J2|J3,J3,奈良クラブ,,nara,https://www.jleague.jp/image/clubs/nara.svg,out,2026-06-25,岡田 慎司,,1627433,,,,,,GK,GK,,,ザスパ群馬,,other,,,,,,false,
Japan,ja,2026-08-05 11:41 UTC,J.LEAGUE 公式 (jleague.jp) · 移籍情報 2026/27,€,J1|J2|J3,J3,奈良クラブ,,nara,https://www.jleague.jp/image/clubs/nara.svg,out,2026-06-25,國武 勇斗,,1644023,,,,,,MF,MF,,,カターレ富山,,other,,,,,,false,
Japan,ja,2026-08-05 11:41 UTC,J.LEAGUE 公式 (jleague.jp) · 移籍情報 2026/27,€,J1|J2|J3,J3,奈良クラブ,,nara,https://www.jleague.jp/image/clubs/nara.svg,out,2026-06-20,田村 翔太,,1300064,,,,,,FW,FW,,,愛媛FC,,other,,,,,,false,
Japan,ja,2026-08-05 11:41 UTC,J.LEAGUE 公式 (jleague.jp) · 移籍情報 2026/27,€,J1|J2|J3,J3,ガイナーレ鳥取,,tottori,https://www.jleague.jp/image/clubs/tottori.svg,out,2026-07-07,チャ ウォンジュン,,1655802,,,,,,FW,FW,,,FCティアモ枚方,期限付き,loan,,,,,,false,
Japan,ja,2026-08-05 11:41 UTC,J.LEAGUE 公式 (jleague.jp) · 移籍情報 2026/27,€,J1|J2|J3,J3,ガイナーレ鳥取,,tottori,https://www.jleague.jp/image/clubs/tottori.svg,out,2026-07-03,金 世明,,1651273,,,,,,MF,MF,,,青島西海岸足球倶楽部 (中国),,other,,,,,,false,
Japan,ja,2026-08-05 11:41 UTC,J.LEAGUE 公式 (jleague.jp) · 移籍情報 2026/27,€,J1|J2|J3,J3,ガイナーレ鳥取,,tottori,https://www.jleague.jp/image/clubs/tottori.svg,out,2026-06-19,高柳 郁弥,,1637079,,,,,,MF,MF,,,RB大宮アルディージャ,復帰,loan-return,,,,,,false,
Japan,ja,2026-08-05 11:41 UTC,J.LEAGUE 公式 (jleague.jp) · 移籍情報 2026/27,€,J1|J2|J3,J3,ガイナーレ鳥取,,tottori,https://www.jleague.jp/image/clubs/tottori.svg,out,2026-06-19,小澤 秀充,,1636277,,,,,,MF,MF,,,ロアッソ熊本,,other,,,,,,false,
Japan,ja,2026-08-05 11:41 UTC,J.LEAGUE 公式 (jleague.jp) · 移籍情報 2026/27,€,J1|J2|J3,J3,ガイナーレ鳥取,,tottori,https://www.jleague.jp/image/clubs/tottori.svg,out,2026-06-10,長谷川 夢叶,,1646370,,,,,,FW,FW,,,ベルガロッソいわみ,期限付き,loan,,,,,,false,
Japan,ja,2026-08-05 11:41 UTC,J.LEAGUE 公式 (jleague.jp) · 移籍情報 2026/27,€,J1|J2|J3,J3,ガイナーレ鳥取,,tottori,https://www.jleague.jp/image/clubs/tottori.svg,out,2026-06-02,常安 澪,,,,,,,,MF,MF,,,未定,契約満了,other,,,,,,false,
Japan,ja,2026-08-05 11:41 UTC,J.LEAGUE 公式 (jleague.jp) · 移籍情報 2026/27,€,J1|J2|J3,J3,ガイナーレ鳥取,,tottori,https://www.jleague.jp/image/clubs/tottori.svg,out,2026-06-02,ダッジィ コジョ,,1650794,,,,,,FW,FW,,,未定,契約満了,other,,,,,,false,
Japan,ja,2026-08-05 11:41 UTC,J.LEAGUE 公式 (jleague.jp) · 移籍情報 2026/27,€,J1|J2|J3,J3,レノファ山口FC,,yamaguchi,https://www.jleague.jp/image/clubs/yamaguchi.svg,out,2026-06-26,奥山 洋平,,1636495,,,,,,MF,MF,,,SC相模原,,other,,,,,,false,
Japan,ja,2026-08-05 11:41 UTC,J.LEAGUE 公式 (jleague.jp) · 移籍情報 2026/27,€,J1|J2|J3,J3,レノファ山口FC,,yamaguchi,https://www.jleague.jp/image/clubs/yamaguchi.svg,out,2026-06-26,末永 透瑛,,1638524,,,,,,FW,FW,,,FCジュロン (シンガポール),期限付き,loan,,,,,,false,
Japan,ja,2026-08-05 11:41 UTC,J.LEAGUE 公式 (jleague.jp) · 移籍情報 2026/27,€,J1|J2|J3,J3,レノファ山口FC,,yamaguchi,https://www.jleague.jp/image/clubs/yamaguchi.svg,out,2026-06-25,宮吉 拓実,,800625,,,,,,FW,FW,,,—,引退,other,,,,,,false,
Japan,ja,2026-08-05 11:41 UTC,J.LEAGUE 公式 (jleague.jp) · 移籍情報 2026/27,€,J1|J2|J3,J3,レノファ山口FC,,yamaguchi,https://www.jleague.jp/image/clubs/yamaguchi.svg,out,2026-06-24,峰田 祐哉,,1646804,,,,,,DF,DF,,,アスルクラロ沼津,期限付き,loan,,,,,,false,
Japan,ja,2026-08-05 11:41 UTC,J.LEAGUE 公式 (jleague.jp) · 移籍情報 2026/27,€,J1|J2|J3,J3,レノファ山口FC,,yamaguchi,https://www.jleague.jp/image/clubs/yamaguchi.svg,out,2026-06-22,田所 莉旺,,1651269,,,,,,DF,DF,,,V・ファーレン長崎,復帰,loan-return,,,,,,false,
Japan,ja,2026-08-05 11:41 UTC,J.LEAGUE 公式 (jleague.jp) · 移籍情報 2026/27,€,J1|J2|J3,J3,レノファ山口FC,,yamaguchi,https://www.jleague.jp/image/clubs/yamaguchi.svg,out,2026-06-20,山ノ井 拓己,,1500391,,,,,,GK,GK,,,ツエーゲン金沢,復帰,loan-return,,,,,,false,
Japan,ja,2026-08-05 11:41 UTC,J.LEAGUE 公式 (jleague.jp) · 移籍情報 2026/27,€,J1|J2|J3,J3,レノファ山口FC,,yamaguchi,https://www.jleague.jp/image/clubs/yamaguchi.svg,out,2026-06-19,古川 大悟,,1607221,,,,,,FW,FW,,,大分トリニータ,,other,,,,,,false,
Japan,ja,2026-08-05 11:41 UTC,J.LEAGUE 公式 (jleague.jp) · 移籍情報 2026/27,€,J1|J2|J3,J3,レノファ山口FC,,yamaguchi,https://www.jleague.jp/image/clubs/yamaguchi.svg,out,2026-06-16,木村 有磨,,1650546,,,,,,MF,MF,,,タンピネス・ローバーズFC (シンガポール),期限付き,loan,,,,,,false,
Japan,ja,2026-08-05 11:41 UTC,J.LEAGUE 公式 (jleague.jp) · 移籍情報 2026/27,€,J1|J2|J3,J3,レノファ山口FC,,yamaguchi,https://www.jleague.jp/image/clubs/yamaguchi.svg,out,2026-06-09,アレフ フィルミーノ,,1652780,,,,,,FW,FW,,,未定,契約満了,other,,,,,,false,
Japan,ja,2026-08-05 11:41 UTC,J.LEAGUE 公式 (jleague.jp) · 移籍情報 2026/27,€,J1|J2|J3,J3,レノファ山口FC,,yamaguchi,https://www.jleague.jp/image/clubs/yamaguchi.svg,out,2026-06-03,水口 飛呂,,1643203,,,,,,MF,MF,,,未定,契約満了,other,,,,,,false,
Japan,ja,2026-08-05 11:41 UTC,J.LEAGUE 公式 (jleague.jp) · 移籍情報 2026/27,€,J1|J2|J3,J3,カマタマーレ讃岐,,sanuki,https://www.jleague.jp/image/clubs/sanuki.svg,out,2026-07-13,森 勇人,,1400058,,,,,,MF,MF,,,FCマルヤス岡崎,,other,,,,,,false,
Japan,ja,2026-08-05 11:41 UTC,J.LEAGUE 公式 (jleague.jp) · 移籍情報 2026/27,€,J1|J2|J3,J3,カマタマーレ讃岐,,sanuki,https://www.jleague.jp/image/clubs/sanuki.svg,out,2026-06-30,岩本 和希,,1500572,,,,,,MF,MF,,,FC大阪,,other,,,,,,false,
Japan,ja,2026-08-05 11:41 UTC,J.LEAGUE 公式 (jleague.jp) · 移籍情報 2026/27,€,J1|J2|J3,J3,カマタマーレ讃岐,,sanuki,https://www.jleague.jp/image/clubs/sanuki.svg,out,2026-06-19,川西 翔太,,1100175,,,,,,MF,MF,,,奈良クラブ,,other,,,,,,false,
Japan,ja,2026-08-05 11:41 UTC,J.LEAGUE 公式 (jleague.jp) · 移籍情報 2026/27,€,J1|J2|J3,J3,カマタマーレ讃岐,,sanuki,https://www.jleague.jp/image/clubs/sanuki.svg,out,2026-06-16,前川 大河,,1401442,,,,,,MF,MF,,,IKOMA FC 奈良,,other,,,,,,false,
Japan,ja,2026-08-05 11:41 UTC,J.LEAGUE 公式 (jleague.jp) · 移籍情報 2026/27,€,J1|J2|J3,J3,カマタマーレ讃岐,,sanuki,https://www.jleague.jp/image/clubs/sanuki.svg,out,2026-06-11,李 眞雨,,1652843,,,,,,GK,GK,,,FC大阪,復帰,loan-return,,,,,,false,
Japan,ja,2026-08-05 11:41 UTC,J.LEAGUE 公式 (jleague.jp) · 移籍情報 2026/27,€,J1|J2|J3,J3,カマタマーレ讃岐,,sanuki,https://www.jleague.jp/image/clubs/sanuki.svg,out,2026-06-02,柳 雄太郎,,1618083,,,,,,MF,MF,,,未定,契約満了,other,,,,,,false,
Japan,ja,2026-08-05 11:41 UTC,J.LEAGUE 公式 (jleague.jp) · 移籍情報 2026/27,€,J1|J2|J3,J3,愛媛FC,,ehime,https://www.jleague.jp/image/clubs/ehime.svg,out,2026-06-29,前田 椋介,,1629441,,,,,,MF,MF,,,アルビレックス新潟,,other,,,,,,false,
Japan,ja,2026-08-05 11:41 UTC,J.LEAGUE 公式 (jleague.jp) · 移籍情報 2026/27,€,J1|J2|J3,J3,愛媛FC,,ehime,https://www.jleague.jp/image/clubs/ehime.svg,out,2026-06-26,山口 太陽,,1643393,,,,,,FW,FW,,,FC東京,復帰,loan-return,,,,,,false,
Japan,ja,2026-08-05 11:41 UTC,J.LEAGUE 公式 (jleague.jp) · 移籍情報 2026/27,€,J1|J2|J3,J3,愛媛FC,,ehime,https://www.jleague.jp/image/clubs/ehime.svg,out,2026-06-21,森山 公弥,,1630210,,,,,,DF,DF,,,アビスパ福岡,復帰,loan-return,,,,,,false,
Japan,ja,2026-08-05 11:41 UTC,J.LEAGUE 公式 (jleague.jp) · 移籍情報 2026/27,€,J1|J2|J3,J3,愛媛FC,,ehime,https://www.jleague.jp/image/clubs/ehime.svg,out,2026-06-20,田口 裕也,,1629431,,,,,,FW,FW,,,松本山雅FC,,other,,,,,,false,
Japan,ja,2026-08-05 11:41 UTC,J.LEAGUE 公式 (jleague.jp) · 移籍情報 2026/27,€,J1|J2|J3,J3,愛媛FC,,ehime,https://www.jleague.jp/image/clubs/ehime.svg,out,2026-06-20,佐藤 亮,,1604181,,,,,,FW,FW,,,松本山雅FC,期限付き,loan,,,,,,false,
Japan,ja,2026-08-05 11:41 UTC,J.LEAGUE 公式 (jleague.jp) · 移籍情報 2026/27,€,J1|J2|J3,J3,愛媛FC,,ehime,https://www.jleague.jp/image/clubs/ehime.svg,out,2026-06-19,山原 康太郎,,1637043,,,,,,DF,DF,,,ザスパ群馬,期限付き,loan,,,,,,false,
Japan,ja,2026-08-05 11:41 UTC,J.LEAGUE 公式 (jleague.jp) · 移籍情報 2026/27,€,J1|J2|J3,J3,愛媛FC,,ehime,https://www.jleague.jp/image/clubs/ehime.svg,out,2026-06-14,西条 将太,,1656730,,,,,,FW,FW,,,未定,契約満了,other,,,,,,false,
Japan,ja,2026-08-05 11:41 UTC,J.LEAGUE 公式 (jleague.jp) · 移籍情報 2026/27,€,J1|J2|J3,J3,高知ユナイテッドＳＣ,,kochi,https://www.jleague.jp/image/clubs/kochi.svg,out,2026-06-20,深川 大輔,,1636288,,,,,,DF,DF,,,VONDS市原,,other,,,,,,false,
Japan,ja,2026-08-05 11:41 UTC,J.LEAGUE 公式 (jleague.jp) · 移籍情報 2026/27,€,J1|J2|J3,J3,高知ユナイテッドＳＣ,,kochi,https://www.jleague.jp/image/clubs/kochi.svg,out,2026-06-17,新谷 聖基,,1647558,,,,,,FW,FW,,,ヴァンラーレ八戸,,other,,,,,,false,
Japan,ja,2026-08-05 11:41 UTC,J.LEAGUE 公式 (jleague.jp) · 移籍情報 2026/27,€,J1|J2|J3,J3,ギラヴァンツ北九州,,kitakyushu,https://www.jleague.jp/image/clubs/kitakyushu.svg,out,2026-06-27,木實 快斗,,1647895,,,,,,MF,MF,,,セレッソ大阪,復帰,loan-return,,,,,,false,
Japan,ja,2026-08-05 11:41 UTC,J.LEAGUE 公式 (jleague.jp) · 移籍情報 2026/27,€,J1|J2|J3,J3,ギラヴァンツ北九州,,kitakyushu,https://www.jleague.jp/image/clubs/kitakyushu.svg,out,2026-06-22,渡邉 颯太,,1645965,,,,,,FW,FW,,,レノファ山口FC,,other,,,,,,false,
Japan,ja,2026-08-05 11:41 UTC,J.LEAGUE 公式 (jleague.jp) · 移籍情報 2026/27,€,J1|J2|J3,J3,ギラヴァンツ北九州,,kitakyushu,https://www.jleague.jp/image/clubs/kitakyushu.svg,out,2026-06-09,前田 稜太,,1653195,,,,,,DF,DF,,,福井ユナイテッドFC,期限付き,loan,,,,,,false,
Japan,ja,2026-08-05 11:41 UTC,J.LEAGUE 公式 (jleague.jp) · 移籍情報 2026/27,€,J1|J2|J3,J3,ロアッソ熊本,,kumamoto,https://www.jleague.jp/image/clubs/kumamoto.svg,out,2026-07-03,上村 周平,,1300451,,,,,,MF,MF,,,愛媛FC,,other,,,,,,false,
Japan,ja,2026-08-05 11:41 UTC,J.LEAGUE 公式 (jleague.jp) · 移籍情報 2026/27,€,J1|J2|J3,J3,ロアッソ熊本,,kumamoto,https://www.jleague.jp/image/clubs/kumamoto.svg,out,2026-06-25,岩下 航,,1631772,,,,,,DF,DF,,,いわきFC,,other,,,,,,false,
Japan,ja,2026-08-05 11:41 UTC,J.LEAGUE 公式 (jleague.jp) · 移籍情報 2026/27,€,J1|J2|J3,J3,ロアッソ熊本,,kumamoto,https://www.jleague.jp/image/clubs/kumamoto.svg,out,2026-06-19,青木 俊輔,,1635460,,,,,,MF,MF,,,V・ファーレン長崎,復帰,loan-return,,,,,,false,
Japan,ja,2026-08-05 11:41 UTC,J.LEAGUE 公式 (jleague.jp) · 移籍情報 2026/27,€,J1|J2|J3,J3,鹿児島ユナイテッドFC,,kagoshima,https://www.jleague.jp/image/clubs/kagoshima.svg,out,2026-07-01,千布 一輝,,1400106,,,,,,MF,MF,,,ヴェロスクロノス都農,,other,,,,,,false,
Japan,ja,2026-08-05 11:41 UTC,J.LEAGUE 公式 (jleague.jp) · 移籍情報 2026/27,€,J1|J2|J3,J3,鹿児島ユナイテッドFC,,kagoshima,https://www.jleague.jp/image/clubs/kagoshima.svg,out,2026-06-30,小島 凛士郎,,1630223,,,,,,DF,DF,,,ヴィアティン三重,期限付き,loan,,,,,,false,
Japan,ja,2026-08-05 11:41 UTC,J.LEAGUE 公式 (jleague.jp) · 移籍情報 2026/27,€,J1|J2|J3,J3,鹿児島ユナイテッドFC,,kagoshima,https://www.jleague.jp/image/clubs/kagoshima.svg,out,2026-06-29,三品 直哉,,1645029,,,,,,MF,MF,,,ロアッソ熊本,期限付き,loan,,,,,,false,
Japan,ja,2026-08-05 11:41 UTC,J.LEAGUE 公式 (jleague.jp) · 移籍情報 2026/27,€,J1|J2|J3,J3,鹿児島ユナイテッドFC,,kagoshima,https://www.jleague.jp/image/clubs/kagoshima.svg,out,2026-06-24,杉井 颯,,1620803,,,,,,DF,DF,,,モンテディオ山形,,other,,,,,,false,
Japan,ja,2026-08-05 11:41 UTC,J.LEAGUE 公式 (jleague.jp) · 移籍情報 2026/27,€,J1|J2|J3,J3,鹿児島ユナイテッドFC,,kagoshima,https://www.jleague.jp/image/clubs/kagoshima.svg,out,2026-06-23,藤嶋 栄介,,1200950,,,,,,GK,GK,,,サガン鳥栖,,other,,,,,,false,
Japan,ja,2026-08-05 11:41 UTC,J.LEAGUE 公式 (jleague.jp) · 移籍情報 2026/27,€,J1|J2|J3,J3,鹿児島ユナイテッドFC,,kagoshima,https://www.jleague.jp/image/clubs/kagoshima.svg,out,2026-06-19,井堀 二昭,,1644483,,,,,,MF,MF,,,FC琉球,完全移籍,transfer,,,,,,false,
Japan,ja,2026-08-05 11:41 UTC,J.LEAGUE 公式 (jleague.jp) · 移籍情報 2026/27,€,J1|J2|J3,J3,鹿児島ユナイテッドFC,,kagoshima,https://www.jleague.jp/image/clubs/kagoshima.svg,out,2026-06-09,米澤 令衣,,1400732,,,,,,FW,FW,,,カマタマーレ讃岐,,other,,,,,,false,
Japan,ja,2026-08-05 11:41 UTC,J.LEAGUE 公式 (jleague.jp) · 移籍情報 2026/27,€,J1|J2|J3,J3,FC琉球,,ryukyu,https://www.jleague.jp/image/clubs/ryukyu.svg,out,2026-06-28,梅田 陸空,,1640266,,,,,,GK,GK,,,ベガルタ仙台,復帰,loan-return,,,,,,false,
Japan,ja,2026-08-05 11:41 UTC,J.LEAGUE 公式 (jleague.jp) · 移籍情報 2026/27,€,J1|J2|J3,J3,FC琉球,,ryukyu,https://www.jleague.jp/image/clubs/ryukyu.svg,out,2026-06-28,川島 康暉,,1636845,,,,,,GK,GK,,,大分トリニータ,,other,,,,,,false,
Japan,ja,2026-08-05 11:41 UTC,J.LEAGUE 公式 (jleague.jp) · 移籍情報 2026/27,€,J1|J2|J3,J3,FC琉球,,ryukyu,https://www.jleague.jp/image/clubs/ryukyu.svg,out,2026-06-27,津覇 実樹,,1638468,,,,,,MF,MF,,,コバルトーレ女川,期限付き,loan,,,,,,false,
Japan,ja,2026-08-05 11:41 UTC,J.LEAGUE 公式 (jleague.jp) · 移籍情報 2026/27,€,J1|J2|J3,J3,FC琉球,,ryukyu,https://www.jleague.jp/image/clubs/ryukyu.svg,out,2026-06-26,堀内 陽太,,1640478,,,,,,MF,MF,,,浦和レッズ,復帰,loan-return,,,,,,false,
Japan,ja,2026-08-05 11:41 UTC,J.LEAGUE 公式 (jleague.jp) · 移籍情報 2026/27,€,J1|J2|J3,J3,FC琉球,,ryukyu,https://www.jleague.jp/image/clubs/ryukyu.svg,out,2026-06-26,志慶眞 巧洋,,1652451,,,,,,MF,MF,,,FKトゥクムス2000 (ラトビア),期限付き,loan,,,,,,false,
Japan,ja,2026-08-05 11:41 UTC,J.LEAGUE 公式 (jleague.jp) · 移籍情報 2026/27,€,J1|J2|J3,J3,FC琉球,,ryukyu,https://www.jleague.jp/image/clubs/ryukyu.svg,out,2026-06-25,庵原 篤人,,1645953,,,,,,FW,FW,,,Ｙ．Ｓ．Ｃ．Ｃ．横浜,,other,,,,,,false,
Japan,ja,2026-08-05 11:41 UTC,J.LEAGUE 公式 (jleague.jp) · 移籍情報 2026/27,€,J1|J2|J3,J3,FC琉球,,ryukyu,https://www.jleague.jp/image/clubs/ryukyu.svg,out,2026-06-23,菊地 脩太,,1635021,,,,,,DF,DF,,,レノファ山口FC,,other,,,,,,false,
Japan,ja,2026-08-05 11:41 UTC,J.LEAGUE 公式 (jleague.jp) · 移籍情報 2026/27,€,J1|J2|J3,J3,FC琉球,,ryukyu,https://www.jleague.jp/image/clubs/ryukyu.svg,out,2026-06-12,後藤田 亘輝,,,,,,,,DF,DF,,,SHIBUYA CITY FC,完全移籍,transfer,,,,,,false,
Japan,ja,2026-08-05 11:41 UTC,J.LEAGUE 公式 (jleague.jp) · 移籍情報 2026/27,€,J1|J2|J3,J3,FC琉球,,ryukyu,https://www.jleague.jp/image/clubs/ryukyu.svg,out,2026-06-08,成田 安里,,1651470,,,,,,MF,MF,,,—,引退,other,,,,,,false,
Japan,ja,2026-08-05 11:41 UTC,J.LEAGUE 公式 (jleague.jp) · 移籍情報 2026/27,€,J1|J2|J3,J3,FC琉球,,ryukyu,https://www.jleague.jp/image/clubs/ryukyu.svg,out,2026-06-01,佐藤 未勇,,1640637,,,,,,FW,FW,,,未定,契約満了,other,,,,,,false,
